# Blender 5.1.1
# www.blender.org
mtllib Miku.mtl
o Circle_Material.002_0
v 0.182554 0.320031 -0.069152
v 0.194583 0.391855 0.001971
v 0.187948 0.290280 0.002651
v 0.197229 0.320031 0.074056
v 0.194583 0.391855 0.001971
v 0.204960 0.391855 0.103234
v 0.206612 0.463679 0.073094
v 0.194583 0.391855 0.001971
v 0.201217 0.493429 0.001291
v 0.191937 0.463679 -0.070113
v 0.194583 0.391855 0.001971
v 0.184206 0.391855 -0.099292
v 0.184206 0.391855 -0.099292
v 0.194583 0.391855 0.001971
v 0.182554 0.320031 -0.069152
v 0.187948 0.290280 0.002651
v 0.194583 0.391855 0.001971
v 0.197229 0.320031 0.074056
v 0.204960 0.391855 0.103234
v 0.194583 0.391855 0.001971
v 0.206612 0.463679 0.073094
v 0.201217 0.493429 0.001291
v 0.194583 0.391855 0.001971
v 0.191937 0.463679 -0.070113
v -0.182554 0.320031 -0.069152
v -0.187948 0.290280 0.002651
v -0.194583 0.391855 0.001971
v -0.197229 0.320031 0.074056
v -0.204960 0.391855 0.103234
v -0.194583 0.391855 0.001971
v -0.206612 0.463679 0.073094
v -0.201217 0.493429 0.001291
v -0.194583 0.391855 0.001971
v -0.191937 0.463679 -0.070113
v -0.184206 0.391855 -0.099292
v -0.194583 0.391855 0.001971
v -0.184206 0.391855 -0.099292
v -0.182554 0.320031 -0.069152
v -0.194583 0.391855 0.001971
v -0.187948 0.290280 0.002651
v -0.197229 0.320031 0.074056
v -0.194583 0.391855 0.001971
v -0.204960 0.391855 0.103234
v -0.206612 0.463679 0.073094
v -0.194583 0.391855 0.001971
v -0.201217 0.493429 0.001291
v -0.191937 0.463679 -0.070113
v -0.194583 0.391855 0.001971
v 0.163394 0.103271 0.220712
v 0.177670 0.063775 0.217581
v 0.166216 0.067659 0.173012
v 0.153121 0.108286 0.180981
v 0.158723 0.025907 0.223888
v 0.121376 0.011719 0.234301
v 0.114958 0.016859 0.185690
v 0.148559 0.030550 0.175253
v 0.086504 0.027006 0.243321
v 0.071917 0.061579 0.246953
v 0.062743 0.062500 0.206860
v 0.080564 0.029909 0.198703
v 0.085139 0.097098 0.243155
v 0.122268 0.116380 0.232364
v 0.111478 0.121948 0.195094
v 0.073097 0.099378 0.205632
v 0.122268 0.116380 0.232364
v 0.163394 0.103271 0.220712
v 0.153121 0.108286 0.180981
v 0.111478 0.121948 0.195094
v 0.177670 0.063775 0.217581
v 0.158723 0.025907 0.223888
v 0.148559 0.030550 0.175253
v 0.166216 0.067659 0.173012
v 0.121376 0.011719 0.234301
v 0.086504 0.027006 0.243321
v 0.080564 0.029909 0.198703
v 0.114958 0.016859 0.185690
v 0.071917 0.061579 0.246953
v 0.085139 0.097098 0.243155
v 0.073097 0.099378 0.205632
v 0.062743 0.062500 0.206860
v 0.194456 0.059809 0.262413
v 0.179145 0.101945 0.265620
v 0.184133 0.105202 0.291676
v 0.202533 0.064577 0.286861
v 0.142931 0.002283 0.279991
v 0.178850 0.019514 0.268539
v 0.187268 0.021697 0.292001
v 0.147289 0.002570 0.304541
v 0.084258 0.057567 0.297047
v 0.104563 0.017097 0.291543
v 0.106317 0.018956 0.317511
v 0.088173 0.060574 0.322984
v 0.138123 0.120089 0.278034
v 0.097357 0.101236 0.291739
v 0.103506 0.102462 0.317174
v 0.143203 0.120514 0.303983
v 0.179145 0.101945 0.265620
v 0.138123 0.120089 0.278034
v 0.143203 0.120514 0.303983
v 0.184133 0.105202 0.291676
v 0.178850 0.019514 0.268539
v 0.194456 0.059809 0.262413
v 0.202533 0.064577 0.286861
v 0.187268 0.021697 0.292001
v 0.104563 0.017097 0.291543
v 0.142931 0.002283 0.279991
v 0.147289 0.002570 0.304541
v 0.106317 0.018956 0.317511
v 0.097357 0.101236 0.291739
v 0.084258 0.057567 0.297047
v 0.088173 0.060574 0.322984
v 0.103506 0.102462 0.317174
v 0.143203 0.120514 0.303983
v 0.146638 0.117683 0.312199
v 0.185669 0.102296 0.299907
v 0.184133 0.105202 0.291676
v 0.202533 0.064577 0.286861
v 0.202913 0.062481 0.294558
v 0.188271 0.021561 0.299287
v 0.187268 0.021697 0.292001
v 0.147289 0.002570 0.304541
v 0.150319 0.003506 0.311323
v 0.111288 0.018893 0.323615
v 0.106317 0.018956 0.317511
v 0.088173 0.060574 0.322984
v 0.094044 0.058708 0.328963
v 0.108686 0.099628 0.324234
v 0.103506 0.102462 0.317174
v 0.184133 0.105202 0.291676
v 0.185669 0.102296 0.299907
v 0.202913 0.062481 0.294558
v 0.202533 0.064577 0.286861
v 0.187268 0.021697 0.292001
v 0.188271 0.021561 0.299287
v 0.150319 0.003506 0.311323
v 0.147289 0.002570 0.304541
v 0.106317 0.018956 0.317511
v 0.111288 0.018893 0.323615
v 0.094044 0.058708 0.328963
v 0.088173 0.060574 0.322984
v 0.084258 0.057567 0.297047
v 0.097357 0.101236 0.291739
v 0.085139 0.097098 0.243155
v 0.071917 0.061579 0.246953
v 0.142931 0.002283 0.279991
v 0.104563 0.017097 0.291543
v 0.086504 0.027006 0.243321
v 0.121376 0.011719 0.234301
v 0.194456 0.059809 0.262413
v 0.178850 0.019514 0.268539
v 0.158723 0.025907 0.223888
v 0.177670 0.063775 0.217581
v 0.138123 0.120089 0.278034
v 0.179145 0.101945 0.265620
v 0.163394 0.103271 0.220712
v 0.122268 0.116380 0.232364
v 0.097357 0.101236 0.291739
v 0.138123 0.120089 0.278034
v 0.122268 0.116380 0.232364
v 0.085139 0.097098 0.243155
v 0.104563 0.017097 0.291543
v 0.084258 0.057567 0.297047
v 0.071917 0.061579 0.246953
v 0.086504 0.027006 0.243321
v 0.178850 0.019514 0.268539
v 0.142931 0.002283 0.279991
v 0.121376 0.011719 0.234301
v 0.158723 0.025907 0.223888
v 0.179145 0.101945 0.265620
v 0.194456 0.059809 0.262413
v 0.177670 0.063775 0.217581
v 0.163394 0.103271 0.220712
v 0.148244 0.065886 0.007982
v 0.103217 0.026919 0.016655
v 0.075759 0.048207 -0.068322
v 0.127456 0.057830 -0.042068
v 0.103217 0.026919 0.016655
v 0.062817 0.019663 0.016458
v 0.033154 0.041930 -0.083369
v 0.075759 0.048207 -0.068322
v 0.062817 0.019663 0.016458
v 0.000000 0.027449 0.004120
v 0.000000 0.040407 -0.084461
v 0.033154 0.041930 -0.083369
v 0.000000 0.015730 0.103324
v 0.070243 0.015605 0.109777
v 0.042844 0.029333 0.145857
v 0.000000 0.038493 0.132264
v 0.107599 0.023158 0.100235
v 0.070243 0.015605 0.109777
v 0.062817 0.019663 0.016458
v 0.103217 0.026919 0.016655
v 0.164561 0.077769 0.103014
v 0.107599 0.023158 0.100235
v 0.103217 0.026919 0.016655
v 0.148244 0.065886 0.007982
v 0.075759 0.048207 -0.068322
v 0.033154 0.041930 -0.083369
v 0.032422 0.086710 -0.093768
v 0.077474 0.093964 -0.082634
v 0.098581 0.129000 0.132930
v 0.164561 0.077769 0.103014
v 0.151333 0.133437 0.080862
v 0.086143 0.159143 0.121814
v 0.148244 0.065886 0.007982
v 0.127456 0.057830 -0.042068
v 0.133798 0.106017 -0.047447
v 0.143482 0.120152 0.011574
v 0.000000 0.152511 0.154239
v 0.000000 0.130018 0.161008
v 0.041680 0.140161 0.159248
v 0.036911 0.162764 0.144134
v 0.164561 0.077769 0.103014
v 0.148244 0.065886 0.007982
v 0.143482 0.120152 0.011574
v 0.151333 0.133437 0.080862
v 0.127456 0.057830 -0.042068
v 0.075759 0.048207 -0.068322
v 0.077474 0.093964 -0.082634
v 0.133798 0.106017 -0.047447
v 0.041680 0.140161 0.159248
v 0.098581 0.129000 0.132930
v 0.086143 0.159143 0.121814
v 0.036911 0.162764 0.144134
v 0.033154 0.041930 -0.083369
v 0.000000 0.040407 -0.084461
v 0.000000 0.084816 -0.095747
v 0.032422 0.086710 -0.093768
v 0.037311 0.112243 0.170871
v 0.041680 0.140161 0.159248
v 0.000000 0.130018 0.161008
v 0.000000 0.108592 0.158796
v 0.037311 0.073197 0.161277
v 0.037311 0.112243 0.170871
v 0.000000 0.108592 0.158796
v 0.000000 0.080217 0.155989
v 0.000000 0.038493 0.132264
v 0.042844 0.029333 0.145857
v 0.037311 0.073197 0.161277
v 0.000000 0.080217 0.155989
v 0.070243 0.015605 0.109777
v 0.000000 0.015730 0.103324
v 0.000000 0.027449 0.004120
v 0.062817 0.019663 0.016458
v 0.103506 0.102462 0.317174
v 0.108686 0.099628 0.324234
v 0.146638 0.117683 0.312199
v 0.143203 0.120514 0.303983
v -0.163394 0.103271 0.220712
v -0.153121 0.108286 0.180981
v -0.166216 0.067659 0.173012
v -0.177670 0.063775 0.217581
v -0.158723 0.025907 0.223888
v -0.148559 0.030550 0.175253
v -0.114958 0.016859 0.185690
v -0.121376 0.011719 0.234301
v -0.086504 0.027006 0.243321
v -0.080564 0.029909 0.198703
v -0.062743 0.062500 0.206860
v -0.071917 0.061579 0.246953
v -0.085139 0.097098 0.243155
v -0.073097 0.099378 0.205632
v -0.111478 0.121948 0.195094
v -0.122268 0.116380 0.232364
v -0.122268 0.116380 0.232364
v -0.111478 0.121948 0.195094
v -0.153121 0.108286 0.180981
v -0.163394 0.103271 0.220712
v -0.177670 0.063775 0.217581
v -0.166216 0.067659 0.173012
v -0.148559 0.030550 0.175253
v -0.158723 0.025907 0.223888
v -0.121376 0.011719 0.234301
v -0.114958 0.016859 0.185690
v -0.080564 0.029909 0.198703
v -0.086504 0.027006 0.243321
v -0.071917 0.061579 0.246953
v -0.062743 0.062500 0.206860
v -0.073097 0.099378 0.205632
v -0.085139 0.097098 0.243155
v -0.194456 0.059809 0.262413
v -0.202533 0.064577 0.286861
v -0.184133 0.105202 0.291676
v -0.179145 0.101945 0.265620
v -0.142931 0.002283 0.279991
v -0.147289 0.002570 0.304541
v -0.187268 0.021697 0.292001
v -0.178850 0.019514 0.268539
v -0.084258 0.057567 0.297047
v -0.088173 0.060574 0.322984
v -0.106317 0.018956 0.317511
v -0.104563 0.017097 0.291543
v -0.138123 0.120089 0.278034
v -0.143203 0.120514 0.303983
v -0.103506 0.102462 0.317174
v -0.097357 0.101236 0.291739
v -0.179145 0.101945 0.265620
v -0.184133 0.105202 0.291676
v -0.143203 0.120514 0.303983
v -0.138123 0.120089 0.278034
v -0.178850 0.019514 0.268539
v -0.187268 0.021697 0.292001
v -0.202533 0.064577 0.286861
v -0.194456 0.059809 0.262413
v -0.104563 0.017097 0.291543
v -0.106317 0.018956 0.317511
v -0.147289 0.002570 0.304541
v -0.142931 0.002283 0.279991
v -0.097357 0.101236 0.291739
v -0.103506 0.102462 0.317174
v -0.088173 0.060574 0.322984
v -0.084258 0.057567 0.297047
v -0.143203 0.120514 0.303983
v -0.184133 0.105202 0.291676
v -0.185669 0.102296 0.299907
v -0.146638 0.117683 0.312199
v -0.202533 0.064577 0.286861
v -0.187268 0.021697 0.292001
v -0.188271 0.021561 0.299287
v -0.202913 0.062481 0.294558
v -0.147289 0.002570 0.304541
v -0.106317 0.018956 0.317511
v -0.111288 0.018893 0.323615
v -0.150319 0.003506 0.311323
v -0.088173 0.060574 0.322984
v -0.103506 0.102462 0.317174
v -0.108686 0.099628 0.324234
v -0.094044 0.058708 0.328963
v -0.184133 0.105202 0.291676
v -0.202533 0.064577 0.286861
v -0.202913 0.062481 0.294558
v -0.185669 0.102296 0.299907
v -0.187268 0.021697 0.292001
v -0.147289 0.002570 0.304541
v -0.150319 0.003506 0.311323
v -0.188271 0.021561 0.299287
v -0.106317 0.018956 0.317511
v -0.088173 0.060574 0.322984
v -0.094044 0.058708 0.328963
v -0.111288 0.018893 0.323615
v -0.084258 0.057567 0.297047
v -0.071917 0.061579 0.246953
v -0.085139 0.097098 0.243155
v -0.097357 0.101236 0.291739
v -0.142931 0.002283 0.279991
v -0.121376 0.011719 0.234301
v -0.086504 0.027006 0.243321
v -0.104563 0.017097 0.291543
v -0.194456 0.059809 0.262413
v -0.177670 0.063775 0.217581
v -0.158723 0.025907 0.223888
v -0.178850 0.019514 0.268539
v -0.138123 0.120089 0.278034
v -0.122268 0.116380 0.232364
v -0.163394 0.103271 0.220712
v -0.179145 0.101945 0.265620
v -0.097357 0.101236 0.291739
v -0.085139 0.097098 0.243155
v -0.122268 0.116380 0.232364
v -0.138123 0.120089 0.278034
v -0.104563 0.017097 0.291543
v -0.086504 0.027006 0.243321
v -0.071917 0.061579 0.246953
v -0.084258 0.057567 0.297047
v -0.178850 0.019514 0.268539
v -0.158723 0.025907 0.223888
v -0.121376 0.011719 0.234301
v -0.142931 0.002283 0.279991
v -0.179145 0.101945 0.265620
v -0.163394 0.103271 0.220712
v -0.177670 0.063775 0.217581
v -0.194456 0.059809 0.262413
v -0.148244 0.065886 0.007982
v -0.127456 0.057830 -0.042068
v -0.075759 0.048207 -0.068322
v -0.103217 0.026919 0.016655
v -0.103217 0.026919 0.016655
v -0.075759 0.048207 -0.068322
v -0.033154 0.041930 -0.083369
v -0.062817 0.019663 0.016458
v -0.062817 0.019663 0.016458
v -0.033154 0.041930 -0.083369
v 0.000000 0.040407 -0.084461
v 0.000000 0.027449 0.004120
v 0.000000 0.015730 0.103324
v 0.000000 0.038493 0.132264
v -0.042844 0.029333 0.145857
v -0.070243 0.015605 0.109777
v -0.107599 0.023158 0.100235
v -0.103217 0.026919 0.016655
v -0.062817 0.019663 0.016458
v -0.070243 0.015605 0.109777
v -0.164561 0.077769 0.103014
v -0.148244 0.065886 0.007982
v -0.103217 0.026919 0.016655
v -0.107599 0.023158 0.100235
v -0.075759 0.048207 -0.068322
v -0.077474 0.093964 -0.082634
v -0.032422 0.086710 -0.093768
v -0.033154 0.041930 -0.083369
v -0.098581 0.129000 0.132930
v -0.086143 0.159143 0.121814
v -0.151333 0.133437 0.080862
v -0.164561 0.077769 0.103014
v -0.148244 0.065886 0.007982
v -0.143482 0.120152 0.011574
v -0.133798 0.106017 -0.047447
v -0.127456 0.057830 -0.042068
v 0.000000 0.152511 0.154239
v -0.036911 0.162764 0.144134
v -0.041680 0.140161 0.159248
v 0.000000 0.130018 0.161008
v -0.164561 0.077769 0.103014
v -0.151333 0.133437 0.080862
v -0.143482 0.120152 0.011574
v -0.148244 0.065886 0.007982
v -0.127456 0.057830 -0.042068
v -0.133798 0.106017 -0.047447
v -0.077474 0.093964 -0.082634
v -0.075759 0.048207 -0.068322
v -0.041680 0.140161 0.159248
v -0.036911 0.162764 0.144134
v -0.086143 0.159143 0.121814
v -0.098581 0.129000 0.132930
v -0.033154 0.041930 -0.083369
v -0.032422 0.086710 -0.093768
v 0.000000 0.084816 -0.095747
v 0.000000 0.040407 -0.084461
v -0.037311 0.112243 0.170871
v 0.000000 0.108592 0.158796
v 0.000000 0.130018 0.161008
v -0.041680 0.140161 0.159248
v -0.037311 0.073197 0.161277
v 0.000000 0.080217 0.155989
v 0.000000 0.108592 0.158796
v -0.037311 0.112243 0.170871
v 0.000000 0.038493 0.132264
v 0.000000 0.080217 0.155989
v -0.037311 0.073197 0.161277
v -0.042844 0.029333 0.145857
v -0.070243 0.015605 0.109777
v -0.062817 0.019663 0.016458
v 0.000000 0.027449 0.004120
v 0.000000 0.015730 0.103324
v -0.103506 0.102462 0.317174
v -0.143203 0.120514 0.303983
v -0.146638 0.117683 0.312199
v -0.108686 0.099628 0.324234
v 0.172745 0.594435 -0.050521
v 0.206202 0.499264 -0.047578
v 0.242202 0.511818 -0.050896
v 0.208745 0.606988 -0.053839
v 0.180029 0.600104 0.049979
v 0.172745 0.594435 -0.050521
v 0.208745 0.606988 -0.053839
v 0.216029 0.612657 0.046661
v 0.236738 0.482455 -0.074149
v 0.186572 0.625151 -0.078562
v 0.198572 0.629336 -0.079667
v 0.248738 0.486640 -0.075254
v 0.197494 0.633651 0.072126
v 0.247660 0.490955 0.076539
v 0.259660 0.495140 0.075433
v 0.209494 0.637836 0.071020
v 0.247660 0.490955 0.076539
v 0.236738 0.482455 -0.074149
v 0.248738 0.486640 -0.075254
v 0.259660 0.495140 0.075433
v 0.186572 0.625151 -0.078562
v 0.197494 0.633651 0.072126
v 0.209494 0.637836 0.071020
v 0.198572 0.629336 -0.079667
v 0.162572 0.616782 -0.076350
v 0.173494 0.625282 0.074337
v 0.185494 0.629467 0.073231
v 0.174572 0.620967 -0.077456
v 0.174572 0.620967 -0.077456
v 0.185494 0.629467 0.073231
v 0.186716 0.625961 0.069717
v 0.176315 0.617866 -0.073783
v 0.223660 0.482586 0.078750
v 0.212737 0.474086 -0.071937
v 0.224737 0.478271 -0.073043
v 0.235660 0.486771 0.077645
v 0.235660 0.486771 0.077645
v 0.224737 0.478271 -0.073043
v 0.224088 0.481976 -0.069581
v 0.234489 0.490071 0.073919
v 0.173494 0.625282 0.074337
v 0.223660 0.482586 0.078750
v 0.235660 0.486771 0.077645
v 0.185494 0.629467 0.073231
v 0.185494 0.629467 0.073231
v 0.235660 0.486771 0.077645
v 0.234489 0.490071 0.073919
v 0.186716 0.625961 0.069717
v 0.212737 0.474086 -0.071937
v 0.162572 0.616782 -0.076350
v 0.174572 0.620967 -0.077456
v 0.224737 0.478271 -0.073043
v 0.224737 0.478271 -0.073043
v 0.174572 0.620967 -0.077456
v 0.176315 0.617866 -0.073783
v 0.224088 0.481976 -0.069581
v 0.186572 0.625151 -0.078562
v 0.236738 0.482455 -0.074149
v 0.235515 0.485961 -0.070634
v 0.187743 0.621851 -0.074836
v 0.247660 0.490955 0.076539
v 0.197494 0.633651 0.072126
v 0.198144 0.629945 0.068663
v 0.245917 0.494056 0.072866
v 0.236738 0.482455 -0.074149
v 0.247660 0.490955 0.076539
v 0.245917 0.494056 0.072866
v 0.235515 0.485961 -0.070634
v 0.197494 0.633651 0.072126
v 0.186572 0.625151 -0.078562
v 0.187743 0.621851 -0.074836
v 0.198144 0.629945 0.068663
v 0.172745 0.594435 -0.050521
v 0.180029 0.600104 0.049979
v 0.173494 0.625282 0.074337
v 0.162572 0.616782 -0.076350
v 0.180029 0.600104 0.049979
v 0.213487 0.504934 0.052922
v 0.223660 0.482586 0.078750
v 0.173494 0.625282 0.074337
v 0.213487 0.504934 0.052922
v 0.206202 0.499264 -0.047578
v 0.212737 0.474086 -0.071937
v 0.223660 0.482586 0.078750
v 0.206202 0.499264 -0.047578
v 0.172745 0.594435 -0.050521
v 0.162572 0.616782 -0.076350
v 0.212737 0.474086 -0.071937
v 0.216029 0.612657 0.046661
v 0.208745 0.606988 -0.053839
v 0.198572 0.629336 -0.079667
v 0.209494 0.637836 0.071020
v 0.249487 0.517487 0.049604
v 0.216029 0.612657 0.046661
v 0.209494 0.637836 0.071020
v 0.259660 0.495140 0.075433
v 0.242202 0.511818 -0.050896
v 0.249487 0.517487 0.049604
v 0.259660 0.495140 0.075433
v 0.248738 0.486640 -0.075254
v 0.208745 0.606988 -0.053839
v 0.242202 0.511818 -0.050896
v 0.248738 0.486640 -0.075254
v 0.198572 0.629336 -0.079667
v 0.206202 0.499264 -0.047578
v 0.213487 0.504934 0.052922
v 0.249487 0.517487 0.049604
v 0.242202 0.511818 -0.050896
v 0.213487 0.504934 0.052922
v 0.180029 0.600104 0.049979
v 0.216029 0.612657 0.046661
v 0.249487 0.517487 0.049604
v -0.172745 0.594435 -0.050521
v -0.208745 0.606988 -0.053839
v -0.242202 0.511818 -0.050896
v -0.206202 0.499264 -0.047578
v -0.180029 0.600104 0.049979
v -0.216029 0.612657 0.046661
v -0.208745 0.606988 -0.053839
v -0.172745 0.594435 -0.050521
v -0.236738 0.482455 -0.074149
v -0.248738 0.486640 -0.075254
v -0.198572 0.629336 -0.079667
v -0.186572 0.625151 -0.078562
v -0.197494 0.633651 0.072126
v -0.209494 0.637836 0.071020
v -0.259660 0.495140 0.075433
v -0.247660 0.490955 0.076539
v -0.247660 0.490955 0.076539
v -0.259660 0.495140 0.075433
v -0.248738 0.486640 -0.075254
v -0.236738 0.482455 -0.074149
v -0.186572 0.625151 -0.078562
v -0.198572 0.629336 -0.079667
v -0.209494 0.637836 0.071020
v -0.197494 0.633651 0.072126
v -0.162572 0.616782 -0.076350
v -0.174572 0.620967 -0.077456
v -0.185494 0.629467 0.073231
v -0.173494 0.625282 0.074337
v -0.174572 0.620967 -0.077456
v -0.176315 0.617866 -0.073783
v -0.186716 0.625961 0.069717
v -0.185494 0.629467 0.073231
v -0.223660 0.482586 0.078750
v -0.235660 0.486771 0.077645
v -0.224737 0.478271 -0.073043
v -0.212737 0.474086 -0.071937
v -0.235660 0.486771 0.077645
v -0.234489 0.490071 0.073919
v -0.224088 0.481976 -0.069581
v -0.224737 0.478271 -0.073043
v -0.173494 0.625282 0.074337
v -0.185494 0.629467 0.073231
v -0.235660 0.486771 0.077645
v -0.223660 0.482586 0.078750
v -0.185494 0.629467 0.073231
v -0.186716 0.625961 0.069717
v -0.234489 0.490071 0.073919
v -0.235660 0.486771 0.077645
v -0.212737 0.474086 -0.071937
v -0.224737 0.478271 -0.073043
v -0.174572 0.620967 -0.077456
v -0.162572 0.616782 -0.076350
v -0.224737 0.478271 -0.073043
v -0.224088 0.481976 -0.069581
v -0.176315 0.617866 -0.073783
v -0.174572 0.620967 -0.077456
v -0.186572 0.625151 -0.078562
v -0.187743 0.621851 -0.074836
v -0.235515 0.485961 -0.070634
v -0.236738 0.482455 -0.074149
v -0.247660 0.490955 0.076539
v -0.245917 0.494056 0.072866
v -0.198144 0.629945 0.068663
v -0.197494 0.633651 0.072126
v -0.236738 0.482455 -0.074149
v -0.235515 0.485961 -0.070634
v -0.245917 0.494056 0.072866
v -0.247660 0.490955 0.076539
v -0.197494 0.633651 0.072126
v -0.198144 0.629945 0.068663
v -0.187743 0.621851 -0.074836
v -0.186572 0.625151 -0.078562
v -0.172745 0.594435 -0.050521
v -0.162572 0.616782 -0.076350
v -0.173494 0.625282 0.074337
v -0.180029 0.600104 0.049979
v -0.180029 0.600104 0.049979
v -0.173494 0.625282 0.074337
v -0.223660 0.482586 0.078750
v -0.213487 0.504934 0.052922
v -0.213487 0.504934 0.052922
v -0.223660 0.482586 0.078750
v -0.212737 0.474086 -0.071937
v -0.206202 0.499264 -0.047578
v -0.206202 0.499264 -0.047578
v -0.212737 0.474086 -0.071937
v -0.162572 0.616782 -0.076350
v -0.172745 0.594435 -0.050521
v -0.216029 0.612657 0.046661
v -0.209494 0.637836 0.071020
v -0.198572 0.629336 -0.079667
v -0.208745 0.606988 -0.053839
v -0.249487 0.517487 0.049604
v -0.259660 0.495140 0.075433
v -0.209494 0.637836 0.071020
v -0.216029 0.612657 0.046661
v -0.242202 0.511818 -0.050896
v -0.248738 0.486640 -0.075254
v -0.259660 0.495140 0.075433
v -0.249487 0.517487 0.049604
v -0.208745 0.606988 -0.053839
v -0.198572 0.629336 -0.079667
v -0.248738 0.486640 -0.075254
v -0.242202 0.511818 -0.050896
v -0.206202 0.499264 -0.047578
v -0.242202 0.511818 -0.050896
v -0.249487 0.517487 0.049604
v -0.213487 0.504934 0.052922
v -0.213487 0.504934 0.052922
v -0.249487 0.517487 0.049604
v -0.216029 0.612657 0.046661
v -0.180029 0.600104 0.049979
v 0.170544 0.171405 0.109930
v 0.146138 0.140507 0.093621
v 0.197857 0.090123 0.093742
v 0.223611 0.122729 0.110953
v 0.205059 0.215101 0.054246
v 0.194950 0.202303 0.093621
v 0.249366 0.155335 0.093742
v 0.260034 0.168841 0.052192
v 0.170544 0.171405 -0.001438
v 0.194950 0.202303 0.014872
v 0.249366 0.155335 0.010641
v 0.223611 0.122729 -0.006569
v 0.146138 0.140506 0.014872
v 0.170544 0.171405 -0.001438
v 0.223611 0.122729 -0.006569
v 0.197857 0.090123 0.010641
v 0.146138 0.140507 0.093621
v 0.136029 0.127708 0.054246
v 0.187189 0.076618 0.052192
v 0.197857 0.090123 0.093742
v 0.194950 0.202303 0.093621
v 0.170544 0.171405 0.109930
v 0.223611 0.122729 0.110953
v 0.249366 0.155335 0.093742
v 0.194950 0.202303 0.014872
v 0.205059 0.215101 0.054246
v 0.260034 0.168841 0.052192
v 0.249366 0.155335 0.010641
v 0.136029 0.127708 0.054246
v 0.146138 0.140506 0.014872
v 0.197857 0.090123 0.010641
v 0.187189 0.076618 0.052192
v -0.170544 0.171405 0.109930
v -0.223611 0.122729 0.110953
v -0.197857 0.090123 0.093742
v -0.146138 0.140507 0.093621
v -0.205059 0.215101 0.054246
v -0.260034 0.168841 0.052192
v -0.249366 0.155335 0.093742
v -0.194950 0.202303 0.093621
v -0.170544 0.171405 -0.001438
v -0.223611 0.122729 -0.006569
v -0.249366 0.155335 0.010641
v -0.194950 0.202303 0.014872
v -0.146138 0.140506 0.014872
v -0.197857 0.090123 0.010641
v -0.223611 0.122729 -0.006569
v -0.170544 0.171405 -0.001438
v -0.146138 0.140507 0.093621
v -0.197857 0.090123 0.093742
v -0.187189 0.076618 0.052192
v -0.136029 0.127708 0.054246
v -0.194950 0.202303 0.093621
v -0.249366 0.155335 0.093742
v -0.223611 0.122729 0.110953
v -0.170544 0.171405 0.109930
v -0.194950 0.202303 0.014872
v -0.249366 0.155335 0.010641
v -0.260034 0.168841 0.052192
v -0.205059 0.215101 0.054246
v -0.136029 0.127708 0.054246
v -0.187189 0.076618 0.052192
v -0.197857 0.090123 0.010641
v -0.146138 0.140506 0.014872
v -0.194613 0.062255 0.083095
v -0.187464 0.077429 0.129196
v -0.154404 0.101164 0.107687
v -0.162274 0.088865 0.065557
v -0.187464 0.077429 0.129196
v -0.170113 0.100377 0.173950
v -0.137807 0.118020 0.147108
v -0.154404 0.101164 0.107687
v -0.154404 0.101164 0.107687
v -0.137807 0.118020 0.147108
v -0.094893 0.141001 0.112564
v -0.111171 0.132079 0.079945
v -0.162274 0.088865 0.065557
v -0.154404 0.101164 0.107687
v -0.111171 0.132079 0.079945
v -0.120006 0.123562 0.042928
v 0.164821 0.104927 0.168379
v 0.176010 0.077679 0.127110
v 0.141627 0.101924 0.111988
v 0.130276 0.121732 0.148200
v 0.176010 0.077679 0.127110
v 0.174204 0.055101 0.079216
v 0.142523 0.084471 0.071141
v 0.141627 0.101924 0.111988
v 0.141627 0.101924 0.111988
v 0.142523 0.084471 0.071141
v 0.098870 0.122651 0.061060
v 0.094980 0.133439 0.092475
v 0.130276 0.121732 0.148200
v 0.141627 0.101924 0.111988
v 0.094980 0.133439 0.092475
v 0.083665 0.143497 0.121761
v 0.073856 0.045669 -0.097986
v 0.026385 0.045043 -0.109811
v 0.021209 0.069924 -0.088573
v 0.058106 0.070536 -0.078472
v 0.026385 0.045043 -0.109811
v -0.024095 0.044688 -0.110177
v -0.017485 0.069300 -0.087956
v 0.021209 0.069924 -0.088573
v 0.021209 0.069924 -0.088573
v -0.017485 0.069300 -0.087956
v -0.009139 0.101299 -0.058824
v 0.014324 0.102256 -0.060620
v 0.058106 0.070536 -0.078472
v 0.021209 0.069924 -0.088573
v 0.014324 0.102256 -0.060620
v 0.037521 0.102924 -0.052677
v -0.171060 0.052996 -0.010318
v -0.188259 0.055307 0.035665
v -0.156287 0.081255 0.021045
v -0.139941 0.076926 -0.018933
v -0.188259 0.055307 0.035665
v -0.194613 0.062255 0.083095
v -0.162274 0.088865 0.065557
v -0.156287 0.081255 0.021045
v -0.156287 0.081255 0.021045
v -0.162274 0.088865 0.065557
v -0.120006 0.123562 0.042928
v -0.114463 0.115263 0.002188
v -0.139941 0.076926 -0.018933
v -0.156287 0.081255 0.021045
v -0.114463 0.115263 0.002188
v -0.099270 0.108439 -0.030004
v 0.097651 0.126559 0.234324
v 0.137644 0.125656 0.205374
v 0.107746 0.136908 0.180027
v 0.076661 0.137239 0.203866
v 0.137644 0.125656 0.205374
v 0.164821 0.104927 0.168379
v 0.130276 0.121732 0.148200
v 0.107746 0.136908 0.180027
v 0.107746 0.136908 0.180027
v 0.130276 0.121732 0.148200
v 0.083665 0.143497 0.121761
v 0.066054 0.151046 0.146565
v 0.076661 0.137239 0.203866
v 0.107746 0.136908 0.180027
v 0.066054 0.151046 0.146565
v 0.045655 0.150123 0.163628
v -0.110208 0.132761 0.247307
v -0.060884 0.108572 0.260023
v -0.047878 0.121842 0.221233
v -0.088766 0.140310 0.210144
v -0.060884 0.108572 0.260023
v -0.004895 0.088039 0.259379
v -0.002158 0.106782 0.221601
v -0.047878 0.121842 0.221233
v -0.047878 0.121842 0.221233
v -0.002158 0.106782 0.221601
v 0.001060 0.129882 0.172330
v -0.028854 0.138220 0.171113
v -0.088766 0.140310 0.210144
v -0.047878 0.121842 0.221233
v -0.028854 0.138220 0.171113
v -0.057569 0.149737 0.162448
v 0.142873 0.043473 -0.030194
v 0.113098 0.044688 -0.071529
v 0.090840 0.069851 -0.054289
v 0.116911 0.070073 -0.018149
v 0.113098 0.044688 -0.071529
v 0.073856 0.045669 -0.097986
v 0.058106 0.070536 -0.078472
v 0.090840 0.069851 -0.054289
v 0.090840 0.069851 -0.054289
v 0.058106 0.070536 -0.078472
v 0.037521 0.102924 -0.052677
v 0.061580 0.102816 -0.031399
v 0.116911 0.070073 -0.018149
v 0.090840 0.069851 -0.054289
v 0.061580 0.102816 -0.031399
v 0.082210 0.105002 -0.001981
v -0.113395 0.049281 -0.082790
v -0.146249 0.051398 -0.051229
v -0.117760 0.074241 -0.047857
v -0.089746 0.072191 -0.067389
v -0.146249 0.051398 -0.051229
v -0.171060 0.052996 -0.010318
v -0.139941 0.076926 -0.018933
v -0.117760 0.074241 -0.047857
v -0.117760 0.074241 -0.047857
v -0.139941 0.076926 -0.018933
v -0.099270 0.108439 -0.030004
v -0.080643 0.104265 -0.043378
v -0.089746 0.072191 -0.067389
v -0.117760 0.074241 -0.047857
v -0.080643 0.104265 -0.043378
v -0.059089 0.102139 -0.047277
v -0.004895 0.088039 0.259379
v 0.049185 0.103113 0.251490
v 0.039880 0.118891 0.216688
v -0.002158 0.106782 0.221601
v 0.049185 0.103113 0.251490
v 0.097651 0.126559 0.234324
v 0.076661 0.137239 0.203866
v 0.039880 0.118891 0.216688
v 0.039880 0.118891 0.216688
v 0.076661 0.137239 0.203866
v 0.045655 0.150123 0.163628
v 0.025092 0.138101 0.170932
v -0.002158 0.106782 0.221601
v 0.039880 0.118891 0.216688
v 0.025092 0.138101 0.170932
v 0.001060 0.129882 0.172330
v -0.170113 0.100377 0.173950
v -0.145628 0.125764 0.216176
v -0.117418 0.136037 0.183518
v -0.137807 0.118020 0.147108
v -0.145628 0.125764 0.216176
v -0.110208 0.132761 0.247307
v -0.088766 0.140310 0.210144
v -0.117418 0.136037 0.183518
v -0.117418 0.136037 0.183518
v -0.088766 0.140310 0.210144
v -0.057569 0.149737 0.162448
v -0.078293 0.149313 0.141627
v -0.137807 0.118020 0.147108
v -0.117418 0.136037 0.183518
v -0.078293 0.149313 0.141627
v -0.094893 0.141001 0.112564
v 0.174204 0.055101 0.079216
v 0.163081 0.044965 0.023539
v 0.134238 0.074143 0.025842
v 0.142523 0.084471 0.071141
v 0.163081 0.044965 0.023539
v 0.142873 0.043473 -0.030194
v 0.116911 0.070073 -0.018149
v 0.134238 0.074143 0.025842
v 0.134238 0.074143 0.025842
v 0.116911 0.070073 -0.018149
v 0.082210 0.105002 -0.001981
v 0.094798 0.112263 0.029353
v 0.142523 0.084471 0.071141
v 0.134238 0.074143 0.025842
v 0.094798 0.112263 0.029353
v 0.098870 0.122651 0.061060
v -0.024095 0.044688 -0.110177
v -0.071893 0.046513 -0.101819
v -0.055491 0.070264 -0.080590
v -0.017485 0.069300 -0.087956
v -0.071893 0.046513 -0.101819
v -0.113395 0.049281 -0.082790
v -0.089746 0.072191 -0.067389
v -0.055491 0.070264 -0.080590
v -0.055491 0.070264 -0.080590
v -0.089746 0.072191 -0.067389
v -0.059089 0.102139 -0.047277
v -0.034389 0.101196 -0.052844
v -0.017485 0.069300 -0.087956
v -0.055491 0.070264 -0.080590
v -0.034389 0.101196 -0.052844
v -0.009139 0.101299 -0.058824
v 0.204960 0.391855 0.103234
v 0.206612 0.463679 0.073094
v 0.245088 0.461139 0.069151
v 0.243436 0.389315 0.099291
v 0.201217 0.493429 0.001291
v 0.191937 0.463679 -0.070113
v 0.230412 0.461139 -0.074056
v 0.239693 0.490890 -0.002651
v 0.182554 0.320031 -0.069152
v 0.187948 0.290280 0.002651
v 0.226424 0.287741 -0.001292
v 0.221030 0.317491 -0.073094
v 0.197229 0.320031 0.074056
v 0.204960 0.391855 0.103234
v 0.243436 0.389315 0.099291
v 0.235705 0.317491 0.070113
v 0.206612 0.463679 0.073094
v 0.201217 0.493429 0.001291
v 0.239693 0.490890 -0.002651
v 0.245088 0.461139 0.069151
v 0.191937 0.463679 -0.070113
v 0.184206 0.391855 -0.099292
v 0.222682 0.389315 -0.103234
v 0.230412 0.461139 -0.074056
v 0.184206 0.391855 -0.099292
v 0.182554 0.320031 -0.069152
v 0.221030 0.317491 -0.073094
v 0.222682 0.389315 -0.103234
v 0.187948 0.290280 0.002651
v 0.197229 0.320031 0.074056
v 0.235705 0.317491 0.070113
v 0.226424 0.287741 -0.001292
v 0.221030 0.317491 -0.073094
v 0.226424 0.287741 -0.001292
v 0.227771 0.308359 -0.001430
v 0.223471 0.332071 -0.058657
v 0.235705 0.317491 0.070113
v 0.243436 0.389315 0.099291
v 0.241329 0.389315 0.078736
v 0.235168 0.332071 0.055480
v 0.245088 0.461139 0.069151
v 0.239693 0.490890 -0.002651
v 0.238346 0.470271 -0.002513
v 0.242646 0.446560 0.054714
v 0.230412 0.461139 -0.074056
v 0.222682 0.389315 -0.103234
v 0.224788 0.389315 -0.082679
v 0.230949 0.446559 -0.059424
v 0.222682 0.389315 -0.103234
v 0.221030 0.317491 -0.073094
v 0.223471 0.332071 -0.058657
v 0.224788 0.389315 -0.082679
v 0.226424 0.287741 -0.001292
v 0.235705 0.317491 0.070113
v 0.235168 0.332071 0.055480
v 0.227771 0.308359 -0.001430
v 0.243436 0.389315 0.099291
v 0.245088 0.461139 0.069151
v 0.242646 0.446560 0.054714
v 0.241329 0.389315 0.078736
v 0.239693 0.490890 -0.002651
v 0.230412 0.461139 -0.074056
v 0.230949 0.446559 -0.059424
v 0.238346 0.470271 -0.002513
v -0.204960 0.391855 0.103234
v -0.243436 0.389315 0.099291
v -0.245088 0.461139 0.069151
v -0.206612 0.463679 0.073094
v -0.201217 0.493429 0.001291
v -0.239693 0.490890 -0.002651
v -0.230412 0.461139 -0.074056
v -0.191937 0.463679 -0.070113
v -0.182554 0.320031 -0.069152
v -0.221030 0.317491 -0.073094
v -0.226424 0.287741 -0.001292
v -0.187948 0.290280 0.002651
v -0.197229 0.320031 0.074056
v -0.235705 0.317491 0.070113
v -0.243436 0.389315 0.099291
v -0.204960 0.391855 0.103234
v -0.206612 0.463679 0.073094
v -0.245088 0.461139 0.069151
v -0.239693 0.490890 -0.002651
v -0.201217 0.493429 0.001291
v -0.191937 0.463679 -0.070113
v -0.230412 0.461139 -0.074056
v -0.222682 0.389315 -0.103234
v -0.184206 0.391855 -0.099292
v -0.184206 0.391855 -0.099292
v -0.222682 0.389315 -0.103234
v -0.221030 0.317491 -0.073094
v -0.182554 0.320031 -0.069152
v -0.187948 0.290280 0.002651
v -0.226424 0.287741 -0.001292
v -0.235705 0.317491 0.070113
v -0.197229 0.320031 0.074056
v -0.221030 0.317491 -0.073094
v -0.223471 0.332071 -0.058657
v -0.227771 0.308359 -0.001430
v -0.226424 0.287741 -0.001292
v -0.235705 0.317491 0.070113
v -0.235168 0.332071 0.055480
v -0.241329 0.389315 0.078736
v -0.243436 0.389315 0.099291
v -0.245088 0.461139 0.069151
v -0.242646 0.446560 0.054714
v -0.238346 0.470271 -0.002513
v -0.239693 0.490890 -0.002651
v -0.230412 0.461139 -0.074056
v -0.230949 0.446559 -0.059424
v -0.224788 0.389315 -0.082679
v -0.222682 0.389315 -0.103234
v -0.222682 0.389315 -0.103234
v -0.224788 0.389315 -0.082679
v -0.223471 0.332071 -0.058657
v -0.221030 0.317491 -0.073094
v -0.226424 0.287741 -0.001292
v -0.227771 0.308359 -0.001430
v -0.235168 0.332071 0.055480
v -0.235705 0.317491 0.070113
v -0.243436 0.389315 0.099291
v -0.241329 0.389315 0.078736
v -0.242646 0.446560 0.054714
v -0.245088 0.461139 0.069151
v -0.239693 0.490890 -0.002651
v -0.238346 0.470271 -0.002513
v -0.230949 0.446559 -0.059424
v -0.230412 0.461139 -0.074056
vn 0.9927 -0.0655 -0.1017
vn -0.9927 -0.0655 -0.1017
vn 0.9182 0.3415 -0.2006
vn 0.9182 0.3416 -0.2007
vn 0.3234 -0.9344 -0.1492
vn 0.3233 -0.9345 -0.1491
vn -0.8825 -0.4499 0.1371
vn -0.8825 -0.4499 0.1372
vn -0.4241 0.8781 0.2216
vn 0.3196 0.9466 0.0428
vn 0.3195 0.9466 0.0427
vn 0.3193 0.9467 0.0426
vn 0.8611 -0.4479 -0.2407
vn 0.8611 -0.4478 -0.2407
vn -0.3862 -0.9220 -0.0283
vn -0.3862 -0.9220 -0.0284
vn -0.9121 0.3152 0.2623
vn -0.9120 0.3152 0.2623
vn 0.8768 0.3851 -0.2880
vn 0.4147 -0.9077 -0.0637
vn 0.4147 -0.9077 -0.0636
vn 0.4147 -0.9077 -0.0635
vn -0.8897 -0.4352 0.1380
vn -0.8897 -0.4352 0.1379
vn -0.4001 0.9146 0.0580
vn -0.4001 0.9146 0.0581
vn 0.3403 0.9310 -0.1318
vn 0.8948 -0.3666 -0.2549
vn -0.3429 -0.9358 0.0812
vn -0.3429 -0.9358 0.0813
vn -0.3429 -0.9359 0.0812
vn -0.9312 0.3296 0.1553
vn -0.9313 0.3296 0.1553
vn -0.9312 0.3297 0.1553
vn 0.4024 0.8954 0.1907
vn 0.9277 -0.3473 -0.1374
vn 0.9277 -0.3472 -0.1374
vn -0.2907 -0.9254 0.2432
vn -0.6604 0.3252 0.6769
vn 0.9149 0.4033 0.0165
vn 0.9149 0.4033 0.0166
vn 0.4125 -0.9085 -0.0665
vn 0.4125 -0.9085 -0.0666
vn -0.7159 -0.3882 0.5804
vn -0.7158 -0.3882 0.5805
vn -0.7158 -0.3882 0.5804
vn -0.9159 0.3306 0.2275
vn -0.3865 -0.9219 -0.0269
vn 0.8191 -0.4236 -0.3869
vn 0.3174 0.9386 -0.1354
vn 0.3174 0.9386 -0.1355
vn -0.4259 0.9033 0.0517
vn -0.4260 0.9033 0.0517
vn -0.4260 0.9032 0.0517
vn -0.8766 -0.4331 0.2097
vn 0.3000 -0.9064 -0.2973
vn 0.3000 -0.9065 -0.2972
vn 0.8886 0.3455 -0.3018
vn 0.4706 -0.8459 -0.2510
vn 0.4706 -0.8459 -0.2511
vn 0.4705 -0.8459 -0.2511
vn 0.2049 -0.9367 -0.2841
vn 0.2049 -0.9366 -0.2841
vn -0.0393 -0.9833 -0.1776
vn -0.0393 -0.9833 -0.1777
vn -0.1500 -0.8878 0.4351
vn -0.1500 -0.8878 0.4350
vn 0.1804 -0.9820 -0.0555
vn 0.1803 -0.9820 -0.0554
vn 0.6740 -0.7374 -0.0446
vn 0.3126 -0.2532 -0.9155
vn 0.3125 -0.2533 -0.9155
vn 0.3127 -0.2531 -0.9155
vn 0.6125 0.4383 0.6579
vn 0.6125 0.4382 0.6579
vn 0.9640 -0.0195 -0.2653
vn 0.9640 -0.0195 -0.2654
vn 0.0219 0.4383 0.8986
vn 0.0219 0.4383 0.8985
vn 0.0219 0.4384 0.8985
vn 0.9775 0.1323 -0.1640
vn 0.5152 -0.2179 -0.8289
vn 0.5152 -0.2180 -0.8289
vn 0.4160 0.5101 0.7528
vn 0.0577 -0.2354 -0.9702
vn -0.1609 0.1987 0.9668
vn -0.1610 0.1986 0.9668
vn -0.1609 0.1986 0.9668
vn -0.2306 -0.1760 0.9570
vn -0.2870 -0.4137 0.8640
vn -0.2871 -0.4137 0.8640
vn -0.0479 -0.9957 -0.0797
vn -0.0479 -0.9957 -0.0798
vn -0.2486 0.8540 0.4570
vn -0.2487 0.8540 0.4570
vn -0.9182 0.3415 -0.2006
vn -0.9182 0.3416 -0.2007
vn -0.3234 -0.9344 -0.1492
vn -0.3233 -0.9345 -0.1491
vn 0.8825 -0.4499 0.1371
vn 0.8825 -0.4499 0.1372
vn 0.4241 0.8781 0.2216
vn -0.3197 0.9465 0.0429
vn -0.3195 0.9466 0.0427
vn -0.3190 0.9468 0.0424
vn -0.8611 -0.4479 -0.2407
vn -0.8611 -0.4478 -0.2407
vn 0.3862 -0.9220 -0.0283
vn 0.3862 -0.9220 -0.0284
vn 0.9121 0.3152 0.2623
vn 0.9120 0.3152 0.2623
vn -0.8768 0.3851 -0.2880
vn -0.4147 -0.9077 -0.0637
vn -0.4147 -0.9078 -0.0634
vn -0.4148 -0.9077 -0.0639
vn -0.4147 -0.9077 -0.0636
vn 0.8897 -0.4352 0.1380
vn 0.8897 -0.4352 0.1379
vn 0.4001 0.9146 0.0580
vn 0.4001 0.9146 0.0581
vn -0.3403 0.9310 -0.1318
vn -0.8948 -0.3666 -0.2549
vn 0.3429 -0.9358 0.0813
vn 0.3429 -0.9359 0.0812
vn 0.9312 0.3296 0.1553
vn 0.9312 0.3297 0.1553
vn 0.9313 0.3296 0.1553
vn -0.4024 0.8954 0.1907
vn -0.9276 -0.3473 -0.1374
vn -0.9277 -0.3472 -0.1374
vn -0.9277 -0.3472 -0.1373
vn 0.2907 -0.9254 0.2432
vn 0.6604 0.3252 0.6769
vn 0.6601 0.3256 0.6769
vn -0.9149 0.4033 0.0165
vn -0.9149 0.4033 0.0166
vn -0.4125 -0.9085 -0.0666
vn -0.4125 -0.9085 -0.0665
vn 0.7159 -0.3882 0.5804
vn 0.7159 -0.3882 0.5803
vn 0.7158 -0.3882 0.5804
vn 0.9159 0.3306 0.2275
vn 0.3865 -0.9219 -0.0269
vn 0.3864 -0.9219 -0.0269
vn -0.8191 -0.4236 -0.3869
vn -0.3174 0.9386 -0.1354
vn -0.3174 0.9386 -0.1355
vn 0.4259 0.9033 0.0517
vn 0.4260 0.9033 0.0517
vn 0.4260 0.9032 0.0517
vn 0.8766 -0.4331 0.2097
vn -0.3000 -0.9064 -0.2973
vn -0.3000 -0.9065 -0.2972
vn -0.8886 0.3454 -0.3017
vn -0.8886 0.3455 -0.3018
vn -0.4706 -0.8459 -0.2511
vn -0.4706 -0.8459 -0.2510
vn -0.2049 -0.9367 -0.2841
vn -0.2049 -0.9366 -0.2841
vn 0.0393 -0.9833 -0.1776
vn 0.0393 -0.9833 -0.1777
vn 0.1500 -0.8878 0.4351
vn 0.1500 -0.8878 0.4350
vn -0.1804 -0.9820 -0.0555
vn -0.1804 -0.9820 -0.0554
vn -0.6740 -0.7374 -0.0446
vn -0.3126 -0.2532 -0.9155
vn -0.3125 -0.2533 -0.9155
vn -0.3127 -0.2531 -0.9155
vn -0.6125 0.4382 0.6579
vn -0.6125 0.4383 0.6579
vn -0.9640 -0.0195 -0.2653
vn -0.9640 -0.0195 -0.2654
vn -0.0219 0.4383 0.8986
vn -0.0219 0.4384 0.8985
vn -0.0219 0.4383 0.8985
vn -0.9775 0.1323 -0.1640
vn -0.5152 -0.2179 -0.8289
vn -0.5152 -0.2180 -0.8289
vn -0.4160 0.5101 0.7528
vn -0.0577 -0.2354 -0.9702
vn 0.1609 0.1987 0.9668
vn 0.1610 0.1986 0.9668
vn 0.2306 -0.1760 0.9570
vn 0.2870 -0.4137 0.8640
vn 0.2871 -0.4137 0.8640
vn 0.0479 -0.9957 -0.0797
vn 0.0479 -0.9957 -0.0798
vn 0.2486 0.8540 0.4570
vn 0.2487 0.8540 0.4570
vn 0.0722 0.0562 0.9958
vn 0.3315 -0.9430 0.0292
vn -0.0722 -0.0562 -0.9958
vn -0.3315 0.9430 -0.0292
vn 0.9095 0.4061 -0.0888
vn 0.9652 0.2476 -0.0839
vn 0.9434 0.3316 -0.0027
vn 0.9313 0.3221 -0.1700
vn -0.9434 -0.3316 0.0027
vn -0.9313 -0.3221 0.1700
vn -0.9095 -0.4061 0.0888
vn -0.9652 -0.2476 0.0839
vn -0.9652 -0.2477 0.0839
vn -0.9407 -0.3280 0.0867
vn 0.9407 0.3280 -0.0867
vn -0.0722 0.0562 0.9958
vn -0.3315 -0.9430 0.0292
vn 0.0722 -0.0562 -0.9958
vn 0.3315 0.9430 -0.0292
vn -0.9095 0.4061 -0.0888
vn -0.9652 0.2476 -0.0839
vn -0.9434 0.3316 -0.0027
vn -0.9313 0.3221 -0.1700
vn 0.9434 -0.3316 0.0027
vn 0.9313 -0.3221 0.1700
vn 0.9095 -0.4061 0.0888
vn 0.9652 -0.2477 0.0839
vn 0.9652 -0.2476 0.0839
vn 0.9407 -0.3280 0.0867
vn -0.9407 0.3280 -0.0867
vn -0.2695 -0.2744 0.9231
vn 0.6033 0.6999 0.3824
vn 0.2074 0.3235 -0.9232
vn -0.3098 -0.2408 -0.9198
vn -0.6457 -0.6619 0.3809
vn 0.2490 0.2909 0.9238
vn 0.5865 0.7139 -0.3826
vn -0.6612 -0.6468 -0.3800
vn 0.2695 -0.2744 0.9231
vn -0.6033 0.6999 0.3824
vn -0.2074 0.3235 -0.9232
vn 0.3098 -0.2408 -0.9198
vn 0.6457 -0.6619 0.3809
vn -0.2490 0.2909 0.9238
vn -0.5865 0.7139 -0.3826
vn 0.6612 -0.6468 -0.3800
vn -0.6504 0.7496 -0.1227
vn -0.6503 0.7497 -0.1228
vn -0.6504 0.7496 -0.1226
vn -0.5983 0.7903 -0.1324
vn -0.5982 0.7903 -0.1324
vn -0.5982 0.7903 -0.1325
vn -0.5531 0.8319 -0.0453
vn -0.5531 0.8319 -0.0452
vn -0.6327 0.7713 -0.0693
vn 0.5938 0.7527 -0.2843
vn 0.5939 0.7526 -0.2843
vn 0.5939 0.7527 -0.2843
vn 0.6623 0.6804 -0.3137
vn 0.6413 0.7281 -0.2421
vn 0.5532 0.8135 -0.1795
vn 0.1781 0.6673 -0.7232
vn -0.0094 0.6599 -0.7513
vn -0.0093 0.6599 -0.7513
vn -0.0458 0.6636 -0.7467
vn -0.0459 0.6636 -0.7467
vn 0.1990 0.6747 -0.7107
vn -0.6572 0.6872 -0.3096
vn -0.6573 0.6871 -0.3095
vn -0.6783 0.7061 -0.2031
vn -0.6785 0.7061 -0.2029
vn -0.6786 0.7060 -0.2027
vn -0.6803 0.6984 -0.2223
vn -0.6803 0.6984 -0.2224
vn -0.6555 0.6487 -0.3867
vn 0.1772 0.9602 0.2159
vn 0.1770 0.9602 0.2159
vn 0.1771 0.9602 0.2159
vn 0.4665 0.8763 -0.1203
vn 0.4666 0.8762 -0.1203
vn 0.4157 0.9069 -0.0693
vn 0.4157 0.9068 -0.0693
vn 0.4157 0.9069 -0.0692
vn 0.1517 0.9670 0.2049
vn 0.3115 0.8709 0.3800
vn 0.3008 0.8563 0.4199
vn 0.2623 0.8753 0.4063
vn 0.2622 0.8753 0.4063
vn 0.2750 0.8854 0.3748
vn 0.5536 0.7360 -0.3896
vn 0.5536 0.7361 -0.3896
vn 0.4096 0.7214 -0.5584
vn 0.4096 0.7214 -0.5585
vn 0.4351 0.7273 -0.5308
vn 0.5353 0.7393 -0.4085
vn -0.4224 0.7117 -0.5613
vn -0.5798 0.6905 -0.4325
vn -0.5254 0.5993 -0.6040
vn -0.5253 0.5993 -0.6040
vn -0.2900 0.6249 -0.7248
vn -0.2900 0.6249 -0.7249
vn -0.2899 0.6249 -0.7249
vn -0.1908 0.8797 0.4357
vn -0.1907 0.8797 0.4357
vn -0.2539 0.8496 0.4623
vn -0.2821 0.8399 0.4637
vn -0.2302 0.8783 0.4191
vn -0.5345 0.8311 -0.1537
vn -0.2394 0.9679 0.0768
vn -0.1886 0.9770 0.0995
vn -0.1886 0.9770 0.0996
vn -0.4699 0.8783 -0.0878
vn -0.4699 0.8783 -0.0877
vn 0.6828 0.6794 -0.2689
vn 0.6828 0.6793 -0.2689
vn 0.6450 0.7078 -0.2880
vn 0.6450 0.7078 -0.2881
vn 0.6091 0.7122 -0.3490
vn 0.6091 0.7122 -0.3491
vn 0.6593 0.6928 -0.2922
vn -0.1082 0.6924 -0.7134
vn -0.2348 0.7169 -0.6564
vn -0.2349 0.7169 -0.6564
vn -0.1855 0.6999 -0.6897
vn -0.1385 0.6990 -0.7016
vn -0.1191 -0.3819 -0.9165
vn -0.0212 -0.9219 0.3869
vn 0.0992 0.9219 0.3745
vn -0.0692 0.3819 -0.9216
vn -0.0992 -0.9219 -0.3745
vn 0.0692 -0.3819 0.9216
vn 0.1191 0.3819 0.9165
vn 0.0212 0.9219 -0.3869
vn -0.9927 0.0655 0.1017
vn 0.1191 -0.3819 -0.9165
vn 0.0212 -0.9219 0.3869
vn -0.0992 0.9219 0.3745
vn 0.0692 0.3819 -0.9216
vn 0.0992 -0.9219 -0.3745
vn -0.0692 -0.3819 0.9216
vn -0.1191 0.3819 0.9165
vn -0.0212 0.9219 -0.3869
vn 0.9927 0.0655 0.1017
vt 0.000000 1.000000
vt 0.166528 0.166528
vt 0.833472 0.166528
vt 0.166528 0.833472
vt 1.000000 0.000000
vt 0.000000 0.000000
vt 1.000000 1.000000
vt 0.833472 0.833472
s 0
usemtl Material.002
f 1/1/1 2/1/1 3/1/1
f 4/1/1 5/1/1 6/1/1
f 7/1/1 8/1/1 9/1/1
f 10/1/1 11/1/1 12/1/1
f 13/1/1 14/1/1 15/1/1
f 16/1/1 17/1/1 18/1/1
f 19/1/1 20/1/1 21/1/1
f 22/1/1 23/1/1 24/1/1
f 25/1/2 26/1/2 27/1/2
f 28/1/2 29/1/2 30/1/2
f 31/1/2 32/1/2 33/1/2
f 34/1/2 35/1/2 36/1/2
f 37/1/2 38/1/2 39/1/2
f 40/1/2 41/1/2 42/1/2
f 43/1/2 44/1/2 45/1/2
f 46/1/2 47/1/2 48/1/2
s 1
f 49/1/3 50/1/3 51/1/4
f 49/1/3 51/1/4 52/1/3
f 53/1/5 54/1/6 55/1/5
f 53/1/5 55/1/5 56/1/5
f 57/1/7 58/1/7 59/1/8
f 57/1/7 59/1/8 60/1/7
f 61/1/9 62/1/9 63/1/9
f 61/1/9 63/1/9 64/1/9
f 65/1/10 66/1/11 67/1/12
f 65/1/10 67/1/12 68/1/11
f 69/1/13 70/1/13 71/1/13
f 69/1/13 71/1/13 72/1/14
f 73/1/15 74/1/16 75/1/16
f 73/1/15 75/1/16 76/1/16
f 77/1/17 78/1/18 79/1/17
f 77/1/17 79/1/17 80/1/17
f 81/1/19 82/1/19 83/1/19
f 81/1/19 83/1/19 84/1/19
f 85/1/20 86/1/20 87/1/21
f 85/1/20 87/1/21 88/1/22
f 89/1/23 90/1/24 91/1/23
f 89/1/23 91/1/23 92/1/23
f 93/1/25 94/1/25 95/1/26
f 93/1/25 95/1/26 96/1/25
f 97/1/27 98/1/27 99/1/27
f 97/1/27 99/1/27 100/1/27
f 101/1/28 102/1/28 103/1/28
f 101/1/28 103/1/28 104/1/28
f 105/1/29 106/1/30 107/1/31
f 105/1/29 107/1/31 108/1/29
f 109/1/32 110/1/33 111/1/32
f 109/1/32 111/1/32 112/1/34
f 113/1/35 114/1/35 115/1/35
f 113/1/35 115/1/35 116/1/35
f 117/1/36 118/1/37 119/1/37
f 117/1/36 119/1/37 120/1/37
f 121/1/38 122/1/38 123/1/38
f 121/1/38 123/1/38 124/1/38
f 125/1/39 126/1/39 127/1/39
f 125/1/39 127/1/39 128/1/39
f 129/1/40 130/1/40 131/1/40
f 129/1/40 131/1/40 132/1/41
f 133/1/42 134/1/43 135/1/43
f 133/1/42 135/1/43 136/1/43
f 137/1/44 138/1/44 139/1/45
f 137/1/44 139/1/45 140/1/46
f 141/1/47 142/1/47 143/1/47
f 141/1/47 143/1/47 144/1/47
f 145/1/48 146/1/48 147/1/48
f 145/1/48 147/1/48 148/1/48
f 149/1/49 150/1/49 151/1/49
f 149/1/49 151/1/49 152/1/49
f 153/1/50 154/1/50 155/1/50
f 153/1/50 155/1/50 156/1/51
f 157/1/52 158/1/53 159/1/54
f 157/1/52 159/1/54 160/1/53
f 161/1/55 162/1/55 163/1/55
f 161/1/55 163/1/55 164/1/55
f 165/1/56 166/1/56 167/1/57
f 165/1/56 167/1/57 168/1/57
f 169/1/58 170/1/58 171/1/58
f 169/1/58 171/1/58 172/1/58
f 173/1/59 174/1/60 175/1/59
f 173/1/59 175/1/59 176/1/61
f 177/1/62 178/1/62 179/1/62
f 177/1/62 179/1/62 180/1/63
f 181/1/64 182/1/64 183/1/65
f 181/1/64 183/1/65 184/1/65
f 185/1/66 186/1/67 187/1/66
f 185/1/66 187/1/66 188/1/66
f 189/1/68 190/1/68 191/1/69
f 189/1/68 191/1/69 192/1/69
f 193/1/70 194/1/70 195/1/70
f 193/1/70 195/1/70 196/1/70
f 197/1/71 198/1/72 199/1/73
f 197/1/71 199/1/73 200/1/72
f 201/1/74 202/1/75 203/1/75
f 201/1/74 203/1/75 204/1/74
f 205/1/76 206/1/77 207/1/76
f 205/1/76 207/1/76 208/1/76
f 209/1/78 210/1/78 211/1/79
f 209/1/78 211/1/79 212/1/80
f 213/1/81 214/1/81 215/1/81
f 213/1/81 215/1/81 216/1/81
f 217/1/82 218/1/83 219/1/83
f 217/1/82 219/1/83 220/1/82
f 221/1/84 222/1/84 223/1/84
f 221/1/84 223/1/84 224/1/84
f 225/1/85 226/1/85 227/1/85
f 225/1/85 227/1/85 228/1/85
f 229/1/86 230/1/86 231/1/87
f 229/1/86 231/1/87 232/1/88
f 233/1/89 234/1/89 235/1/89
f 233/1/89 235/1/89 236/1/89
f 237/1/90 238/1/91 239/1/90
f 237/1/90 239/1/90 240/1/90
f 241/1/92 242/1/93 243/1/93
f 241/1/92 243/1/93 244/1/92
f 245/1/94 246/1/95 247/1/95
f 245/1/94 247/1/95 248/1/95
f 249/1/96 250/1/96 251/1/97
f 249/1/96 251/1/97 252/1/96
f 253/1/98 254/1/98 255/1/98
f 253/1/98 255/1/98 256/1/99
f 257/1/100 258/1/100 259/1/101
f 257/1/100 259/1/101 260/1/100
f 261/1/102 262/1/102 263/1/102
f 261/1/102 263/1/102 264/1/102
f 265/1/103 266/1/104 267/1/105
f 265/1/103 267/1/105 268/1/104
f 269/1/106 270/1/107 271/1/106
f 269/1/106 271/1/106 272/1/106
f 273/1/108 274/1/109 275/1/109
f 273/1/108 275/1/109 276/1/109
f 277/1/110 278/1/110 279/1/110
f 277/1/110 279/1/110 280/1/111
f 281/1/112 282/1/112 283/1/112
f 281/1/112 283/1/112 284/1/112
f 285/1/113 286/1/114 287/1/115
f 285/1/113 287/1/115 288/1/116
f 289/1/117 290/1/117 291/1/117
f 289/1/117 291/1/117 292/1/118
f 293/1/119 294/1/119 295/1/120
f 293/1/119 295/1/120 296/1/119
f 297/1/121 298/1/121 299/1/121
f 297/1/121 299/1/121 300/1/121
f 301/1/122 302/1/122 303/1/122
f 301/1/122 303/1/122 304/1/122
f 305/1/123 306/1/123 307/1/124
f 305/1/123 307/1/124 308/1/123
f 309/1/125 310/1/126 311/1/125
f 309/1/125 311/1/125 312/1/127
f 313/1/128 314/1/128 315/1/128
f 313/1/128 315/1/128 316/1/128
f 317/1/129 318/1/130 319/1/131
f 317/1/129 319/1/131 320/1/129
f 321/1/132 322/1/132 323/1/132
f 321/1/132 323/1/132 324/1/132
f 325/1/133 326/1/134 327/1/133
f 325/1/133 327/1/133 328/1/133
f 329/1/135 330/1/136 331/1/135
f 329/1/135 331/1/135 332/1/135
f 333/1/137 334/1/137 335/1/138
f 333/1/137 335/1/138 336/1/137
f 337/1/139 338/1/140 339/1/140
f 337/1/139 339/1/140 340/1/141
f 341/1/142 342/1/142 343/1/142
f 341/1/142 343/1/142 344/1/142
f 345/1/143 346/1/143 347/1/143
f 345/1/143 347/1/143 348/1/144
f 349/1/145 350/1/145 351/1/145
f 349/1/145 351/1/145 352/1/145
f 353/1/146 354/1/147 355/1/146
f 353/1/146 355/1/146 356/1/146
f 357/1/148 358/1/149 359/1/150
f 357/1/148 359/1/150 360/1/149
f 361/1/151 362/1/151 363/1/151
f 361/1/151 363/1/151 364/1/151
f 365/1/152 366/1/153 367/1/153
f 365/1/152 367/1/153 368/1/152
s 0
f 369/1/154 370/1/154 371/1/154
s 1
f 369/1/155 371/1/155 372/1/155
f 373/1/156 374/1/157 375/1/157
f 373/1/156 375/1/157 376/1/156
f 377/1/158 378/1/159 379/1/158
f 377/1/158 379/1/158 380/1/158
f 381/1/160 382/1/161 383/1/161
f 381/1/160 383/1/161 384/1/160
f 385/1/162 386/1/162 387/1/162
f 385/1/162 387/1/162 388/1/163
f 389/1/164 390/1/164 391/1/165
f 389/1/164 391/1/165 392/1/165
f 393/1/166 394/1/166 395/1/166
f 393/1/166 395/1/166 396/1/166
f 397/1/167 398/1/168 399/1/169
f 397/1/167 399/1/169 400/1/168
f 401/1/170 402/1/171 403/1/170
f 401/1/170 403/1/170 404/1/170
f 405/1/172 406/1/172 407/1/172
f 405/1/172 407/1/172 408/1/173
f 409/1/174 410/1/175 411/1/176
f 409/1/174 411/1/176 412/1/174
f 413/1/177 414/1/177 415/1/177
f 413/1/177 415/1/177 416/1/177
f 417/1/178 418/1/178 419/1/179
f 417/1/178 419/1/179 420/1/178
f 421/1/180 422/1/180 423/1/180
f 421/1/180 423/1/180 424/1/180
f 425/1/181 426/1/181 427/1/181
f 425/1/181 427/1/181 428/1/181
f 429/1/182 430/1/183 431/1/183
f 429/1/182 431/1/183 432/1/182
f 433/1/184 434/1/184 435/1/184
f 433/1/184 435/1/184 436/1/184
f 437/1/185 438/1/185 439/1/186
f 437/1/185 439/1/186 440/1/186
f 441/1/187 442/1/187 443/1/188
f 441/1/187 443/1/188 444/1/188
f 445/1/189 446/1/189 447/1/189
f 445/1/189 447/1/189 448/1/190
s 0
f 449/2/191 450/3/191 451/3/191
f 449/2/191 451/3/191 452/2/191
f 453/4/192 454/2/192 455/2/192
f 453/4/192 455/2/192 456/4/192
f 457/5/193 458/6/193 459/6/193
f 457/5/193 459/6/193 460/5/193
f 461/1/191 462/7/191 463/7/191
f 461/1/191 463/7/191 464/1/191
f 465/7/192 466/5/192 467/5/192
f 465/7/192 467/5/192 468/7/192
f 469/6/194 470/1/194 471/1/194
f 469/6/194 471/1/194 472/6/194
f 473/6/194 474/1/194 475/1/194
f 473/6/194 475/1/194 476/6/194
f 477/6/195 478/1/195 479/1/195
f 477/6/195 479/1/195 480/6/195
f 481/7/192 482/5/192 483/5/192
f 481/7/192 483/5/192 484/7/192
f 485/7/196 486/5/196 487/5/196
f 485/7/196 487/5/196 488/7/196
f 489/1/191 490/7/191 491/7/191
f 489/1/191 491/7/191 492/1/191
f 493/1/197 494/7/197 495/7/197
f 493/1/197 495/7/197 496/1/197
f 497/5/193 498/6/193 499/6/193
f 497/5/193 499/6/193 500/5/193
f 501/5/198 502/6/198 503/6/198
f 501/5/198 503/6/198 504/5/198
f 505/6/199 506/5/199 507/5/199
f 505/6/199 507/5/199 508/6/199
f 509/7/200 510/1/200 511/1/200
f 509/7/200 511/1/200 512/7/200
f 513/5/201 514/7/201 515/7/201
f 513/5/201 515/7/201 516/5/201
f 517/1/202 518/6/202 519/6/202
f 517/1/203 519/6/203 520/1/203
f 521/2/204 522/4/204 523/1/204
f 521/2/204 523/1/204 524/6/204
f 525/4/204 526/8/204 527/7/204
f 525/4/204 527/7/204 528/1/204
f 529/8/204 530/3/204 531/5/204
f 529/8/204 531/5/204 532/7/204
f 533/3/204 534/2/204 535/6/204
f 533/3/204 535/6/204 536/5/204
f 537/4/205 538/2/205 539/6/205
f 537/4/205 539/6/205 540/1/205
f 541/8/205 542/4/205 543/1/205
f 541/8/205 543/1/205 544/7/205
f 545/3/205 546/8/205 547/7/205
f 545/3/205 547/7/205 548/5/205
f 549/2/205 550/3/205 551/5/205
f 549/2/205 551/5/205 552/6/205
f 553/3/194 554/8/194 555/8/194
f 553/3/194 555/8/194 556/3/194
f 557/8/193 558/4/193 559/4/193
f 557/8/193 559/4/193 560/8/193
f 561/2/206 562/2/206 563/3/206
f 561/2/206 563/3/206 564/3/206
f 565/4/207 566/4/207 567/2/207
f 565/4/207 567/2/207 568/2/207
f 569/5/208 570/5/208 571/6/208
f 569/5/208 571/6/208 572/6/208
f 573/1/206 574/1/206 575/7/206
f 573/1/206 575/7/206 576/7/206
f 577/7/207 578/7/207 579/5/207
f 577/7/207 579/5/207 580/5/207
f 581/6/209 582/6/209 583/1/209
f 581/6/209 583/1/209 584/1/209
f 585/6/209 586/6/209 587/1/209
f 585/6/209 587/1/209 588/1/209
f 589/6/210 590/6/210 591/1/210
f 589/6/210 591/1/210 592/1/210
f 593/7/207 594/7/207 595/5/207
f 593/7/207 595/5/207 596/5/207
f 597/7/211 598/7/211 599/5/211
f 597/7/211 599/5/211 600/5/211
f 601/1/206 602/1/206 603/7/206
f 601/1/206 603/7/206 604/7/206
f 605/1/212 606/1/212 607/7/212
f 605/1/212 607/7/212 608/7/212
f 609/5/208 610/5/208 611/6/208
f 609/5/208 611/6/208 612/6/208
f 613/5/213 614/5/213 615/6/213
f 613/5/213 615/6/213 616/6/213
s 1
f 617/6/214 618/6/214 619/5/214
s 0
f 617/6/214 619/5/214 620/5/214
f 621/7/215 622/7/215 623/1/215
f 621/7/215 623/1/215 624/1/215
f 625/5/216 626/5/216 627/7/216
f 625/5/216 627/7/216 628/7/216
f 629/1/217 630/1/217 631/6/217
f 629/1/218 631/6/218 632/6/218
f 633/2/219 634/6/219 635/1/219
f 633/2/219 635/1/219 636/4/219
f 637/4/219 638/1/219 639/7/219
f 637/4/219 639/7/219 640/8/219
f 641/8/219 642/7/219 643/5/219
f 641/8/219 643/5/219 644/3/219
f 645/3/219 646/5/219 647/6/219
f 645/3/219 647/6/219 648/2/219
f 649/4/220 650/1/220 651/6/220
s 1
f 649/4/220 651/6/220 652/2/220
s 0
f 653/8/220 654/7/220 655/1/220
f 653/8/220 655/1/220 656/4/220
f 657/3/220 658/5/220 659/7/220
f 657/3/220 659/7/220 660/8/220
f 661/2/220 662/6/220 663/5/220
f 661/2/220 663/5/220 664/3/220
f 665/3/209 666/3/209 667/8/209
f 665/3/209 667/8/209 668/8/209
f 669/8/208 670/8/208 671/4/208
f 669/8/208 671/4/208 672/4/208
f 673/1/221 674/1/221 675/1/221
f 673/1/221 675/1/221 676/1/221
f 677/1/222 678/1/222 679/1/222
f 677/1/222 679/1/222 680/1/222
f 681/1/223 682/1/223 683/1/223
s 1
f 681/1/223 683/1/223 684/1/223
s 0
f 685/1/224 686/1/224 687/1/224
f 685/1/224 687/1/224 688/1/224
f 689/1/225 690/1/225 691/1/225
s 1
f 689/1/225 691/1/225 692/1/225
s 0
f 693/1/226 694/1/226 695/1/226
f 693/1/226 695/1/226 696/1/226
f 697/1/227 698/1/227 699/1/227
f 697/1/227 699/1/227 700/1/227
f 701/1/228 702/1/228 703/1/228
f 701/1/228 703/1/228 704/1/228
f 705/1/229 706/1/229 707/1/229
f 705/1/229 707/1/229 708/1/229
f 709/1/230 710/1/230 711/1/230
f 709/1/230 711/1/230 712/1/230
s 1
f 713/1/231 714/1/231 715/1/231
s 0
f 713/1/231 715/1/231 716/1/231
f 717/1/232 718/1/232 719/1/232
f 717/1/232 719/1/232 720/1/232
f 721/1/233 722/1/233 723/1/233
f 721/1/233 723/1/233 724/1/233
f 725/1/234 726/1/234 727/1/234
f 725/1/234 727/1/234 728/1/234
f 729/1/235 730/1/235 731/1/235
f 729/1/235 731/1/235 732/1/235
f 733/1/236 734/1/236 735/1/236
f 733/1/236 735/1/236 736/1/236
s 1
f 737/1/237 738/1/238 739/1/239
f 737/1/237 739/1/239 740/1/237
f 741/1/240 742/1/241 743/1/242
f 741/1/240 743/1/242 744/1/241
f 745/1/243 746/1/243 747/1/243
f 745/1/243 747/1/243 748/1/244
f 749/1/245 750/1/245 751/1/245
f 749/1/245 751/1/245 752/1/245
f 753/1/246 754/1/247 755/1/246
f 753/1/246 755/1/246 756/1/248
f 757/1/249 758/1/249 759/1/249
f 757/1/249 759/1/249 760/1/249
f 761/1/250 762/1/250 763/1/250
f 761/1/250 763/1/250 764/1/250
f 765/1/251 766/1/251 767/1/251
f 765/1/251 767/1/251 768/1/251
f 769/1/252 770/1/252 771/1/252
f 769/1/252 771/1/252 772/1/252
f 773/1/253 774/1/254 775/1/253
f 773/1/253 775/1/253 776/1/253
f 777/1/255 778/1/256 779/1/256
f 777/1/255 779/1/256 780/1/256
f 781/1/257 782/1/257 783/1/257
f 781/1/257 783/1/257 784/1/257
f 785/1/258 786/1/258 787/1/259
f 785/1/258 787/1/259 788/1/258
f 789/1/260 790/1/261 791/1/262
f 789/1/260 791/1/262 792/1/261
f 793/1/263 794/1/263 795/1/264
f 793/1/263 795/1/264 796/1/263
f 797/1/265 798/1/265 799/1/265
f 797/1/265 799/1/265 800/1/265
f 801/1/266 802/1/267 803/1/268
f 801/1/266 803/1/268 804/1/268
f 805/1/269 806/1/269 807/1/270
f 805/1/269 807/1/270 808/1/269
f 809/1/271 810/1/272 811/1/271
f 809/1/271 811/1/271 812/1/273
f 813/1/274 814/1/274 815/1/274
f 813/1/274 815/1/274 816/1/274
f 817/1/275 818/1/275 819/1/275
f 817/1/275 819/1/275 820/1/275
f 821/1/276 822/1/276 823/1/276
f 821/1/276 823/1/276 824/1/276
f 825/1/277 826/1/277 827/1/277
f 825/1/277 827/1/277 828/1/278
f 829/1/279 830/1/279 831/1/279
f 829/1/279 831/1/279 832/1/279
f 833/1/280 834/1/281 835/1/281
f 833/1/280 835/1/281 836/1/280
f 837/1/282 838/1/282 839/1/283
f 837/1/282 839/1/283 840/1/282
f 841/1/284 842/1/284 843/1/284
f 841/1/284 843/1/284 844/1/284
f 845/1/285 846/1/285 847/1/285
f 845/1/285 847/1/285 848/1/285
f 849/1/286 850/1/286 851/1/286
f 849/1/286 851/1/286 852/1/286
f 853/1/287 854/1/287 855/1/287
f 853/1/287 855/1/287 856/1/287
f 857/1/288 858/1/288 859/1/289
f 857/1/288 859/1/289 860/1/289
f 861/1/290 862/1/290 863/1/291
f 861/1/290 863/1/291 864/1/292
f 865/1/293 866/1/294 867/1/293
f 865/1/293 867/1/293 868/1/293
f 869/1/295 870/1/295 871/1/295
f 869/1/295 871/1/295 872/1/295
f 873/1/296 874/1/296 875/1/296
f 873/1/296 875/1/296 876/1/296
f 877/1/297 878/1/297 879/1/297
f 877/1/297 879/1/297 880/1/297
f 881/1/298 882/1/298 883/1/298
f 881/1/298 883/1/298 884/1/298
f 885/1/299 886/1/299 887/1/299
f 885/1/299 887/1/299 888/1/299
f 889/1/300 890/1/300 891/1/301
f 889/1/300 891/1/301 892/1/301
f 893/1/302 894/1/302 895/1/303
f 893/1/302 895/1/303 896/1/303
f 897/1/304 898/1/305 899/1/305
f 897/1/304 899/1/305 900/1/305
f 901/1/306 902/1/306 903/1/306
f 901/1/306 903/1/306 904/1/307
f 905/1/308 906/1/308 907/1/308
f 905/1/308 907/1/308 908/1/309
f 909/1/310 910/1/310 911/1/310
f 909/1/310 911/1/310 912/1/310
f 913/1/311 914/1/311 915/1/311
f 913/1/311 915/1/311 916/1/311
f 917/1/312 918/1/313 919/1/313
f 917/1/312 919/1/313 920/1/312
f 921/1/314 922/1/314 923/1/314
f 921/1/314 923/1/314 924/1/314
f 925/1/315 926/1/315 927/1/315
f 925/1/315 927/1/315 928/1/315
s 0
f 929/1/316 930/1/316 931/1/316
f 929/1/316 931/1/316 932/1/316
f 933/1/317 934/1/317 935/1/317
f 933/1/317 935/1/317 936/1/317
f 937/1/318 938/1/318 939/1/318
f 937/1/318 939/1/318 940/1/318
f 941/1/319 942/1/319 943/1/319
s 1
f 941/1/319 943/1/319 944/1/319
s 0
f 945/1/320 946/1/320 947/1/320
f 945/1/320 947/1/320 948/1/320
f 949/1/321 950/1/321 951/1/321
f 949/1/321 951/1/321 952/1/321
f 953/1/322 954/1/322 955/1/322
f 953/1/322 955/1/322 956/1/322
f 957/1/323 958/1/323 959/1/323
f 957/1/323 959/1/323 960/1/323
f 961/1/324 962/1/324 963/1/324
f 961/1/324 963/1/324 964/1/324
f 965/1/324 966/1/324 967/1/324
f 965/1/324 967/1/324 968/1/324
f 969/1/324 970/1/324 971/1/324
f 969/1/324 971/1/324 972/1/324
f 973/1/324 974/1/324 975/1/324
f 973/1/324 975/1/324 976/1/324
f 977/1/324 978/1/324 979/1/324
f 977/1/324 979/1/324 980/1/324
f 981/1/324 982/1/324 983/1/324
f 981/1/324 983/1/324 984/1/324
f 985/1/324 986/1/324 987/1/324
f 985/1/324 987/1/324 988/1/324
f 989/1/324 990/1/324 991/1/324
f 989/1/324 991/1/324 992/1/324
f 993/1/325 994/1/325 995/1/325
f 993/1/325 995/1/325 996/1/325
f 997/1/326 998/1/326 999/1/326
f 997/1/326 999/1/326 1000/1/326
f 1001/1/327 1002/1/327 1003/1/327
f 1001/1/327 1003/1/327 1004/1/327
s 1
f 1005/1/328 1006/1/328 1007/1/328
s 0
f 1005/1/328 1007/1/328 1008/1/328
f 1009/1/329 1010/1/329 1011/1/329
f 1009/1/329 1011/1/329 1012/1/329
f 1013/1/330 1014/1/330 1015/1/330
f 1013/1/330 1015/1/330 1016/1/330
f 1017/1/331 1018/1/331 1019/1/331
f 1017/1/331 1019/1/331 1020/1/331
f 1021/1/332 1022/1/332 1023/1/332
f 1021/1/332 1023/1/332 1024/1/332
f 1025/1/333 1026/1/333 1027/1/333
f 1025/1/333 1027/1/333 1028/1/333
f 1029/1/333 1030/1/333 1031/1/333
f 1029/1/333 1031/1/333 1032/1/333
f 1033/1/333 1034/1/333 1035/1/333
f 1033/1/333 1035/1/333 1036/1/333
f 1037/1/333 1038/1/333 1039/1/333
f 1037/1/333 1039/1/333 1040/1/333
f 1041/1/333 1042/1/333 1043/1/333
f 1041/1/333 1043/1/333 1044/1/333
f 1045/1/333 1046/1/333 1047/1/333
f 1045/1/333 1047/1/333 1048/1/333
f 1049/1/333 1050/1/333 1051/1/333
f 1049/1/333 1051/1/333 1052/1/333
f 1053/1/333 1054/1/333 1055/1/333
f 1053/1/333 1055/1/333 1056/1/333
o Circle_Material.003_0
v 0.393077 0.068624 -0.088886
v 0.449995 0.075029 -0.070189
v 0.399707 0.055727 -0.007367
v 0.339428 0.060289 -0.059700
v 0.393077 0.068624 -0.088886
v 0.399707 0.055727 -0.007367
v 0.347208 0.056270 0.053146
v 0.320436 0.055135 -0.000709
v 0.399707 0.055727 -0.007367
v 0.457757 0.070873 0.042255
v 0.404096 0.062818 0.071122
v 0.399707 0.055727 -0.007367
v 0.449995 0.075029 -0.070189
v 0.476789 0.075879 -0.015805
v 0.399707 0.055727 -0.007367
v 0.320436 0.055135 -0.000709
v 0.339428 0.060289 -0.059700
v 0.399707 0.055727 -0.007367
v 0.404096 0.062818 0.071122
v 0.347208 0.056270 0.053146
v 0.399707 0.055727 -0.007367
v 0.476789 0.075879 -0.015805
v 0.457757 0.070873 0.042255
v 0.399707 0.055727 -0.007367
v -0.393077 0.068624 -0.088886
v -0.399707 0.055727 -0.007367
v -0.449995 0.075029 -0.070189
v -0.339428 0.060289 -0.059700
v -0.399707 0.055727 -0.007367
v -0.393077 0.068624 -0.088886
v -0.347208 0.056270 0.053146
v -0.399707 0.055727 -0.007367
v -0.320436 0.055135 -0.000709
v -0.457757 0.070873 0.042255
v -0.399707 0.055727 -0.007367
v -0.404096 0.062818 0.071122
v -0.449995 0.075029 -0.070189
v -0.399707 0.055727 -0.007367
v -0.476789 0.075879 -0.015805
v -0.320436 0.055135 -0.000709
v -0.399707 0.055727 -0.007367
v -0.339428 0.060289 -0.059700
v -0.404096 0.062818 0.071122
v -0.399707 0.055727 -0.007367
v -0.347208 0.056270 0.053146
v -0.476789 0.075879 -0.015805
v -0.399707 0.055727 -0.007367
v -0.457757 0.070873 0.042255
v 0.124926 0.030400 0.340062
v 0.153162 0.019268 0.331169
v 0.152887 0.059983 0.336932
v 0.152493 0.060138 0.337056
v 0.123044 0.088805 0.340510
v 0.112451 0.059203 0.343931
v 0.152319 0.060540 0.337110
v 0.152467 0.060953 0.337063
v 0.191211 0.061932 0.319041
v 0.178735 0.090735 0.322911
v 0.153244 0.060980 0.336817
v 0.153418 0.060578 0.336763
v 0.153162 0.019268 0.331169
v 0.180618 0.032330 0.322462
v 0.153270 0.060165 0.336811
v 0.152887 0.059983 0.336932
v 0.112451 0.059203 0.343931
v 0.124926 0.030400 0.340062
v 0.152493 0.060138 0.337056
v 0.152319 0.060540 0.337110
v 0.150500 0.101867 0.331803
v 0.123044 0.088805 0.340510
v 0.152467 0.060953 0.337063
v 0.152850 0.061135 0.336941
v 0.178735 0.090735 0.322911
v 0.150500 0.101867 0.331803
v 0.152850 0.061135 0.336941
v 0.153244 0.060980 0.336817
v 0.180618 0.032330 0.322462
v 0.191211 0.061932 0.319041
v 0.153418 0.060578 0.336763
v 0.153270 0.060165 0.336811
v 0.188271 0.021561 0.299287
v 0.202913 0.062481 0.294558
v 0.191211 0.061932 0.319041
v 0.180618 0.032330 0.322462
v 0.185669 0.102296 0.299907
v 0.146638 0.117683 0.312199
v 0.150500 0.101867 0.331803
v 0.178735 0.090735 0.322911
v 0.146638 0.117683 0.312199
v 0.108686 0.099628 0.324234
v 0.123044 0.088805 0.340510
v 0.150500 0.101867 0.331803
v 0.094044 0.058708 0.328963
v 0.111288 0.018893 0.323615
v 0.124926 0.030400 0.340062
v 0.112451 0.059203 0.343931
v 0.150319 0.003506 0.311323
v 0.188271 0.021561 0.299287
v 0.180618 0.032330 0.322462
v 0.153162 0.019268 0.331169
v 0.202913 0.062481 0.294558
v 0.185669 0.102296 0.299907
v 0.178735 0.090735 0.322911
v 0.191211 0.061932 0.319041
v 0.108686 0.099628 0.324234
v 0.094044 0.058708 0.328963
v 0.112451 0.059203 0.343931
v 0.123044 0.088805 0.340510
v 0.111288 0.018893 0.323615
v 0.150319 0.003506 0.311323
v 0.153162 0.019268 0.331169
v 0.124926 0.030400 0.340062
v -0.124926 0.030400 0.340062
v -0.152493 0.060138 0.337056
v -0.152887 0.059983 0.336932
v -0.153162 0.019268 0.331169
v -0.123044 0.088805 0.340510
v -0.152467 0.060953 0.337063
v -0.152319 0.060540 0.337110
v -0.112451 0.059203 0.343931
v -0.191211 0.061932 0.319041
v -0.153418 0.060578 0.336763
v -0.153244 0.060980 0.336817
v -0.178735 0.090735 0.322911
v -0.153162 0.019268 0.331169
v -0.152887 0.059983 0.336932
v -0.153270 0.060165 0.336811
v -0.180618 0.032330 0.322462
v -0.112451 0.059203 0.343931
v -0.152319 0.060540 0.337110
v -0.152493 0.060138 0.337056
v -0.124926 0.030400 0.340062
v -0.150500 0.101867 0.331803
v -0.152850 0.061135 0.336941
v -0.152467 0.060953 0.337063
v -0.123044 0.088805 0.340510
v -0.178735 0.090735 0.322911
v -0.153244 0.060980 0.336817
v -0.152850 0.061135 0.336941
v -0.150500 0.101867 0.331803
v -0.180618 0.032330 0.322462
v -0.153270 0.060165 0.336811
v -0.153418 0.060578 0.336763
v -0.191211 0.061932 0.319041
v -0.188271 0.021561 0.299287
v -0.180618 0.032330 0.322462
v -0.191211 0.061932 0.319041
v -0.202913 0.062481 0.294558
v -0.185669 0.102296 0.299907
v -0.178735 0.090735 0.322911
v -0.150500 0.101867 0.331803
v -0.146638 0.117683 0.312199
v -0.146638 0.117683 0.312199
v -0.150500 0.101867 0.331803
v -0.123044 0.088805 0.340510
v -0.108686 0.099628 0.324234
v -0.094044 0.058708 0.328963
v -0.112451 0.059203 0.343931
v -0.124926 0.030400 0.340062
v -0.111288 0.018893 0.323615
v -0.150319 0.003506 0.311323
v -0.153162 0.019268 0.331169
v -0.180618 0.032330 0.322462
v -0.188271 0.021561 0.299287
v -0.202913 0.062481 0.294558
v -0.191211 0.061932 0.319041
v -0.178735 0.090735 0.322911
v -0.185669 0.102296 0.299907
v -0.108686 0.099628 0.324234
v -0.123044 0.088805 0.340510
v -0.112451 0.059203 0.343931
v -0.094044 0.058708 0.328963
v -0.111288 0.018893 0.323615
v -0.124926 0.030400 0.340062
v -0.153162 0.019268 0.331169
v -0.150319 0.003506 0.311323
v 0.137483 0.320471 -0.112696
v 0.048516 0.309892 -0.132712
v 0.055078 0.402876 -0.177022
v 0.170497 0.412127 -0.140447
v 0.048516 0.309892 -0.132712
v -0.038608 0.308764 -0.122473
v -0.055078 0.402876 -0.177022
v 0.055078 0.402876 -0.177022
v -0.038608 0.308764 -0.122473
v -0.144358 0.322762 -0.093025
v -0.165150 0.404871 -0.139741
v -0.055078 0.402876 -0.177022
v 0.170497 0.412127 -0.140447
v 0.055078 0.402876 -0.177022
v 0.055078 0.529777 -0.195999
v 0.179630 0.502666 -0.156075
v 0.055078 0.402876 -0.177022
v -0.055078 0.402876 -0.177022
v -0.055078 0.529777 -0.195999
v 0.055078 0.529777 -0.195999
v -0.055078 0.402876 -0.177022
v -0.165150 0.404871 -0.139741
v -0.165234 0.506015 -0.157192
v -0.055078 0.529777 -0.195999
v 0.179630 0.502666 -0.156075
v 0.055078 0.529777 -0.195999
v 0.045828 0.633235 -0.147145
v 0.137483 0.606600 -0.123859
v 0.055078 0.529777 -0.195999
v -0.055078 0.529777 -0.195999
v -0.045828 0.633235 -0.147145
v 0.045828 0.633235 -0.147145
v -0.055078 0.529777 -0.195999
v -0.165234 0.506015 -0.157192
v -0.137483 0.606600 -0.123859
v -0.045828 0.633235 -0.147145
v -0.144358 0.322762 -0.093025
v -0.138536 0.286861 -0.031585
v -0.197365 0.343024 0.023314
v -0.165150 0.404871 -0.139741
v -0.165150 0.404871 -0.139741
v -0.197365 0.343024 0.023314
v -0.225028 0.513032 -0.030291
v -0.165234 0.506015 -0.157192
v -0.197365 0.343024 0.023314
v -0.211794 0.369861 0.062664
v -0.209824 0.520767 0.079865
v -0.225028 0.513032 -0.030291
v -0.211794 0.369861 0.062664
v -0.203911 0.402073 0.114719
v -0.200430 0.524971 0.146684
v -0.209824 0.520767 0.079865
v -0.165234 0.506015 -0.157192
v -0.225028 0.513032 -0.030291
v -0.157199 0.644398 -0.021041
v -0.137483 0.606600 -0.123859
v -0.225028 0.513032 -0.030291
v -0.209824 0.520767 0.079865
v -0.168574 0.643695 0.070614
v -0.157199 0.644398 -0.021041
v -0.209824 0.520767 0.079865
v -0.200430 0.524971 0.146684
v -0.149161 0.621222 0.153339
v -0.168574 0.643695 0.070614
v -0.204735 0.410919 0.141955
v -0.145925 0.413670 0.225556
v -0.103966 0.528355 0.253639
v -0.200430 0.524971 0.146684
v -0.045204 0.443749 0.271037
v 0.051215 0.462940 0.264569
v 0.072413 0.548742 0.250280
v -0.103966 0.528355 0.253639
v 0.165804 0.446623 0.201916
v 0.209235 0.443459 0.115985
v 0.200057 0.523446 0.113401
v 0.072413 0.548742 0.250280
v -0.200430 0.524971 0.146684
v -0.103966 0.528355 0.253639
v -0.045828 0.635577 0.185555
v -0.149161 0.621222 0.153339
v -0.103966 0.528355 0.253639
v 0.072413 0.548742 0.250280
v 0.045828 0.635577 0.185555
v -0.045828 0.635577 0.185555
v 0.072413 0.548742 0.250280
v 0.200057 0.523446 0.113401
v 0.141858 0.615640 0.157804
v 0.045828 0.635577 0.185555
v 0.141312 0.286279 -0.037687
v 0.137483 0.320471 -0.112696
v 0.170497 0.412127 -0.140447
v 0.197423 0.334431 0.024346
v 0.209235 0.443459 0.115985
v 0.211872 0.376269 0.070246
v 0.218638 0.512186 0.071687
v 0.200057 0.523446 0.113401
v 0.211872 0.376269 0.070246
v 0.197423 0.334431 0.024346
v 0.207602 0.513032 -0.030291
v 0.218638 0.512186 0.071687
v 0.197423 0.334431 0.024346
v 0.170497 0.412127 -0.140447
v 0.179630 0.502666 -0.156075
v 0.207602 0.513032 -0.030291
v 0.200057 0.523446 0.113401
v 0.218638 0.512186 0.071687
v 0.157263 0.644398 0.070614
v 0.141858 0.615640 0.157804
v 0.218638 0.512186 0.071687
v 0.207602 0.513032 -0.030291
v 0.161863 0.642849 -0.020478
v 0.157263 0.644398 0.070614
v 0.207602 0.513032 -0.030291
v 0.179630 0.502666 -0.156075
v 0.137483 0.606600 -0.123859
v 0.161863 0.642849 -0.020478
v 0.141312 0.286279 -0.037687
v 0.062077 0.268320 -0.071141
v 0.048516 0.309892 -0.132712
v 0.137483 0.320471 -0.112696
v 0.062077 0.268320 -0.071141
v -0.049905 0.263600 -0.074122
v -0.038608 0.308764 -0.122473
v 0.048516 0.309892 -0.132712
v -0.049905 0.263600 -0.074122
v -0.138536 0.286861 -0.031585
v -0.144358 0.322762 -0.093025
v -0.038608 0.308764 -0.122473
v 0.137483 0.606600 -0.123859
v 0.045828 0.633235 -0.147145
v 0.055078 0.680749 -0.031407
v 0.161863 0.642849 -0.020478
v 0.045828 0.633235 -0.147145
v -0.045828 0.633235 -0.147145
v -0.055078 0.680749 -0.031407
v 0.055078 0.680749 -0.031407
v -0.045828 0.633235 -0.147145
v -0.137483 0.606600 -0.123859
v -0.157199 0.644398 -0.021041
v -0.055078 0.680749 -0.031407
v 0.161863 0.642849 -0.020478
v 0.055078 0.680749 -0.031407
v 0.055078 0.680749 0.078748
v 0.157263 0.644398 0.070614
v 0.055078 0.680749 -0.031407
v -0.055078 0.680749 -0.031407
v -0.055078 0.680749 0.078748
v 0.055078 0.680749 0.078748
v -0.055078 0.680749 -0.031407
v -0.157199 0.644398 -0.021041
v -0.168574 0.643695 0.070614
v -0.055078 0.680749 0.078748
v 0.157263 0.644398 0.070614
v 0.055078 0.680749 0.078748
v 0.045828 0.635577 0.185555
v 0.141858 0.615640 0.157804
v 0.055078 0.680749 0.078748
v -0.055078 0.680749 0.078748
v -0.045828 0.635577 0.185555
v 0.045828 0.635577 0.185555
v -0.055078 0.680749 0.078748
v -0.168574 0.643695 0.070614
v -0.149161 0.621222 0.153339
v -0.045828 0.635577 0.185555
v -0.185127 0.361417 0.168162
v -0.160999 0.315341 0.194019
v -0.145925 0.413670 0.225556
v -0.204735 0.410919 0.141955
v 0.207092 0.369187 0.140076
v 0.213974 0.369462 0.126957
v 0.209235 0.443459 0.115985
v 0.165804 0.446623 0.201916
v 0.207461 0.430483 0.058899
v 0.190094 0.432095 0.158002
v 0.198867 0.338587 0.139898
v 0.200400 0.337134 0.054291
v 0.200400 0.337134 0.054291
v 0.198867 0.338587 0.139898
v 0.183177 0.241025 0.120351
v 0.188773 0.240571 0.099719
v -0.195281 0.532457 0.053069
v -0.184712 0.534548 0.144005
v -0.190100 0.412985 0.143323
v -0.202028 0.411216 0.056422
v -0.195738 0.342847 0.073315
v -0.187642 0.344062 0.134560
v -0.165780 0.241025 0.120351
v -0.171376 0.240571 0.099719
v 0.019445 0.376094 0.265917
v 0.037602 0.378339 0.264311
v 0.051215 0.462940 0.264569
v -0.045204 0.443749 0.271037
v 0.200999 0.537637 0.070699
v 0.138746 0.539248 0.173011
v 0.190094 0.432095 0.158002
v 0.207461 0.430483 0.058899
v -0.202028 0.411216 0.056422
v -0.190100 0.412985 0.143323
v -0.187642 0.344062 0.134560
v -0.195738 0.342847 0.073315
v 0.132122 0.326407 -0.106693
v 0.163464 0.414927 -0.133912
v 0.053721 0.405883 -0.167581
v 0.047278 0.316268 -0.125109
v 0.047278 0.316268 -0.125109
v 0.053721 0.405883 -0.167581
v -0.053397 0.406144 -0.167721
v -0.037045 0.315272 -0.115044
v -0.037045 0.315272 -0.115044
v -0.053397 0.406144 -0.167721
v -0.158541 0.408191 -0.133009
v -0.138565 0.328722 -0.087465
v 0.163464 0.414927 -0.133912
v 0.172347 0.501637 -0.149300
v 0.053377 0.528215 -0.186269
v 0.053721 0.405883 -0.167581
v 0.053721 0.405883 -0.167581
v 0.053377 0.528215 -0.186269
v -0.053302 0.528227 -0.186280
v -0.053397 0.406144 -0.167721
v -0.053397 0.406144 -0.167721
v -0.053302 0.528227 -0.186280
v -0.158436 0.505001 -0.149928
v -0.158541 0.408191 -0.133009
v 0.172347 0.501637 -0.149300
v 0.131690 0.600637 -0.118302
v 0.044124 0.626094 -0.140354
v 0.053377 0.528215 -0.186269
v 0.053377 0.528215 -0.186269
v 0.044124 0.626094 -0.140354
v -0.044095 0.626111 -0.140344
v -0.053302 0.528227 -0.186280
v -0.053302 0.528227 -0.186280
v -0.044095 0.626111 -0.140344
v -0.131810 0.600679 -0.118136
v -0.158436 0.505001 -0.149928
v -0.138565 0.328722 -0.087465
v -0.158541 0.408191 -0.133009
v -0.187864 0.345475 0.025246
v -0.132037 0.293051 -0.027175
v -0.158541 0.408191 -0.133009
v -0.158436 0.505001 -0.149928
v -0.215306 0.511708 -0.028360
v -0.187864 0.345475 0.025246
v -0.187864 0.345475 0.025246
v -0.215306 0.511708 -0.028360
v -0.200043 0.518960 0.078832
v -0.201827 0.370431 0.062079
v -0.201827 0.370431 0.062079
v -0.200043 0.518960 0.078832
v -0.191813 0.522500 0.142252
v -0.194018 0.402137 0.113262
v -0.158436 0.505001 -0.149928
v -0.131810 0.600679 -0.118136
v -0.150702 0.637033 -0.019156
v -0.215306 0.511708 -0.028360
v -0.215306 0.511708 -0.028360
v -0.150702 0.637033 -0.019156
v -0.161784 0.636496 0.069168
v -0.200043 0.518960 0.078832
v -0.200043 0.518960 0.078832
v -0.161784 0.636496 0.069168
v -0.143278 0.614727 0.148522
v -0.191813 0.522500 0.142252
v -0.196852 0.410710 0.135805
v -0.191813 0.522500 0.142252
v -0.100062 0.524677 0.245199
v -0.138051 0.413431 0.219396
v -0.045507 0.442559 0.261112
v -0.100062 0.524677 0.245199
v 0.069292 0.544573 0.241742
v 0.050888 0.461825 0.254636
v 0.157508 0.443552 0.197252
v 0.069292 0.544573 0.241742
v 0.191465 0.520238 0.109416
v 0.199939 0.442102 0.112559
v -0.191813 0.522500 0.142252
v -0.143278 0.614727 0.148522
v -0.043992 0.627967 0.179333
v -0.100062 0.524677 0.245199
v -0.100062 0.524677 0.245199
v -0.043992 0.627967 0.179333
v 0.043762 0.628143 0.179195
v 0.069292 0.544573 0.241742
v 0.069292 0.544573 0.241742
v 0.043762 0.628143 0.179195
v 0.135757 0.609757 0.152498
v 0.191465 0.520238 0.109416
v 0.134706 0.292579 -0.033604
v 0.187970 0.336729 0.026659
v 0.163464 0.414927 -0.133912
v 0.132122 0.326407 -0.106693
v 0.199939 0.442102 0.112559
v 0.191465 0.520238 0.109416
v 0.208806 0.510545 0.070892
v 0.201917 0.376873 0.070974
v 0.201917 0.376873 0.070974
v 0.208806 0.510545 0.070892
v 0.197875 0.511548 -0.028507
v 0.187970 0.336729 0.026659
v 0.187970 0.336729 0.026659
v 0.197875 0.511548 -0.028507
v 0.172347 0.501637 -0.149300
v 0.163464 0.414927 -0.133912
v 0.191465 0.520238 0.109416
v 0.135757 0.609757 0.152498
v 0.150635 0.637083 0.069015
v 0.208806 0.510545 0.070892
v 0.208806 0.510545 0.070892
v 0.150635 0.637083 0.069015
v 0.155033 0.635754 -0.018746
v 0.197875 0.511548 -0.028507
v 0.197875 0.511548 -0.028507
v 0.155033 0.635754 -0.018746
v 0.131690 0.600637 -0.118302
v 0.172347 0.501637 -0.149300
v 0.134706 0.292579 -0.033604
v 0.132122 0.326407 -0.106693
v 0.047278 0.316268 -0.125109
v 0.060334 0.276472 -0.065619
v 0.060334 0.276472 -0.065619
v 0.047278 0.316268 -0.125109
v -0.037045 0.315272 -0.115044
v -0.047853 0.271340 -0.068132
v -0.047853 0.271340 -0.068132
v -0.037045 0.315272 -0.115044
v -0.138565 0.328722 -0.087465
v -0.132037 0.293051 -0.027175
v 0.131690 0.600637 -0.118302
v 0.155033 0.635754 -0.018746
v 0.053315 0.671108 -0.029421
v 0.044124 0.626094 -0.140354
v 0.044124 0.626094 -0.140354
v 0.053315 0.671108 -0.029421
v -0.053347 0.671110 -0.029387
v -0.044095 0.626111 -0.140344
v -0.044095 0.626111 -0.140344
v -0.053347 0.671110 -0.029387
v -0.150702 0.637033 -0.019156
v -0.131810 0.600679 -0.118136
v 0.155033 0.635754 -0.018746
v 0.150635 0.637083 0.069015
v 0.053394 0.671092 0.076776
v 0.053315 0.671108 -0.029421
v 0.053315 0.671108 -0.029421
v 0.053394 0.671092 0.076776
v -0.053525 0.671054 0.076853
v -0.053347 0.671110 -0.029387
v -0.053347 0.671110 -0.029387
v -0.053525 0.671054 0.076853
v -0.161784 0.636496 0.069168
v -0.150702 0.637033 -0.019156
v 0.150635 0.637083 0.069015
v 0.135757 0.609757 0.152498
v 0.043762 0.628143 0.179195
v 0.053394 0.671092 0.076776
v 0.053394 0.671092 0.076776
v 0.043762 0.628143 0.179195
v -0.043992 0.627967 0.179333
v -0.053525 0.671054 0.076853
v -0.053525 0.671054 0.076853
v -0.043992 0.627967 0.179333
v -0.143278 0.614727 0.148522
v -0.161784 0.636496 0.069168
v -0.177078 0.361877 0.162246
v -0.196852 0.410710 0.135805
v -0.138051 0.413431 0.219396
v -0.152950 0.315802 0.188102
v 0.197788 0.368302 0.136519
v 0.157508 0.443552 0.197252
v 0.199939 0.442102 0.112559
v 0.204670 0.368576 0.123400
v 0.197719 0.429505 0.056866
v 0.190452 0.337863 0.053581
v 0.188919 0.339317 0.139188
v 0.180623 0.430859 0.155707
v 0.190452 0.337863 0.053581
v 0.178882 0.241871 0.099032
v 0.173286 0.242325 0.119664
v 0.188919 0.339317 0.139188
v -0.205190 0.532966 0.054311
v -0.211944 0.411238 0.057715
v -0.200016 0.412994 0.144618
v -0.194622 0.535057 0.145248
v -0.205555 0.341651 0.074797
v -0.181018 0.238498 0.101373
v -0.175422 0.238952 0.122006
v -0.197450 0.342811 0.136053
v 0.018722 0.376203 0.255944
v -0.045507 0.442559 0.261112
v 0.050888 0.461825 0.254636
v 0.036878 0.378448 0.254338
v 0.191909 0.535263 0.067271
v 0.197719 0.429505 0.056866
v 0.180623 0.430859 0.155707
v 0.129656 0.536875 0.169583
v -0.211944 0.411238 0.057715
v -0.205555 0.341651 0.074797
v -0.197450 0.342811 0.136053
v -0.200016 0.412994 0.144618
v -0.197365 0.343024 0.023314
v -0.138536 0.286861 -0.031585
v -0.132037 0.293051 -0.027175
v -0.187864 0.345475 0.025246
v -0.211794 0.369861 0.062664
v -0.197365 0.343024 0.023314
v -0.187864 0.345475 0.025246
v -0.201827 0.370431 0.062079
v -0.203911 0.402073 0.114719
v -0.211794 0.369861 0.062664
v -0.201827 0.370431 0.062079
v -0.194018 0.402137 0.113262
v -0.200430 0.524971 0.146684
v -0.203911 0.402073 0.114719
v -0.194018 0.402137 0.113262
v -0.191813 0.522500 0.142252
v -0.160999 0.315341 0.194019
v -0.185127 0.361417 0.168162
v -0.177078 0.361877 0.162246
v -0.152950 0.315802 0.188102
v 0.037602 0.378339 0.264311
v 0.019445 0.376094 0.265917
v 0.018722 0.376203 0.255944
v 0.036878 0.378448 0.254338
v 0.213974 0.369462 0.126957
v 0.207092 0.369187 0.140076
v 0.197788 0.368302 0.136519
v 0.204670 0.368576 0.123400
v -0.103966 0.528355 0.253639
v -0.145925 0.413670 0.225556
v -0.138051 0.413431 0.219396
v -0.100062 0.524677 0.245199
v 0.072413 0.548742 0.250280
v 0.051215 0.462940 0.264569
v 0.050888 0.461825 0.254636
v 0.069292 0.544573 0.241742
v 0.211872 0.376269 0.070246
v 0.209235 0.443459 0.115985
v 0.199939 0.442102 0.112559
v 0.201917 0.376873 0.070974
v 0.141312 0.286279 -0.037687
v 0.197423 0.334431 0.024346
v 0.187970 0.336729 0.026659
v 0.134706 0.292579 -0.033604
v 0.197423 0.334431 0.024346
v 0.211872 0.376269 0.070246
v 0.201917 0.376873 0.070974
v 0.187970 0.336729 0.026659
v -0.204735 0.410919 0.141955
v -0.200430 0.524971 0.146684
v -0.191813 0.522500 0.142252
v -0.196852 0.410710 0.135805
v -0.045204 0.443749 0.271037
v -0.103966 0.528355 0.253639
v -0.100062 0.524677 0.245199
v -0.045507 0.442559 0.261112
v 0.062077 0.268320 -0.071141
v 0.141312 0.286279 -0.037687
v 0.134706 0.292579 -0.033604
v 0.060334 0.276472 -0.065619
v 0.165804 0.446623 0.201916
v 0.072413 0.548742 0.250280
v 0.069292 0.544573 0.241742
v 0.157508 0.443552 0.197252
v -0.049905 0.263600 -0.074122
v 0.062077 0.268320 -0.071141
v 0.060334 0.276472 -0.065619
v -0.047853 0.271340 -0.068132
v -0.138536 0.286861 -0.031585
v -0.049905 0.263600 -0.074122
v -0.047853 0.271340 -0.068132
v -0.132037 0.293051 -0.027175
v -0.145925 0.413670 0.225556
v -0.160999 0.315341 0.194019
v -0.152950 0.315802 0.188102
v -0.138051 0.413431 0.219396
v -0.185127 0.361417 0.168162
v -0.204735 0.410919 0.141955
v -0.196852 0.410710 0.135805
v -0.177078 0.361877 0.162246
v 0.207092 0.369187 0.140076
v 0.165804 0.446623 0.201916
v 0.157508 0.443552 0.197252
v 0.197788 0.368302 0.136519
v 0.138746 0.539248 0.173011
v 0.200999 0.537637 0.070699
v 0.191909 0.535263 0.067271
v 0.129656 0.536875 0.169583
v 0.198867 0.338587 0.139898
v 0.190094 0.432095 0.158002
v 0.180623 0.430859 0.155707
v 0.188919 0.339317 0.139188
v 0.200999 0.537637 0.070699
v 0.207461 0.430483 0.058899
v 0.197719 0.429505 0.056866
v 0.191909 0.535263 0.067271
v 0.188773 0.240571 0.099719
v 0.183177 0.241025 0.120351
v 0.173286 0.242325 0.119664
v 0.178882 0.241871 0.099032
v 0.183177 0.241025 0.120351
v 0.198867 0.338587 0.139898
v 0.188919 0.339317 0.139188
v 0.173286 0.242325 0.119664
v 0.200400 0.337134 0.054291
v 0.188773 0.240571 0.099719
v 0.178882 0.241871 0.099032
v 0.190452 0.337863 0.053581
v -0.184712 0.534548 0.144005
v -0.195281 0.532457 0.053069
v -0.205190 0.532966 0.054311
v -0.194622 0.535057 0.145248
v -0.190100 0.412985 0.143323
v -0.184712 0.534548 0.144005
v -0.194622 0.535057 0.145248
v -0.200016 0.412994 0.144618
v -0.195281 0.532457 0.053069
v -0.202028 0.411216 0.056422
v -0.211944 0.411238 0.057715
v -0.205190 0.532966 0.054311
v -0.171376 0.240571 0.099719
v -0.165780 0.241025 0.120351
v -0.175422 0.238952 0.122006
v -0.181018 0.238498 0.101373
v -0.187642 0.344062 0.134560
v -0.190100 0.412985 0.143323
v -0.200016 0.412994 0.144618
v -0.197450 0.342811 0.136053
v -0.195738 0.342847 0.073315
v -0.171376 0.240571 0.099719
v -0.181018 0.238498 0.101373
v -0.205555 0.341651 0.074797
v 0.051215 0.462940 0.264569
v 0.037602 0.378339 0.264311
v 0.036878 0.378448 0.254338
v 0.050888 0.461825 0.254636
v 0.019445 0.376094 0.265917
v -0.045204 0.443749 0.271037
v -0.045507 0.442559 0.261112
v 0.018722 0.376203 0.255944
v 0.190094 0.432095 0.158002
v 0.138746 0.539248 0.173011
v 0.129656 0.536875 0.169583
v 0.180623 0.430859 0.155707
v 0.207461 0.430483 0.058899
v 0.200400 0.337134 0.054291
v 0.190452 0.337863 0.053581
v 0.197719 0.429505 0.056866
v -0.165780 0.241025 0.120351
v -0.187642 0.344062 0.134560
v -0.197450 0.342811 0.136053
v -0.175422 0.238952 0.122006
v -0.202028 0.411216 0.056422
v -0.195738 0.342847 0.073315
v -0.205555 0.341651 0.074797
v -0.211944 0.411238 0.057715
v 0.209235 0.443459 0.115985
v 0.213974 0.369462 0.126957
v 0.204670 0.368576 0.123400
v 0.199939 0.442102 0.112559
v 0.203798 0.525669 0.000000
v 0.252521 0.508299 0.010939
v 0.255073 0.519421 0.038257
v 0.199443 0.536202 0.027517
v 0.188929 0.561632 0.038915
v 0.261233 0.546022 0.048291
v 0.267394 0.572839 0.036876
v 0.178416 0.587062 0.027517
v 0.174061 0.597595 -0.000000
v 0.269946 0.583948 0.009358
v 0.267394 0.572839 -0.018159
v 0.178416 0.587062 -0.027518
v 0.199443 0.536202 -0.027518
v 0.255073 0.519309 -0.018640
v 0.252521 0.508299 0.010939
v 0.203798 0.525669 0.000000
v 0.199443 0.536202 0.027517
v 0.255073 0.519421 0.038257
v 0.261233 0.546022 0.048291
v 0.188929 0.561632 0.038915
v 0.178416 0.587062 0.027517
v 0.267394 0.572839 0.036876
v 0.269946 0.583948 0.009358
v 0.174061 0.597595 -0.000000
v 0.178416 0.587062 -0.027518
v 0.267394 0.572839 -0.018159
v 0.261233 0.546006 -0.030135
v 0.188929 0.561632 -0.038916
v 0.188929 0.561632 -0.038916
v 0.261233 0.546006 -0.030135
v 0.255073 0.519309 -0.018640
v 0.199443 0.536202 -0.027518
v 0.252521 0.508299 0.010939
v 0.255073 0.519309 -0.018640
v 0.263471 0.340901 -0.043129
v 0.247616 0.333587 0.016272
v 0.261233 0.546022 0.048291
v 0.255073 0.519421 0.038257
v 0.270726 0.343121 0.070735
v 0.319247 0.363232 0.088458
v 0.269946 0.583948 0.009358
v 0.267394 0.572839 0.036876
v 0.364828 0.382215 0.056745
v 0.380678 0.389698 -0.002411
v 0.261233 0.546006 -0.030135
v 0.267394 0.572839 -0.018159
v 0.357528 0.381127 -0.054767
v 0.308576 0.362116 -0.080028
v 0.255073 0.519309 -0.018640
v 0.261233 0.546006 -0.030135
v 0.308576 0.362116 -0.080028
v 0.263471 0.340901 -0.043129
v 0.255073 0.519421 0.038257
v 0.252521 0.508299 0.010939
v 0.247616 0.333587 0.016272
v 0.270726 0.343121 0.070735
v 0.267394 0.572839 0.036876
v 0.261233 0.546022 0.048291
v 0.319247 0.363232 0.088458
v 0.364828 0.382215 0.056745
v 0.267394 0.572839 -0.018159
v 0.269946 0.583948 0.009358
v 0.380678 0.389698 -0.002411
v 0.357528 0.381127 -0.054767
v 0.364828 0.382215 0.056745
v 0.319247 0.363232 0.088458
v 0.357056 0.197852 0.108668
v 0.419596 0.226735 0.065294
v 0.357528 0.381127 -0.054767
v 0.380678 0.389698 -0.002411
v 0.440651 0.245383 -0.022015
v 0.408397 0.240189 -0.098328
v 0.247616 0.333587 0.016272
v 0.263471 0.340901 -0.043129
v 0.278646 0.182348 -0.091319
v 0.257134 0.166251 -0.011011
v 0.319247 0.363232 0.088458
v 0.270726 0.343121 0.070735
v 0.289796 0.174757 0.074920
v 0.357056 0.197852 0.108668
v 0.380678 0.389698 -0.002411
v 0.364828 0.382215 0.056745
v 0.419596 0.226735 0.065294
v 0.440651 0.245383 -0.022015
v 0.308576 0.362116 -0.080028
v 0.357528 0.381127 -0.054767
v 0.408397 0.240189 -0.098328
v 0.340944 0.216607 -0.126816
v 0.263471 0.340901 -0.043129
v 0.308576 0.362116 -0.080028
v 0.340944 0.216607 -0.126816
v 0.278646 0.182348 -0.091319
v 0.270726 0.343121 0.070735
v 0.247616 0.333587 0.016272
v 0.257134 0.166251 -0.011011
v 0.289796 0.174757 0.074920
v 0.340944 0.216607 -0.126816
v 0.408397 0.240189 -0.098328
v 0.469768 0.105804 -0.098190
v 0.387979 0.096874 -0.124802
v 0.278646 0.182348 -0.091319
v 0.340944 0.216607 -0.126816
v 0.387979 0.096874 -0.124802
v 0.310869 0.084539 -0.083061
v 0.289796 0.174757 0.074920
v 0.257134 0.166251 -0.011011
v 0.283569 0.076515 0.001654
v 0.322048 0.077700 0.079136
v 0.419596 0.226735 0.065294
v 0.357056 0.197852 0.108668
v 0.403805 0.086934 0.104989
v 0.480927 0.098636 0.063580
v 0.408397 0.240189 -0.098328
v 0.440651 0.245383 -0.022015
v 0.508277 0.106345 -0.019945
v 0.469768 0.105804 -0.098190
v 0.257134 0.166251 -0.011011
v 0.278646 0.182348 -0.091319
v 0.310869 0.084539 -0.083061
v 0.283569 0.076515 0.001654
v 0.357056 0.197852 0.108668
v 0.289796 0.174757 0.074920
v 0.322048 0.077700 0.079136
v 0.403805 0.086934 0.104989
v 0.440651 0.245383 -0.022015
v 0.419596 0.226735 0.065294
v 0.480927 0.098636 0.063580
v 0.508277 0.106345 -0.019945
v 0.508277 0.106345 -0.019945
v 0.480927 0.098636 0.063580
v 0.457757 0.070873 0.042255
v 0.476789 0.075879 -0.015805
v 0.403805 0.086934 0.104989
v 0.322048 0.077700 0.079136
v 0.347208 0.056270 0.053146
v 0.404096 0.062818 0.071122
v 0.283569 0.076515 0.001654
v 0.310869 0.084539 -0.083061
v 0.339428 0.060289 -0.059700
v 0.320436 0.055135 -0.000709
v 0.469768 0.105804 -0.098190
v 0.508277 0.106345 -0.019945
v 0.476789 0.075879 -0.015805
v 0.449995 0.075029 -0.070189
v 0.480927 0.098636 0.063580
v 0.403805 0.086934 0.104989
v 0.404096 0.062818 0.071122
v 0.457757 0.070873 0.042255
v 0.322048 0.077700 0.079136
v 0.283569 0.076515 0.001654
v 0.320436 0.055135 -0.000709
v 0.347208 0.056270 0.053146
v 0.310869 0.084539 -0.083061
v 0.387979 0.096874 -0.124802
v 0.393077 0.068624 -0.088886
v 0.339428 0.060289 -0.059700
v 0.387979 0.096874 -0.124802
v 0.469768 0.105804 -0.098190
v 0.449995 0.075029 -0.070189
v 0.393077 0.068624 -0.088886
v -0.203798 0.525669 0.000000
v -0.199443 0.536202 0.027517
v -0.255073 0.519421 0.038257
v -0.252521 0.508299 0.010939
v -0.188929 0.561632 0.038915
v -0.178416 0.587062 0.027517
v -0.267394 0.572839 0.036876
v -0.261233 0.546022 0.048291
v -0.174061 0.597595 -0.000000
v -0.178416 0.587062 -0.027518
v -0.267394 0.572839 -0.018159
v -0.269946 0.583948 0.009358
v -0.199443 0.536202 -0.027518
v -0.203798 0.525669 0.000000
v -0.252521 0.508299 0.010939
v -0.255073 0.519309 -0.018640
v -0.199443 0.536202 0.027517
v -0.188929 0.561632 0.038915
v -0.261233 0.546022 0.048291
v -0.255073 0.519421 0.038257
v -0.178416 0.587062 0.027517
v -0.174061 0.597595 -0.000000
v -0.269946 0.583948 0.009358
v -0.267394 0.572839 0.036876
v -0.178416 0.587062 -0.027518
v -0.188929 0.561632 -0.038916
v -0.261233 0.546006 -0.030135
v -0.267394 0.572839 -0.018159
v -0.188929 0.561632 -0.038916
v -0.199443 0.536202 -0.027518
v -0.255073 0.519309 -0.018640
v -0.261233 0.546006 -0.030135
v -0.252521 0.508299 0.010939
v -0.247616 0.333587 0.016272
v -0.263471 0.340901 -0.043129
v -0.255073 0.519309 -0.018640
v -0.261233 0.546022 0.048291
v -0.319247 0.363232 0.088458
v -0.270726 0.343121 0.070735
v -0.255073 0.519421 0.038257
v -0.269946 0.583948 0.009358
v -0.380678 0.389698 -0.002411
v -0.364828 0.382215 0.056745
v -0.267394 0.572839 0.036876
v -0.261233 0.546006 -0.030135
v -0.308576 0.362116 -0.080028
v -0.357528 0.381127 -0.054767
v -0.267394 0.572839 -0.018159
v -0.255073 0.519309 -0.018640
v -0.263471 0.340901 -0.043129
v -0.308576 0.362116 -0.080028
v -0.261233 0.546006 -0.030135
v -0.255073 0.519421 0.038257
v -0.270726 0.343121 0.070735
v -0.247616 0.333587 0.016272
v -0.252521 0.508299 0.010939
v -0.267394 0.572839 0.036876
v -0.364828 0.382215 0.056745
v -0.319247 0.363232 0.088458
v -0.261233 0.546022 0.048291
v -0.267394 0.572839 -0.018159
v -0.357528 0.381127 -0.054767
v -0.380678 0.389698 -0.002411
v -0.269946 0.583948 0.009358
v -0.364828 0.382215 0.056745
v -0.419596 0.226735 0.065294
v -0.357056 0.197852 0.108668
v -0.319247 0.363232 0.088458
v -0.357528 0.381127 -0.054767
v -0.408397 0.240189 -0.098328
v -0.440651 0.245383 -0.022015
v -0.380678 0.389698 -0.002411
v -0.247616 0.333587 0.016272
v -0.257134 0.166251 -0.011011
v -0.278646 0.182348 -0.091319
v -0.263471 0.340901 -0.043129
v -0.319247 0.363232 0.088458
v -0.357056 0.197852 0.108668
v -0.289796 0.174757 0.074920
v -0.270726 0.343121 0.070735
v -0.380678 0.389698 -0.002411
v -0.440651 0.245383 -0.022015
v -0.419596 0.226735 0.065294
v -0.364828 0.382215 0.056745
v -0.308576 0.362116 -0.080028
v -0.340944 0.216607 -0.126816
v -0.408397 0.240189 -0.098328
v -0.357528 0.381127 -0.054767
v -0.263471 0.340901 -0.043129
v -0.278646 0.182348 -0.091319
v -0.340944 0.216607 -0.126816
v -0.308576 0.362116 -0.080028
v -0.270726 0.343121 0.070735
v -0.289796 0.174757 0.074920
v -0.257134 0.166251 -0.011011
v -0.247616 0.333587 0.016272
v -0.340944 0.216607 -0.126816
v -0.387979 0.096874 -0.124802
v -0.469768 0.105804 -0.098190
v -0.408397 0.240189 -0.098328
v -0.278646 0.182348 -0.091319
v -0.310869 0.084539 -0.083061
v -0.387979 0.096874 -0.124802
v -0.340944 0.216607 -0.126816
v -0.289796 0.174757 0.074920
v -0.322048 0.077700 0.079136
v -0.283569 0.076515 0.001654
v -0.257134 0.166251 -0.011011
v -0.419596 0.226735 0.065294
v -0.480927 0.098636 0.063580
v -0.403805 0.086934 0.104989
v -0.357056 0.197852 0.108668
v -0.408397 0.240189 -0.098328
v -0.469768 0.105804 -0.098190
v -0.508277 0.106345 -0.019945
v -0.440651 0.245383 -0.022015
v -0.257134 0.166251 -0.011011
v -0.283569 0.076515 0.001654
v -0.310869 0.084539 -0.083061
v -0.278646 0.182348 -0.091319
v -0.357056 0.197852 0.108668
v -0.403805 0.086934 0.104989
v -0.322048 0.077700 0.079136
v -0.289796 0.174757 0.074920
v -0.440651 0.245383 -0.022015
v -0.508277 0.106345 -0.019945
v -0.480927 0.098636 0.063580
v -0.419596 0.226735 0.065294
v -0.508277 0.106345 -0.019945
v -0.476789 0.075879 -0.015805
v -0.457757 0.070873 0.042255
v -0.480927 0.098636 0.063580
v -0.403805 0.086934 0.104989
v -0.404096 0.062818 0.071122
v -0.347208 0.056270 0.053146
v -0.322048 0.077700 0.079136
v -0.283569 0.076515 0.001654
v -0.320436 0.055135 -0.000709
v -0.339428 0.060289 -0.059700
v -0.310869 0.084539 -0.083061
v -0.469768 0.105804 -0.098190
v -0.449995 0.075029 -0.070189
v -0.476789 0.075879 -0.015805
v -0.508277 0.106345 -0.019945
v -0.480927 0.098636 0.063580
v -0.457757 0.070873 0.042255
v -0.404096 0.062818 0.071122
v -0.403805 0.086934 0.104989
v -0.322048 0.077700 0.079136
v -0.347208 0.056270 0.053146
v -0.320436 0.055135 -0.000709
v -0.283569 0.076515 0.001654
v -0.310869 0.084539 -0.083061
v -0.339428 0.060289 -0.059700
v -0.393077 0.068624 -0.088886
v -0.387979 0.096874 -0.124802
v -0.387979 0.096874 -0.124802
v -0.393077 0.068624 -0.088886
v -0.449995 0.075029 -0.070189
v -0.469768 0.105804 -0.098190
v 0.187189 0.076618 0.052192
v 0.197857 0.090123 0.010641
v 0.221472 0.067118 0.008710
v 0.210549 0.053290 0.051253
v 0.249366 0.155335 0.010641
v 0.260034 0.168841 0.052192
v 0.285135 0.147718 0.051253
v 0.274212 0.133889 0.008710
v 0.249366 0.155335 0.093742
v 0.223611 0.122729 0.110953
v 0.247842 0.100504 0.111419
v 0.274212 0.133889 0.093797
v 0.197857 0.090123 0.093742
v 0.187189 0.076618 0.052192
v 0.210549 0.053290 0.051253
v 0.221471 0.067118 0.093797
v 0.197857 0.090123 0.010641
v 0.223611 0.122729 -0.006569
v 0.247842 0.100504 -0.008913
v 0.221472 0.067118 0.008710
v 0.223611 0.122729 -0.006569
v 0.249366 0.155335 0.010641
v 0.274212 0.133889 0.008710
v 0.247842 0.100504 -0.008913
v 0.260034 0.168841 0.052192
v 0.249366 0.155335 0.093742
v 0.274212 0.133889 0.093797
v 0.285135 0.147718 0.051253
v 0.223611 0.122729 0.110953
v 0.197857 0.090123 0.093742
v 0.221471 0.067118 0.093797
v 0.247842 0.100504 0.111419
v 0.147123 0.192887 0.109479
v 0.123312 0.162743 0.093567
v 0.146138 0.140507 0.093621
v 0.170544 0.171405 0.109930
v 0.180796 0.235518 0.055153
v 0.170933 0.223032 0.093567
v 0.194950 0.202303 0.093621
v 0.205059 0.215101 0.054246
v 0.147123 0.192887 0.000827
v 0.170933 0.223032 0.016739
v 0.194950 0.202303 0.014872
v 0.170544 0.171405 -0.001438
v 0.123312 0.162743 0.016739
v 0.147123 0.192887 0.000827
v 0.170544 0.171405 -0.001438
v 0.146138 0.140506 0.014872
v 0.123312 0.162743 0.093567
v 0.113450 0.150256 0.055153
v 0.136029 0.127708 0.054246
v 0.146138 0.140507 0.093621
v 0.170933 0.223032 0.093567
v 0.147123 0.192887 0.109479
v 0.170544 0.171405 0.109930
v 0.194950 0.202303 0.093621
v 0.170933 0.223032 0.016739
v 0.180796 0.235518 0.055153
v 0.205059 0.215101 0.054246
v 0.194950 0.202303 0.014872
v 0.113450 0.150256 0.055153
v 0.123312 0.162743 0.016739
v 0.146138 0.140506 0.014872
v 0.136029 0.127708 0.054246
v -0.187189 0.076618 0.052192
v -0.210549 0.053290 0.051253
v -0.221472 0.067118 0.008710
v -0.197857 0.090123 0.010641
v -0.249366 0.155335 0.010641
v -0.274212 0.133889 0.008710
v -0.285135 0.147718 0.051253
v -0.260034 0.168841 0.052192
v -0.249366 0.155335 0.093742
v -0.274212 0.133889 0.093797
v -0.247842 0.100504 0.111419
v -0.223611 0.122729 0.110953
v -0.197857 0.090123 0.093742
v -0.221471 0.067118 0.093797
v -0.210549 0.053290 0.051253
v -0.187189 0.076618 0.052192
v -0.197857 0.090123 0.010641
v -0.221472 0.067118 0.008710
v -0.247842 0.100504 -0.008913
v -0.223611 0.122729 -0.006569
v -0.223611 0.122729 -0.006569
v -0.247842 0.100504 -0.008913
v -0.274212 0.133889 0.008710
v -0.249366 0.155335 0.010641
v -0.260034 0.168841 0.052192
v -0.285135 0.147718 0.051253
v -0.274212 0.133889 0.093797
v -0.249366 0.155335 0.093742
v -0.223611 0.122729 0.110953
v -0.247842 0.100504 0.111419
v -0.221471 0.067118 0.093797
v -0.197857 0.090123 0.093742
v -0.147123 0.192887 0.109479
v -0.170544 0.171405 0.109930
v -0.146138 0.140507 0.093621
v -0.123312 0.162743 0.093567
v -0.180796 0.235518 0.055153
v -0.205059 0.215101 0.054246
v -0.194950 0.202303 0.093621
v -0.170933 0.223032 0.093567
v -0.147123 0.192887 0.000827
v -0.170544 0.171405 -0.001438
v -0.194950 0.202303 0.014872
v -0.170933 0.223032 0.016739
v -0.123312 0.162743 0.016739
v -0.146138 0.140506 0.014872
v -0.170544 0.171405 -0.001438
v -0.147123 0.192887 0.000827
v -0.123312 0.162743 0.093567
v -0.146138 0.140507 0.093621
v -0.136029 0.127708 0.054246
v -0.113450 0.150256 0.055153
v -0.170933 0.223032 0.093567
v -0.194950 0.202303 0.093621
v -0.170544 0.171405 0.109930
v -0.147123 0.192887 0.109479
v -0.170933 0.223032 0.016739
v -0.194950 0.202303 0.014872
v -0.205059 0.215101 0.054246
v -0.180796 0.235518 0.055153
v -0.113450 0.150256 0.055153
v -0.136029 0.127708 0.054246
v -0.146138 0.140506 0.014872
v -0.123312 0.162743 0.016739
v 0.051643 0.162419 0.213038
v -0.051547 0.162419 0.213038
v -0.005319 0.123109 0.243799
v 0.005415 0.123109 0.243799
v -0.020095 0.250573 0.167337
v 0.020192 0.250573 0.167337
v 0.051643 0.173719 0.227478
v -0.051547 0.173719 0.227478
v -0.005319 0.134410 0.258240
v 0.005415 0.134410 0.258240
v 0.005415 0.123109 0.243799
v -0.005319 0.123109 0.243799
v 0.051643 0.173719 0.227478
v 0.005415 0.134410 0.258240
v -0.005319 0.134410 0.258240
v -0.051547 0.173719 0.227478
v 0.020192 0.239273 0.152897
v -0.020095 0.239273 0.152897
v -0.051547 0.162419 0.213038
v 0.051643 0.162419 0.213038
v -0.024543 0.276471 0.147070
v -0.024543 0.265171 0.132630
v 0.024639 0.265171 0.132630
v 0.024639 0.276471 0.147070
v -0.020095 0.250573 0.167337
v -0.020095 0.239273 0.152897
v -0.024543 0.265171 0.132630
v -0.024543 0.276471 0.147070
v 0.005415 0.134410 0.258240
v 0.051643 0.173719 0.227478
v 0.051643 0.162419 0.213038
v 0.005415 0.123109 0.243799
v 0.051643 0.173719 0.227478
v 0.020192 0.250573 0.167337
v 0.020192 0.239273 0.152897
v 0.051643 0.162419 0.213038
v -0.020095 0.250573 0.167337
v -0.051547 0.173719 0.227478
v -0.051547 0.162419 0.213038
v -0.020095 0.239273 0.152897
v -0.051547 0.173719 0.227478
v -0.005319 0.134410 0.258240
v -0.005319 0.123109 0.243799
v -0.051547 0.162419 0.213038
v 0.020192 0.250573 0.167337
v -0.020095 0.250573 0.167337
v -0.020095 0.254597 0.172479
v 0.020192 0.254597 0.172479
v 0.020192 0.239273 0.152897
v 0.020192 0.250573 0.167337
v 0.024639 0.276471 0.147070
v 0.024639 0.265171 0.132630
v -0.020095 0.239273 0.152897
v 0.020192 0.239273 0.152897
v 0.024639 0.265171 0.132630
v -0.024543 0.265171 0.132630
v 0.020192 0.254597 0.172479
v -0.020095 0.254597 0.172479
v -0.024543 0.280496 0.152212
v 0.024639 0.280496 0.152212
v 0.024639 0.276471 0.147070
v 0.020192 0.250573 0.167337
v 0.020192 0.254597 0.172479
v 0.024639 0.280496 0.152212
v -0.024543 0.276471 0.147070
v 0.024639 0.276471 0.147070
v 0.024639 0.280496 0.152212
v -0.024543 0.280496 0.152212
v -0.020095 0.250573 0.167337
v -0.024543 0.276471 0.147070
v -0.024543 0.280496 0.152212
v -0.020095 0.254597 0.172479
v 0.084398 0.028533 -0.109802
v 0.029337 0.027565 -0.123182
v 0.028715 0.032579 -0.119854
v 0.081545 0.033340 -0.107034
v 0.029337 0.027565 -0.123182
v -0.029799 0.027473 -0.124664
v -0.027814 0.032387 -0.120877
v 0.028715 0.032579 -0.119854
v 0.028715 0.032579 -0.119854
v -0.027814 0.032387 -0.120877
v -0.024095 0.044688 -0.110177
v 0.026385 0.045043 -0.109811
v 0.081545 0.033340 -0.107034
v 0.028715 0.032579 -0.119854
v 0.026385 0.045043 -0.109811
v 0.073856 0.045669 -0.097986
v -0.191906 0.037998 -0.003736
v -0.209510 0.038339 0.046544
v -0.203810 0.042793 0.043223
v -0.186259 0.041705 -0.005799
v -0.209510 0.038339 0.046544
v -0.216264 0.044085 0.096107
v -0.210403 0.049126 0.092147
v -0.203810 0.042793 0.043223
v -0.203810 0.042793 0.043223
v -0.210403 0.049126 0.092147
v -0.194613 0.062255 0.083095
v -0.188259 0.055307 0.035665
v -0.186259 0.041705 -0.005799
v -0.203810 0.042793 0.043223
v -0.188259 0.055307 0.035665
v -0.171060 0.052996 -0.010318
v 0.096228 0.114754 0.252859
v 0.146334 0.115661 0.220907
v 0.147886 0.119215 0.217198
v 0.101948 0.119554 0.248482
v 0.146334 0.115661 0.220907
v 0.181626 0.092816 0.181612
v 0.179256 0.096391 0.178125
v 0.147886 0.119215 0.217198
v 0.147886 0.119215 0.217198
v 0.179256 0.096391 0.178125
v 0.164821 0.104927 0.168379
v 0.137644 0.125656 0.205374
v 0.101948 0.119554 0.248482
v 0.147886 0.119215 0.217198
v 0.137644 0.125656 0.205374
v 0.097651 0.126559 0.234324
v -0.110814 0.125800 0.275990
v -0.060815 0.095502 0.288499
v -0.063858 0.100483 0.279927
v -0.115389 0.128341 0.266915
v -0.060815 0.095502 0.288499
v -0.008282 0.069431 0.285127
v -0.006829 0.076557 0.278000
v -0.063858 0.100483 0.279927
v -0.063858 0.100483 0.279927
v -0.006829 0.076557 0.278000
v -0.004895 0.088039 0.259379
v -0.060884 0.108572 0.260023
v -0.115389 0.128341 0.266915
v -0.063858 0.100483 0.279927
v -0.060884 0.108572 0.260023
v -0.110208 0.132761 0.247307
v 0.156920 0.026364 -0.036415
v 0.127275 0.028166 -0.081526
v 0.123687 0.032526 -0.079353
v 0.154266 0.030754 -0.035366
v 0.127275 0.028166 -0.081526
v 0.084398 0.028533 -0.109802
v 0.081545 0.033340 -0.107034
v 0.123687 0.032526 -0.079353
v 0.123687 0.032526 -0.079353
v 0.081545 0.033340 -0.107034
v 0.073856 0.045669 -0.097986
v 0.113098 0.044688 -0.071529
v 0.154266 0.030754 -0.035366
v 0.123687 0.032526 -0.079353
v 0.113098 0.044688 -0.071529
v 0.142873 0.043473 -0.030194
v -0.130326 0.033955 -0.093181
v -0.165835 0.036835 -0.053179
v -0.160356 0.040526 -0.052758
v -0.125364 0.038099 -0.090340
v -0.165835 0.036835 -0.053179
v -0.191906 0.037998 -0.003736
v -0.186259 0.041705 -0.005799
v -0.160356 0.040526 -0.052758
v -0.160356 0.040526 -0.052758
v -0.186259 0.041705 -0.005799
v -0.171060 0.052996 -0.010318
v -0.146249 0.051398 -0.051229
v -0.125364 0.038099 -0.090340
v -0.160356 0.040526 -0.052758
v -0.146249 0.051398 -0.051229
v -0.113395 0.049281 -0.082790
v -0.008282 0.069431 0.285127
v 0.044045 0.086424 0.273626
v 0.049356 0.093053 0.268035
v -0.006829 0.076557 0.278000
v 0.044045 0.086424 0.273626
v 0.096228 0.114754 0.252859
v 0.101948 0.119554 0.248482
v 0.049356 0.093053 0.268035
v 0.049356 0.093053 0.268035
v 0.101948 0.119554 0.248482
v 0.097651 0.126559 0.234324
v 0.049185 0.103113 0.251490
v -0.006829 0.076557 0.278000
v 0.049356 0.093053 0.268035
v 0.049185 0.103113 0.251490
v -0.004895 0.088039 0.259379
v -0.188752 0.088219 0.194256
v -0.154751 0.118231 0.241478
v -0.155647 0.120496 0.233444
v -0.184737 0.091630 0.187954
v -0.154751 0.118231 0.241478
v -0.110814 0.125800 0.275990
v -0.115389 0.128341 0.266915
v -0.155647 0.120496 0.233444
v -0.155647 0.120496 0.233444
v -0.115389 0.128341 0.266915
v -0.110208 0.132761 0.247307
v -0.145628 0.125764 0.216176
v -0.184737 0.091630 0.187954
v -0.155647 0.120496 0.233444
v -0.145628 0.125764 0.216176
v -0.170113 0.100377 0.173950
v 0.185695 0.034536 0.086671
v 0.174842 0.025349 0.024166
v 0.174260 0.030687 0.023249
v 0.185935 0.040414 0.083946
v 0.174842 0.025349 0.024166
v 0.156920 0.026364 -0.036415
v 0.154266 0.030754 -0.035366
v 0.174260 0.030687 0.023249
v 0.174260 0.030687 0.023249
v 0.154266 0.030754 -0.035366
v 0.142873 0.043473 -0.030194
v 0.163081 0.044965 0.023539
v 0.185935 0.040414 0.083946
v 0.174260 0.030687 0.023249
v 0.163081 0.044965 0.023539
v 0.174204 0.055101 0.079216
v -0.029799 0.027473 -0.124664
v -0.084325 0.030131 -0.116034
v -0.080459 0.034731 -0.112185
v -0.027814 0.032387 -0.120877
v -0.084325 0.030131 -0.116034
v -0.130326 0.033955 -0.093181
v -0.125364 0.038099 -0.090340
v -0.080459 0.034731 -0.112185
v -0.080459 0.034731 -0.112185
v -0.125364 0.038099 -0.090340
v -0.113395 0.049281 -0.082790
v -0.071893 0.046513 -0.101819
v -0.027814 0.032387 -0.120877
v -0.080459 0.034731 -0.112185
v -0.071893 0.046513 -0.101819
v -0.024095 0.044688 -0.110177
v -0.216264 0.044085 0.096107
v -0.209500 0.061070 0.145200
v -0.203569 0.065660 0.140315
v -0.210403 0.049126 0.092147
v -0.209500 0.061070 0.145200
v -0.188752 0.088219 0.194256
v -0.184737 0.091630 0.187954
v -0.203569 0.065660 0.140315
v -0.203569 0.065660 0.140315
v -0.184737 0.091630 0.187954
v -0.170113 0.100377 0.173950
v -0.187464 0.077429 0.129196
v -0.210403 0.049126 0.092147
v -0.203569 0.065660 0.140315
v -0.187464 0.077429 0.129196
v -0.194613 0.062255 0.083095
v 0.181626 0.092816 0.181612
v 0.191629 0.060691 0.138324
v 0.189952 0.065550 0.134912
v 0.179256 0.096391 0.178125
v 0.191629 0.060691 0.138324
v 0.185695 0.034536 0.086671
v 0.185935 0.040414 0.083946
v 0.189952 0.065550 0.134912
v 0.189952 0.065550 0.134912
v 0.185935 0.040414 0.083946
v 0.174204 0.055101 0.079216
v 0.176010 0.077679 0.127110
v 0.179256 0.096391 0.178125
v 0.189952 0.065550 0.134912
v 0.176010 0.077679 0.127110
v 0.164821 0.104927 0.168379
vn 0.1643 -0.9721 -0.1672
vn 0.0653 -0.9848 -0.1611
vn 0.0089 -0.9998 0.0167
vn 0.1888 -0.9789 0.0779
vn 0.2409 -0.9650 -0.1036
vn 0.0001 -0.9962 -0.0870
vn 0.0874 -0.9926 0.0848
vn 0.2529 -0.9675 -0.0005
vn -0.1643 -0.9721 -0.1672
vn -0.0653 -0.9848 -0.1611
vn -0.0089 -0.9998 0.0167
vn -0.1888 -0.9789 0.0779
vn -0.2409 -0.9650 -0.1036
vn -0.0001 -0.9962 -0.0870
vn -0.0874 -0.9926 0.0848
vn -0.2529 -0.9675 -0.0005
vn 0.2492 -0.1341 0.9591
vn 0.1666 0.0542 0.9845
vn 0.1665 0.0541 0.9846
vn 0.4220 0.0613 0.9045
vn 0.3549 -0.1287 0.9260
vn 0.1702 -0.0584 0.9837
vn 0.1702 -0.0583 0.9837
vn 0.2405 0.1351 0.9612
vn 0.2404 0.1351 0.9612
vn 0.3463 0.1371 0.9281
vn 0.3464 0.1370 0.9280
vn 0.4255 -0.0478 0.9037
vn 0.4254 -0.0478 0.9037
vn 0.8724 -0.2647 0.4110
vn 0.4495 0.7364 0.5056
vn -0.1559 0.7535 0.6386
vn -0.5849 -0.3515 0.7310
vn 0.4963 -0.7131 0.4952
vn 0.8538 0.3140 0.4152
vn -0.6063 0.3020 0.7357
vn -0.1063 -0.7712 0.6277
vn -0.2492 -0.1341 0.9591
vn -0.1665 0.0541 0.9846
vn -0.1666 0.0542 0.9845
vn -0.4220 0.0613 0.9045
vn -0.3549 -0.1287 0.9260
vn -0.1702 -0.0583 0.9837
vn -0.1702 -0.0584 0.9837
vn -0.2404 0.1351 0.9612
vn -0.2405 0.1351 0.9612
vn -0.3464 0.1370 0.9280
vn -0.3463 0.1371 0.9281
vn -0.4254 -0.0478 0.9037
vn -0.4255 -0.0478 0.9037
vn -0.8724 -0.2647 0.4110
vn -0.4495 0.7364 0.5056
vn 0.1559 0.7535 0.6386
vn 0.5849 -0.3515 0.7310
vn -0.4963 -0.7131 0.4952
vn -0.8538 0.3140 0.4152
vn 0.6063 0.3020 0.7357
vn 0.1063 -0.7712 0.6277
vn 0.2803 -0.4006 -0.8723
vn 0.2804 -0.4006 -0.8723
vn 0.2804 -0.4005 -0.8723
vn -0.0431 -0.4685 -0.8824
vn -0.2871 -0.5223 -0.8030
vn -0.2870 -0.5222 -0.8031
vn -0.2870 -0.5222 -0.8030
vn 0.2887 -0.1623 -0.9436
vn -0.0000 -0.1479 -0.9890
vn -0.3096 -0.1502 -0.9389
vn -0.3096 -0.1501 -0.9389
vn -0.3096 -0.1501 -0.9390
vn 0.3488 0.4150 -0.8403
vn 0.3488 0.4149 -0.8403
vn -0.0000 0.4270 -0.9043
vn -0.3596 0.4041 -0.8411
vn -0.3597 0.4040 -0.8411
vn -0.8344 -0.4627 -0.2996
vn -0.9271 -0.1809 -0.3284
vn -0.9968 -0.0772 0.0230
vn -0.9967 -0.0772 0.0230
vn -0.9893 -0.0065 0.1458
vn -0.9893 -0.0065 0.1457
vn -0.8336 0.4112 -0.3688
vn -0.8336 0.4112 -0.3687
vn -0.9190 0.3942 0.0037
vn -0.8979 0.3816 0.2196
vn -0.8979 0.3816 0.2195
vn -0.7746 0.0665 0.6290
vn -0.7746 0.0664 0.6290
vn 0.0086 0.1847 0.9828
vn 0.0086 0.1846 0.9828
vn 0.7754 0.2966 0.5575
vn -0.5265 0.4923 0.6931
vn -0.5265 0.4924 0.6931
vn -0.0329 0.5681 0.8223
vn 0.5987 0.3645 0.7133
vn 0.5987 0.3644 0.7133
vn 0.8329 -0.4529 -0.3181
vn 0.8328 -0.4529 -0.3182
vn 0.9742 0.0121 0.2255
vn 0.9742 0.0121 0.2256
vn 0.9859 -0.0782 -0.1482
vn 0.9693 -0.1248 -0.2120
vn 0.9692 -0.1249 -0.2121
vn 0.9692 -0.1249 -0.2120
vn 0.8679 0.4076 0.2841
vn 0.8678 0.4076 0.2842
vn 0.8678 0.4076 0.2841
vn 0.9248 0.3791 -0.0322
vn 0.8813 0.3815 -0.2789
vn 0.8813 0.3815 -0.2790
vn 0.2953 -0.8190 -0.4919
vn 0.2954 -0.8190 -0.4919
vn 0.0005 -0.7850 -0.6194
vn 0.0005 -0.7850 -0.6195
vn -0.3527 -0.7443 -0.5671
vn -0.3527 -0.7443 -0.5672
vn 0.3448 0.8580 -0.3808
vn 0.3447 0.8580 -0.3809
vn 0.3446 0.8580 -0.3810
vn 0.3446 0.8580 -0.3809
vn -0.0000 0.9251 -0.3798
vn -0.3451 0.8579 -0.3807
vn -0.3450 0.8579 -0.3807
vn -0.3449 0.8580 -0.3806
vn -0.3450 0.8580 -0.3806
vn 0.3348 0.9423 0.0005
vn 0.3348 0.9423 0.0004
vn 0.3348 0.9423 0.0003
vn -0.0000 1.0000 -0.0000
vn -0.3220 0.9466 -0.0144
vn -0.3224 0.9465 -0.0149
vn 0.3153 0.8728 0.3727
vn 0.3153 0.8727 0.3727
vn -0.0000 0.9210 0.3895
vn -0.2781 0.8906 0.3599
vn -0.8049 -0.0459 0.5916
vn -0.8049 -0.0460 0.5916
vn -0.8049 -0.0461 0.5917
vn -0.8049 -0.0460 0.5917
vn 0.8866 0.1194 0.4469
vn 0.8867 0.1193 0.4468
vn 0.9948 -0.0033 0.1019
vn 0.9948 -0.0032 0.1019
vn 0.9948 -0.0033 0.1018
vn 0.9891 -0.1300 0.0687
vn 0.9910 -0.0508 -0.1242
vn 0.9909 -0.0509 -0.1243
vn 0.9642 0.2072 -0.1655
vn 0.9642 0.2073 -0.1654
vn 0.9642 0.2073 -0.1655
vn 0.0723 -0.0110 0.9973
vn 0.0722 -0.0109 0.9973
vn 0.0724 -0.0110 0.9973
vn 0.9120 0.2013 0.3573
vn 0.9120 0.2014 0.3573
vn 0.9893 0.0551 -0.1348
vn 0.9893 0.0550 -0.1349
vn -0.2736 0.4002 0.8746
vn 0.0440 0.4678 0.8828
vn 0.0440 0.4678 0.8827
vn 0.2817 0.5238 0.8039
vn 0.2816 0.5237 0.8040
vn -0.2794 0.1656 0.9458
vn -0.0005 0.1507 0.9886
vn 0.3028 0.1524 0.9408
vn 0.3026 0.1522 0.9409
vn 0.3027 0.1523 0.9408
vn 0.3027 0.1522 0.9409
vn -0.3451 -0.4160 0.8413
vn -0.3452 -0.4161 0.8412
vn -0.3453 -0.4162 0.8412
vn -0.0000 -0.4247 0.9053
vn -0.0001 -0.4248 0.9053
vn 0.3574 -0.4045 0.8418
vn 0.3576 -0.4043 0.8418
vn 0.8347 0.4643 0.2961
vn 0.9286 0.1830 0.3227
vn 0.9966 0.0781 -0.0264
vn 0.9966 0.0781 -0.0265
vn 0.9899 0.0094 -0.1414
vn 0.8339 -0.4123 0.3670
vn 0.8339 -0.4123 0.3669
vn 0.9208 -0.3900 -0.0063
vn 0.9008 -0.3763 -0.2167
vn 0.9008 -0.3762 -0.2167
vn 0.7776 -0.0595 -0.6260
vn 0.7775 -0.0595 -0.6260
vn -0.0111 -0.1745 -0.9846
vn -0.7785 -0.2918 -0.5557
vn -0.7784 -0.2919 -0.5558
vn 0.5255 -0.4926 -0.6937
vn 0.0330 -0.5697 -0.8212
vn -0.6012 -0.3623 -0.7123
vn -0.6011 -0.3623 -0.7123
vn -0.6012 -0.3622 -0.7123
vn -0.8340 0.4536 0.3142
vn -0.8340 0.4536 0.3141
vn -0.9743 -0.0107 -0.2249
vn -0.9743 -0.0107 -0.2250
vn -0.9856 0.0803 0.1488
vn -0.9856 0.0803 0.1487
vn -0.9713 0.1245 0.2029
vn -0.9712 0.1245 0.2029
vn -0.9712 0.1245 0.2030
vn -0.8688 -0.4031 -0.2877
vn -0.8687 -0.4031 -0.2878
vn -0.9267 -0.3744 0.0330
vn -0.8834 -0.3804 0.2737
vn -0.8834 -0.3805 0.2737
vn -0.8834 -0.3805 0.2736
vn -0.2908 0.8215 0.4905
vn -0.2907 0.8215 0.4905
vn -0.0008 0.7858 0.6184
vn -0.0007 0.7859 0.6184
vn 0.3505 0.7452 0.5673
vn 0.3505 0.7452 0.5674
vn -0.3419 -0.8595 0.3800
vn -0.3418 -0.8595 0.3800
vn -0.3416 -0.8595 0.3802
vn 0.0001 -0.9266 0.3760
vn -0.0001 -0.9267 0.3758
vn 0.3428 -0.8595 0.3791
vn 0.3427 -0.8596 0.3790
vn 0.3428 -0.8595 0.3790
vn -0.3293 -0.9442 -0.0011
vn -0.3292 -0.9443 -0.0010
vn -0.3292 -0.9443 -0.0009
vn 0.0003 -1.0000 -0.0002
vn -0.0000 -1.0000 -0.0005
vn 0.3169 -0.9483 0.0156
vn 0.3168 -0.9484 0.0154
vn 0.3168 -0.9484 0.0155
vn -0.3100 -0.8751 -0.3717
vn 0.0006 -0.9220 -0.3872
vn 0.0005 -0.9220 -0.3872
vn 0.0007 -0.9220 -0.3871
vn 0.2723 -0.8922 -0.3603
vn 0.2723 -0.8922 -0.3602
vn 0.8050 0.0463 -0.5915
vn 0.8050 0.0464 -0.5915
vn 0.8051 0.0462 -0.5914
vn 0.8049 0.0464 -0.5915
vn -0.8872 -0.1189 -0.4458
vn -0.8872 -0.1189 -0.4457
vn -0.8872 -0.1189 -0.4459
vn -0.9949 0.0053 -0.1006
vn -0.9949 0.0053 -0.1005
vn -0.9891 0.1302 -0.0687
vn -0.9910 0.0507 0.1242
vn -0.9909 0.0508 0.1243
vn -0.9910 0.0508 0.1242
vn -0.9643 -0.2069 0.1654
vn -0.9643 -0.2069 0.1655
vn -0.0726 0.0121 -0.9973
vn -0.0726 0.0120 -0.9973
vn -0.9118 -0.2035 -0.3567
vn -0.9118 -0.2035 -0.3566
vn -0.9118 -0.2036 -0.3567
vn -0.9893 -0.0551 0.1349
vn -0.9893 -0.0552 0.1348
vn 0.0651 -0.6659 0.7432
vn 0.0651 -0.6658 0.7432
vn 0.0853 -0.8089 0.5817
vn 0.0803 -0.8529 0.5159
vn 0.2659 -0.2401 0.9336
vn 0.2658 -0.2402 0.9336
vn -0.4491 -0.6044 -0.6580
vn 0.1210 -0.9925 -0.0197
vn 0.0856 -0.9960 0.0241
vn 0.6639 -0.3875 0.6396
vn 0.6640 -0.3875 0.6395
vn 0.9635 -0.2441 -0.1100
vn -0.0947 -0.5503 0.8296
vn -0.0948 -0.5503 0.8295
vn -0.1271 -0.7337 0.6674
vn -0.1270 -0.7338 0.6674
vn -0.1271 -0.7338 0.6674
vn -0.0051 -0.7393 0.6734
vn -0.0050 -0.7393 0.6734
vn -0.5314 0.0638 -0.8447
vn -0.8258 -0.5638 -0.0124
vn -0.8258 -0.5638 -0.0125
vn -0.1889 -0.6169 0.7641
vn -0.1888 -0.6169 0.7640
vn -0.1888 -0.6169 0.7641
vn -0.3719 -0.6399 0.6725
vn -0.3719 -0.6398 0.6725
vn 0.0061 -0.5867 0.8097
vn 0.0060 -0.5867 0.8098
vn 0.0061 -0.5867 0.8098
vn 0.1821 -0.6576 0.7310
vn 0.1821 -0.6576 0.7311
vn 0.5737 -0.3283 0.7504
vn 0.5736 -0.3284 0.7504
vn -0.4963 -0.5558 -0.6669
vn -0.1834 -0.6731 0.7164
vn -0.1834 -0.6731 0.7165
vn -0.1833 -0.6731 0.7165
vn -0.2013 0.9698 -0.1377
vn -0.2013 0.9698 -0.1378
vn -0.1450 -0.1949 0.9700
vn -0.1451 -0.1949 0.9700
vn 0.2578 0.1149 -0.9594
vn 0.2577 0.1149 -0.9594
vn 0.2578 0.1149 -0.9593
vn -0.1294 -0.9915 -0.0133
vn -0.0877 -0.1826 0.9793
vn -0.0876 -0.1825 0.9793
vn 0.0198 -0.4287 -0.9032
vn 0.0197 -0.4287 -0.9032
vn 0.0477 0.9985 -0.0285
vn 0.1267 -0.0109 0.9919
vn 0.1266 -0.0109 0.9919
vn -0.1274 -0.0205 -0.9916
vn 0.2045 -0.9783 -0.0339
vn 0.1462 -0.1171 0.9823
vn -0.1084 -0.2724 -0.9561
vn -0.1083 -0.2724 -0.9561
vn 0.9858 -0.1620 -0.0439
vn -0.7159 -0.6942 0.0746
vn -0.7156 -0.6945 0.0747
vn -0.2422 -0.2435 0.9392
vn 0.1375 0.0316 -0.9900
vn 0.1376 0.0316 -0.9900
vn 0.1751 -0.0967 0.9798
vn -0.1204 -0.2478 -0.9613
vn 0.3612 -0.1137 -0.9255
vn -0.3551 -0.8734 0.3333
vn -0.0330 0.3978 0.9169
vn -0.0329 0.3974 0.9170
vn 0.1744 0.9183 -0.3554
vn -0.2355 -0.9117 -0.3366
vn -0.2354 -0.9117 -0.3366
vn -0.2380 -0.3869 0.8909
vn -0.2380 -0.3868 0.8909
vn 0.1032 0.9268 0.3611
vn 0.1771 0.4141 -0.8929
vn 0.1770 0.4141 -0.8929
vn 0.1770 0.4140 -0.8929
vn 0.0248 -0.4002 -0.9161
vn 0.0248 -0.4001 -0.9161
vn -0.9793 0.0013 -0.2023
vn -0.4998 0.0721 0.8632
vn -0.4997 0.0721 0.8632
vn 0.8425 0.4615 0.2779
vn 0.8425 0.4615 0.2778
vn 0.3290 0.3247 -0.8868
vn 0.3291 0.3247 -0.8867
vn -0.7042 0.0372 -0.7090
vn -0.7041 0.0373 -0.7091
vn -0.9544 0.0030 0.2987
vn -0.9543 0.0029 0.2987
vn -0.9543 0.0030 0.2987
vn 0.4280 0.3144 0.8473
vn 0.8031 0.4647 -0.3729
vn 0.4902 0.2171 0.8442
vn 0.4901 0.2171 0.8442
vn 0.8221 0.4075 -0.3976
vn -0.9654 -0.0129 -0.2603
vn -0.9654 -0.0129 -0.2604
vn -0.4055 -0.0023 0.9141
vn 0.8984 0.3333 0.2859
vn 0.8985 0.3333 0.2858
vn 0.8984 0.3333 0.2858
vn 0.2785 0.3616 -0.8898
vn -0.6047 0.1498 -0.7823
vn -0.6046 0.1498 -0.7823
vn -0.9196 -0.1044 0.3787
vn 0.3188 0.1281 -0.9391
vn 0.3188 0.1280 -0.9391
vn -0.4242 -0.1963 -0.8840
vn -0.8843 -0.2418 0.3994
vn -0.8844 -0.2417 0.3993
vn -0.8844 -0.2418 0.3993
vn 0.4679 0.1921 0.8627
vn 0.4678 0.1921 0.8627
vn 0.8319 0.3893 -0.3954
vn 0.8319 0.3893 -0.3953
vn 0.8320 0.3893 -0.3953
vn -0.8966 -0.3152 -0.3112
vn -0.8966 -0.3150 -0.3114
vn -0.8966 -0.3151 -0.3112
vn -0.3442 -0.1283 0.9301
vn -0.3441 -0.1283 0.9301
vn 0.8570 0.4141 0.3067
vn 0.6945 -0.7004 0.1646
vn -0.0905 -0.8108 0.5783
vn -0.0906 -0.8107 0.5784
vn -0.0907 -0.8106 0.5785
vn -0.5030 -0.8308 -0.2382
vn 0.6431 -0.7006 -0.3093
vn 0.6430 -0.7006 -0.3093
vn 0.3996 -0.7446 0.5346
vn 0.3996 -0.7447 0.5345
vn 0.3997 -0.7448 0.5344
vn -0.4706 -0.8466 0.2487
vn -0.4706 -0.8466 0.2488
vn -0.4706 -0.8465 0.2487
vn -0.1938 -0.7865 -0.5865
vn -0.1938 -0.7864 -0.5865
vn -0.1938 -0.7865 -0.5864
vn 0.2823 -0.7362 -0.6150
vn 0.2823 -0.7362 -0.6151
vn 0.3551 -0.8734 0.3333
vn 0.0329 0.3974 0.9170
vn 0.0330 0.3978 0.9169
vn -0.1744 0.9183 -0.3554
vn 0.2355 -0.9117 -0.3366
vn 0.2354 -0.9117 -0.3366
vn 0.2380 -0.3869 0.8909
vn 0.2380 -0.3868 0.8909
vn -0.1032 0.9268 0.3611
vn -0.1771 0.4141 -0.8929
vn -0.1770 0.4140 -0.8929
vn -0.1770 0.4141 -0.8929
vn -0.0246 -0.4004 -0.9160
vn -0.0248 -0.4002 -0.9161
vn 0.9793 0.0013 -0.2023
vn 0.4998 0.0721 0.8632
vn 0.4997 0.0721 0.8632
vn -0.8425 0.4615 0.2779
vn -0.3290 0.3247 -0.8868
vn -0.3291 0.3247 -0.8867
vn -0.3290 0.3246 -0.8868
vn 0.7042 0.0372 -0.7090
vn 0.7041 0.0373 -0.7091
vn 0.7041 0.0372 -0.7091
vn 0.9544 0.0030 0.2987
vn 0.9543 0.0029 0.2987
vn -0.4280 0.3144 0.8473
vn -0.8031 0.4647 -0.3729
vn -0.4902 0.2171 0.8442
vn -0.4901 0.2171 0.8442
vn -0.8221 0.4075 -0.3976
vn 0.9654 -0.0129 -0.2604
vn 0.9654 -0.0129 -0.2603
vn 0.9655 -0.0130 -0.2602
vn 0.4055 -0.0023 0.9141
vn -0.8984 0.3333 0.2859
vn -0.8985 0.3333 0.2858
vn -0.2785 0.3616 -0.8898
vn 0.6047 0.1498 -0.7823
vn 0.6046 0.1498 -0.7823
vn 0.9196 -0.1044 0.3787
vn -0.3188 0.1281 -0.9391
vn -0.3188 0.1280 -0.9391
vn 0.4242 -0.1963 -0.8840
vn 0.8843 -0.2418 0.3994
vn 0.8844 -0.2418 0.3993
vn 0.8844 -0.2417 0.3993
vn -0.4679 0.1921 0.8627
vn -0.4678 0.1921 0.8627
vn -0.8320 0.3893 -0.3953
vn -0.8319 0.3893 -0.3953
vn -0.8319 0.3893 -0.3954
vn 0.8966 -0.3152 -0.3112
vn 0.8966 -0.3151 -0.3112
vn 0.8966 -0.3150 -0.3114
vn 0.3442 -0.1283 0.9301
vn 0.3441 -0.1283 0.9301
vn -0.8570 0.4141 0.3067
vn -0.6945 -0.7004 0.1646
vn -0.6945 -0.7005 0.1646
vn 0.0905 -0.8107 0.5784
vn 0.0905 -0.8108 0.5783
vn 0.0906 -0.8107 0.5784
vn 0.5030 -0.8308 -0.2382
vn -0.6431 -0.7005 -0.3093
vn -0.6431 -0.7006 -0.3093
vn -0.3996 -0.7446 0.5346
vn -0.3997 -0.7447 0.5344
vn -0.3997 -0.7449 0.5342
vn 0.4706 -0.8466 0.2487
vn 0.4705 -0.8466 0.2488
vn 0.1938 -0.7865 -0.5865
vn 0.1938 -0.7864 -0.5865
vn -0.2823 -0.7362 -0.6151
vn -0.2823 -0.7362 -0.6150
vn -0.6612 -0.6468 -0.3800
vn 0.5865 0.7139 -0.3826
vn 0.2490 0.2909 0.9238
vn -0.6457 -0.6619 0.3809
vn -0.3098 -0.2408 -0.9198
vn 0.2074 0.3235 -0.9232
vn 0.6033 0.6999 0.3824
vn -0.2695 -0.2744 0.9231
vn 0.6612 -0.6468 -0.3800
vn -0.5865 0.7139 -0.3826
vn -0.2490 0.2909 0.9238
vn 0.6457 -0.6619 0.3809
vn 0.3098 -0.2408 -0.9198
vn -0.2074 0.3235 -0.9232
vn -0.6033 0.6999 0.3824
vn 0.2695 -0.2744 0.9231
vn -0.0000 0.6163 0.7875
vn -0.0000 -0.6163 -0.7875
vn -0.0000 0.7875 -0.6163
vn -0.0000 -0.7875 0.6163
vn 0.9910 0.1056 -0.0826
vn -0.7337 0.5351 -0.4188
vn -0.9518 -0.2416 0.1890
vn 0.9518 -0.2416 0.1890
vn 0.7337 0.5351 -0.4188
vn -0.9910 0.1056 -0.0826
vn 0.1862 0.5649 -0.8039
vn 0.1862 0.5648 -0.8039
vn 0.0162 0.5810 -0.8138
vn 0.0162 0.5810 -0.8137
vn 0.0067 0.6419 -0.7668
vn 0.0067 0.6419 -0.7667
vn 0.1741 0.6440 -0.7450
vn 0.1741 0.6440 -0.7449
vn -0.6388 0.7320 -0.2367
vn -0.6389 0.7320 -0.2367
vn -0.6894 0.7018 -0.1795
vn -0.6799 0.7085 -0.1890
vn -0.6531 0.7096 -0.2643
vn 0.5206 0.3150 0.7936
vn 0.5206 0.3150 0.7935
vn 0.5206 0.3151 0.7935
vn 0.7859 0.4816 0.3879
vn 0.7859 0.4816 0.3878
vn 0.7859 0.4817 0.3878
vn 0.5513 0.8327 -0.0525
vn 0.5512 0.8327 -0.0525
vn 0.2466 0.9101 0.3330
vn 0.4558 0.8727 0.1752
vn 0.3701 0.7535 0.5434
vn 0.3701 0.7534 0.5435
vn 0.3340 0.8225 0.4604
vn 0.3582 0.8663 0.3482
vn 0.6585 0.6244 -0.4201
vn 0.4273 0.6429 -0.6357
vn 0.4041 0.7040 -0.5841
vn 0.4041 0.7039 -0.5841
vn 0.5817 0.7158 -0.3864
vn -0.4402 0.7752 -0.4530
vn -0.5570 0.7669 -0.3189
vn -0.5569 0.7669 -0.3189
vn -0.5857 0.7257 -0.3610
vn -0.4544 0.7409 -0.4946
vn -0.0737 0.6964 0.7139
vn -0.1012 0.7076 0.6993
vn -0.2320 0.8355 0.4981
vn -0.2319 0.8355 0.4981
vn -0.1595 0.8454 0.5098
vn -0.1595 0.8453 0.5099
vn -0.7506 0.6539 0.0955
vn -0.7506 0.6538 0.0956
vn -0.7498 0.6546 0.0964
vn -0.4490 0.8125 0.3718
vn -0.4490 0.8125 0.3719
vn -0.2945 0.9471 0.1274
vn -0.6020 0.7894 -0.1206
vn -0.6020 0.7894 -0.1205
vn 0.9841 -0.0272 -0.1758
vn 0.9841 -0.0271 -0.1758
vn 0.9081 0.3058 -0.2861
vn 0.9081 0.3059 -0.2861
vn 0.7132 0.6496 -0.2634
vn 0.7776 0.5766 -0.2507
vn 0.7776 0.5766 -0.2508
vn -0.0904 0.6566 -0.7488
vn -0.2513 0.7352 -0.6295
vn -0.2513 0.7353 -0.6295
vn -0.2514 0.7352 -0.6295
vn -0.2517 0.7252 -0.6409
vn -0.2516 0.7251 -0.6410
vn -0.2517 0.7251 -0.6409
vn -0.0947 0.6824 -0.7248
vn -0.0947 0.6824 -0.7249
vn -0.6898 0.7088 -0.1478
vn -0.6897 0.7088 -0.1478
vn -0.6936 0.7123 -0.1074
vn -0.6937 0.7123 -0.1073
vn -0.6327 0.7589 -0.1540
vn -0.6327 0.7589 -0.1541
vn -0.6649 0.7322 -0.1476
vn -0.6649 0.7322 -0.1477
vn 0.9190 0.3892 -0.0634
vn 0.9902 0.0605 -0.1262
vn 0.9902 0.0604 -0.1262
vn 0.7546 0.5725 -0.3207
vn 0.6744 0.6783 -0.2917
vn 0.6743 0.6783 -0.2917
vt 0.000000 1.000000
vt 1.000000 1.000000
vt 0.000000 0.000000
vt 1.000000 0.000000
s 0
usemtl Material.003
f 1057/9/334 1058/9/334 1059/9/334
f 1060/9/335 1061/9/335 1062/9/335
f 1063/9/336 1064/9/336 1065/9/336
f 1066/9/337 1067/9/337 1068/9/337
f 1069/9/338 1070/9/338 1071/9/338
f 1072/9/339 1073/9/339 1074/9/339
f 1075/9/340 1076/9/340 1077/9/340
f 1078/9/341 1079/9/341 1080/9/341
f 1081/9/342 1082/9/342 1083/9/342
f 1084/9/343 1085/9/343 1086/9/343
f 1087/9/344 1088/9/344 1089/9/344
f 1090/9/345 1091/9/345 1092/9/345
f 1093/9/346 1094/9/346 1095/9/346
f 1096/9/347 1097/9/347 1098/9/347
f 1099/9/348 1100/9/348 1101/9/348
f 1102/9/349 1103/9/349 1104/9/349
f 1105/9/350 1106/9/350 1107/9/350
f 1105/9/350 1107/9/350 1108/9/350
f 1109/9/351 1110/9/351 1111/9/351
f 1109/9/352 1111/9/352 1112/9/352
f 1113/9/353 1114/9/353 1115/9/353
f 1113/9/353 1115/9/353 1116/9/353
f 1117/9/354 1118/9/354 1119/9/354
f 1117/9/354 1119/9/354 1120/9/354
f 1121/9/355 1122/9/355 1123/9/355
f 1121/9/356 1123/9/356 1124/9/356
f 1125/9/357 1126/9/357 1127/9/357
f 1125/9/358 1127/9/358 1128/9/358
f 1129/9/359 1130/9/359 1131/9/359
f 1129/9/360 1131/9/360 1132/9/360
f 1133/9/361 1134/9/361 1135/9/361
f 1133/9/362 1135/9/362 1136/9/362
f 1137/9/363 1138/9/363 1139/9/363
f 1137/9/363 1139/9/363 1140/9/363
f 1141/9/364 1142/9/364 1143/9/364
f 1141/9/364 1143/9/364 1144/9/364
f 1145/9/365 1146/9/365 1147/9/365
s 1
f 1145/9/365 1147/9/365 1148/9/365
s 0
f 1149/9/366 1150/9/366 1151/9/366
f 1149/9/366 1151/9/366 1152/9/366
f 1153/9/367 1154/9/367 1155/9/367
f 1153/9/367 1155/9/367 1156/9/367
f 1157/9/368 1158/9/368 1159/9/368
f 1157/9/368 1159/9/368 1160/9/368
f 1161/9/369 1162/9/369 1163/9/369
f 1161/9/369 1163/9/369 1164/9/369
f 1165/9/370 1166/9/370 1167/9/370
f 1165/9/370 1167/9/370 1168/9/370
f 1169/9/371 1170/9/371 1171/9/371
f 1169/9/371 1171/9/371 1172/9/371
f 1173/9/372 1174/9/372 1175/9/372
f 1173/9/373 1175/9/373 1176/9/373
f 1177/9/374 1178/9/374 1179/9/374
f 1177/9/374 1179/9/374 1180/9/374
f 1181/9/375 1182/9/375 1183/9/375
f 1181/9/375 1183/9/375 1184/9/375
f 1185/9/376 1186/9/376 1187/9/376
f 1185/9/377 1187/9/377 1188/9/377
f 1189/9/378 1190/9/378 1191/9/378
f 1189/9/379 1191/9/379 1192/9/379
f 1193/9/380 1194/9/380 1195/9/380
f 1193/9/381 1195/9/381 1196/9/381
f 1197/9/382 1198/9/382 1199/9/382
f 1197/9/383 1199/9/383 1200/9/383
f 1201/9/384 1202/9/384 1203/9/384
f 1201/9/384 1203/9/384 1204/9/384
f 1205/9/385 1206/9/385 1207/9/385
f 1205/9/385 1207/9/385 1208/9/385
f 1209/9/386 1210/9/386 1211/9/386
f 1209/9/386 1211/9/386 1212/9/386
f 1213/9/387 1214/9/387 1215/9/387
f 1213/9/387 1215/9/387 1216/9/387
f 1217/9/388 1218/9/388 1219/9/388
f 1217/9/388 1219/9/388 1220/9/388
f 1221/9/389 1222/9/389 1223/9/389
f 1221/9/389 1223/9/389 1224/9/389
f 1225/9/390 1226/9/390 1227/9/390
f 1225/9/390 1227/9/390 1228/9/390
s 1
f 1229/9/391 1230/9/391 1231/9/391
s 0
f 1229/9/391 1231/9/391 1232/9/391
s 1
f 1233/9/392 1234/9/393 1235/9/393
f 1233/9/392 1235/9/393 1236/9/394
f 1237/9/395 1238/9/395 1239/9/395
f 1237/9/395 1239/9/395 1240/9/395
f 1241/9/396 1242/9/397 1243/9/398
f 1241/9/396 1243/9/398 1244/9/397
f 1245/9/399 1246/9/399 1247/9/399
f 1245/9/399 1247/9/399 1248/9/399
s 0
f 1249/9/400 1250/9/400 1251/9/400
f 1249/9/400 1251/9/400 1252/9/400
s 1
f 1253/9/401 1254/9/402 1255/9/401
f 1253/9/401 1255/9/401 1256/9/403
f 1257/9/404 1258/9/405 1259/9/404
f 1257/9/404 1259/9/404 1260/9/405
f 1261/9/406 1262/9/406 1263/9/406
s 0
f 1261/9/406 1263/9/406 1264/9/406
s 1
f 1265/9/407 1266/9/408 1267/9/408
f 1265/9/407 1267/9/408 1268/9/408
f 1269/9/409 1270/9/409 1271/9/409
f 1269/9/409 1271/9/409 1272/9/409
f 1273/9/410 1274/9/410 1275/9/410
f 1273/9/410 1275/9/410 1276/9/410
f 1277/9/411 1278/9/411 1279/9/411
f 1277/9/411 1279/9/411 1280/9/412
f 1281/9/413 1282/9/413 1283/9/414
f 1281/9/413 1283/9/414 1284/9/413
f 1285/9/415 1286/9/415 1287/9/416
f 1285/9/415 1287/9/416 1288/9/416
f 1289/9/417 1290/9/417 1291/9/417
f 1289/9/417 1291/9/417 1292/9/417
f 1293/9/418 1294/9/419 1295/9/418
f 1293/9/418 1295/9/418 1296/9/418
f 1297/9/420 1298/9/420 1299/9/421
f 1297/9/420 1299/9/421 1300/9/421
f 1301/9/422 1302/9/423 1303/9/423
f 1301/9/422 1303/9/423 1304/9/423
f 1305/9/424 1306/9/424 1307/9/424
f 1305/9/424 1307/9/424 1308/9/424
f 1309/9/425 1310/9/426 1311/9/426
f 1309/9/425 1311/9/426 1312/9/425
f 1313/9/427 1314/9/427 1315/9/427
f 1313/9/427 1315/9/427 1316/9/427
f 1317/9/428 1318/9/429 1319/9/428
f 1317/9/428 1319/9/428 1320/9/428
f 1321/9/430 1322/9/430 1323/9/431
f 1321/9/430 1323/9/431 1324/9/431
f 1325/9/432 1326/9/432 1327/9/432
f 1325/9/432 1327/9/432 1328/9/433
f 1329/9/434 1330/9/434 1331/9/434
f 1329/9/434 1331/9/434 1332/9/434
f 1333/9/435 1334/9/436 1335/9/435
f 1333/9/435 1335/9/435 1336/9/437
f 1337/9/438 1338/9/438 1339/9/439
f 1337/9/438 1339/9/439 1340/9/440
f 1341/9/441 1342/9/441 1343/9/441
f 1341/9/441 1343/9/441 1344/9/441
f 1345/9/442 1346/9/442 1347/9/442
f 1345/9/442 1347/9/442 1348/9/443
f 1349/9/444 1350/9/445 1351/9/444
f 1349/9/444 1351/9/444 1352/9/444
f 1353/9/446 1354/9/447 1355/9/447
f 1353/9/446 1355/9/447 1356/9/446
f 1357/9/448 1358/9/448 1359/9/448
f 1357/9/448 1359/9/448 1360/9/449
f 1361/9/450 1362/9/451 1363/9/452
f 1361/9/450 1363/9/452 1364/9/453
s 0
f 1365/9/454 1366/9/454 1367/9/454
f 1365/9/454 1367/9/454 1368/9/454
s 1
f 1369/9/455 1370/9/456 1371/9/457
f 1369/9/455 1371/9/457 1372/9/458
f 1373/9/459 1374/9/460 1375/9/460
f 1373/9/459 1375/9/460 1376/9/461
s 0
f 1377/9/462 1378/9/462 1379/9/462
f 1377/9/462 1379/9/462 1380/9/462
s 1
f 1381/9/463 1382/9/464 1383/9/464
f 1381/9/463 1383/9/464 1384/9/464
f 1385/9/465 1386/9/465 1387/9/466
f 1385/9/465 1387/9/466 1388/9/465
s 0
f 1389/9/467 1390/9/467 1391/9/467
f 1389/9/467 1391/9/467 1392/9/467
s 1
f 1393/9/468 1394/9/468 1395/9/468
f 1393/9/468 1395/9/468 1396/9/468
f 1397/9/469 1398/9/470 1399/9/471
f 1397/9/469 1399/9/471 1400/9/472
f 1401/9/473 1402/9/473 1403/9/474
f 1401/9/473 1403/9/474 1404/9/473
f 1405/9/475 1406/9/476 1407/9/477
f 1405/9/475 1407/9/477 1408/9/477
f 1409/9/478 1410/9/478 1411/9/478
f 1409/9/478 1411/9/478 1412/9/478
f 1413/9/479 1414/9/480 1415/9/480
f 1413/9/479 1415/9/480 1416/9/480
f 1417/9/481 1418/9/482 1419/9/483
f 1417/9/481 1419/9/483 1420/9/481
f 1421/9/484 1422/9/484 1423/9/485
f 1421/9/484 1423/9/485 1424/9/486
f 1425/9/487 1426/9/488 1427/9/487
f 1425/9/487 1427/9/487 1428/9/487
f 1429/9/489 1430/9/490 1431/9/489
f 1429/9/489 1431/9/489 1432/9/489
f 1433/9/491 1434/9/491 1435/9/491
f 1433/9/491 1435/9/491 1436/9/491
f 1437/9/492 1438/9/493 1439/9/493
f 1437/9/492 1439/9/493 1440/9/493
f 1441/9/494 1442/9/495 1443/9/495
f 1441/9/494 1443/9/495 1444/9/495
f 1445/9/496 1446/9/496 1447/9/496
f 1445/9/496 1447/9/496 1448/9/496
s 0
f 1449/9/497 1450/9/497 1451/9/497
f 1449/9/497 1451/9/497 1452/9/497
s 1
f 1453/9/498 1454/9/499 1455/9/500
f 1453/9/498 1455/9/500 1456/9/501
f 1457/9/502 1458/9/503 1459/9/504
f 1457/9/502 1459/9/504 1460/9/504
s 0
f 1461/9/505 1462/9/505 1463/9/505
f 1461/9/506 1463/9/506 1464/9/506
s 1
f 1465/9/507 1466/9/508 1467/9/508
f 1465/9/507 1467/9/508 1468/9/508
f 1469/9/509 1470/9/509 1471/9/509
f 1469/9/509 1471/9/509 1472/9/509
f 1473/9/510 1474/9/510 1475/9/510
f 1473/9/510 1475/9/510 1476/9/510
f 1477/9/511 1478/9/512 1479/9/512
f 1477/9/511 1479/9/512 1480/9/512
f 1481/9/513 1482/9/513 1483/9/513
f 1481/9/513 1483/9/513 1484/9/513
f 1485/9/514 1486/9/515 1487/9/514
f 1485/9/514 1487/9/514 1488/9/514
f 1489/9/516 1490/9/516 1491/9/516
f 1489/9/516 1491/9/516 1492/9/516
f 1493/9/517 1494/9/518 1495/9/518
f 1493/9/517 1495/9/518 1496/9/518
f 1497/9/519 1498/9/520 1499/9/519
f 1497/9/519 1499/9/519 1500/9/519
f 1501/9/521 1502/9/521 1503/9/521
f 1501/9/521 1503/9/521 1504/9/521
f 1505/9/522 1506/9/523 1507/9/522
f 1505/9/522 1507/9/522 1508/9/522
f 1509/9/524 1510/9/524 1511/9/524
f 1509/9/524 1511/9/524 1512/9/524
f 1513/9/525 1514/9/525 1515/9/525
f 1513/9/525 1515/9/525 1516/9/525
f 1517/9/526 1518/9/527 1519/9/526
f 1517/9/526 1519/9/526 1520/9/528
f 1521/9/529 1522/9/529 1523/9/530
f 1521/9/529 1523/9/530 1524/9/530
f 1525/9/531 1526/9/532 1527/9/532
f 1525/9/531 1527/9/532 1528/9/531
f 1529/9/533 1530/9/534 1531/9/534
f 1529/9/533 1531/9/534 1532/9/533
f 1533/9/535 1534/9/536 1535/9/537
f 1533/9/535 1535/9/537 1536/9/536
f 1537/9/538 1538/9/539 1539/9/538
f 1537/9/538 1539/9/538 1540/9/538
f 1541/9/540 1542/9/540 1543/9/540
f 1541/9/540 1543/9/540 1544/9/540
f 1545/9/541 1546/9/541 1547/9/542
f 1545/9/541 1547/9/542 1548/9/543
f 1549/9/544 1550/9/545 1551/9/544
f 1549/9/544 1551/9/544 1552/9/544
f 1553/9/546 1554/9/547 1555/9/546
f 1553/9/546 1555/9/546 1556/9/546
f 1557/9/548 1558/9/549 1559/9/548
f 1557/9/548 1559/9/548 1560/9/548
f 1561/9/550 1562/9/551 1563/9/552
f 1561/9/550 1563/9/552 1564/9/551
s 0
f 1565/9/553 1566/9/553 1567/9/553
f 1565/9/554 1567/9/554 1568/9/554
s 1
f 1569/9/555 1570/9/555 1571/9/556
f 1569/9/555 1571/9/556 1572/9/557
f 1573/9/558 1574/9/559 1575/9/560
f 1573/9/558 1575/9/560 1576/9/559
s 0
f 1577/9/561 1578/9/561 1579/9/561
f 1577/9/562 1579/9/562 1580/9/562
s 1
f 1581/9/563 1582/9/564 1583/9/565
f 1581/9/563 1583/9/565 1584/9/564
f 1585/9/566 1586/9/566 1587/9/566
f 1585/9/566 1587/9/566 1588/9/566
f 1589/9/567 1590/9/568 1591/9/569
f 1589/9/567 1591/9/569 1592/9/568
f 1593/9/570 1594/9/570 1595/9/571
f 1593/9/570 1595/9/571 1596/9/571
f 1597/9/572 1598/9/573 1599/9/574
f 1597/9/572 1599/9/574 1600/9/575
f 1601/9/576 1602/9/576 1603/9/577
f 1601/9/576 1603/9/577 1604/9/578
f 1605/9/579 1606/9/580 1607/9/579
f 1605/9/579 1607/9/579 1608/9/579
f 1609/9/581 1610/9/581 1611/9/581
f 1609/9/581 1611/9/581 1612/9/581
f 1613/9/582 1614/9/583 1615/9/583
f 1613/9/582 1615/9/583 1616/9/584
f 1617/9/585 1618/9/586 1619/9/585
f 1617/9/585 1619/9/585 1620/9/585
f 1621/9/587 1622/9/588 1623/9/588
f 1621/9/587 1623/9/588 1624/9/587
f 1625/9/589 1626/9/590 1627/9/589
f 1625/9/589 1627/9/589 1628/9/591
f 1629/9/592 1630/9/592 1631/9/593
f 1629/9/592 1631/9/593 1632/9/593
f 1633/9/594 1634/9/594 1635/9/595
f 1633/9/594 1635/9/595 1636/9/594
f 1637/9/596 1638/9/596 1639/9/596
f 1637/9/596 1639/9/596 1640/9/596
f 1641/9/597 1642/9/597 1643/9/597
f 1641/9/597 1643/9/597 1644/9/597
f 1645/9/598 1646/9/599 1647/9/599
f 1645/9/598 1647/9/599 1648/9/598
s 0
f 1649/9/600 1650/9/600 1651/9/600
f 1649/9/600 1651/9/600 1652/9/600
f 1653/9/601 1654/9/601 1655/9/601
f 1653/9/601 1655/9/601 1656/9/601
f 1657/9/602 1658/9/602 1659/9/602
f 1657/9/602 1659/9/602 1660/9/602
s 1
f 1661/9/603 1662/9/603 1663/9/603
f 1661/9/603 1663/9/603 1664/9/604
f 1665/9/605 1666/9/605 1667/9/605
f 1665/9/605 1667/9/605 1668/9/605
f 1669/9/606 1670/9/607 1671/9/607
f 1669/9/606 1671/9/607 1672/9/606
f 1673/9/608 1674/9/609 1675/9/609
f 1673/9/608 1675/9/609 1676/9/610
f 1677/9/611 1678/9/612 1679/9/612
f 1677/9/611 1679/9/612 1680/9/611
f 1681/9/613 1682/9/613 1683/9/613
f 1681/9/613 1683/9/613 1684/9/613
f 1685/9/614 1686/9/615 1687/9/615
f 1685/9/614 1687/9/615 1688/9/614
f 1689/9/616 1690/9/617 1691/9/618
f 1689/9/616 1691/9/618 1692/9/618
f 1693/9/619 1694/9/619 1695/9/619
f 1693/9/619 1695/9/619 1696/9/620
f 1697/9/621 1698/9/622 1699/9/622
f 1697/9/621 1699/9/622 1700/9/623
f 1701/9/624 1702/9/625 1703/9/625
f 1701/9/624 1703/9/625 1704/9/624
f 1705/9/626 1706/9/626 1707/9/627
f 1705/9/626 1707/9/627 1708/9/627
f 1709/9/628 1710/9/628 1711/9/628
f 1709/9/628 1711/9/628 1712/9/628
f 1713/9/629 1714/9/630 1715/9/631
f 1713/9/629 1715/9/631 1716/9/629
s 0
f 1717/9/632 1718/9/632 1719/9/632
f 1717/9/633 1719/9/633 1720/9/633
s 1
f 1721/9/634 1722/9/635 1723/9/634
f 1721/9/634 1723/9/634 1724/9/634
f 1725/9/636 1726/9/637 1727/9/636
f 1725/9/636 1727/9/636 1728/9/638
s 0
f 1729/9/639 1730/9/639 1731/9/639
f 1729/9/639 1731/9/639 1732/9/639
s 1
f 1733/9/640 1734/9/641 1735/9/640
f 1733/9/640 1735/9/640 1736/9/640
f 1737/9/642 1738/9/643 1739/9/643
f 1737/9/642 1739/9/643 1740/9/642
s 0
f 1741/9/644 1742/9/644 1743/9/644
f 1741/9/644 1743/9/644 1744/9/644
s 1
f 1745/9/645 1746/9/646 1747/9/646
f 1745/9/645 1747/9/646 1748/9/645
f 1749/9/647 1750/9/647 1751/9/647
f 1749/9/647 1751/9/647 1752/9/647
s 0
f 1753/9/648 1754/9/648 1755/9/648
f 1753/9/648 1755/9/648 1756/9/648
s 1
f 1757/9/649 1758/9/649 1759/9/649
f 1757/9/649 1759/9/649 1760/9/649
f 1761/9/650 1762/9/651 1763/9/651
f 1761/9/650 1763/9/651 1764/9/650
f 1765/9/652 1766/9/652 1767/9/652
f 1765/9/652 1767/9/652 1768/9/652
f 1769/9/653 1770/9/654 1771/9/653
f 1769/9/653 1771/9/653 1772/9/653
f 1773/9/655 1774/9/655 1775/9/655
f 1773/9/655 1775/9/655 1776/9/655
f 1777/9/656 1778/9/656 1779/9/656
f 1777/9/656 1779/9/656 1780/9/657
f 1781/9/658 1782/9/658 1783/9/658
f 1781/9/658 1783/9/658 1784/9/658
f 1785/9/659 1786/9/659 1787/9/659
f 1785/9/659 1787/9/659 1788/9/659
f 1789/9/660 1790/9/660 1791/9/660
f 1789/9/660 1791/9/660 1792/9/660
f 1793/9/661 1794/9/661 1795/9/661
f 1793/9/661 1795/9/661 1796/9/661
s 0
f 1797/9/662 1798/9/662 1799/9/662
f 1797/9/663 1799/9/663 1800/9/663
s 1
f 1801/9/664 1802/9/664 1803/9/664
f 1801/9/664 1803/9/664 1804/9/664
f 1805/9/665 1806/9/666 1807/9/665
f 1805/9/665 1807/9/665 1808/9/665
f 1809/9/667 1810/9/668 1811/9/667
f 1809/9/667 1811/9/667 1812/9/667
f 1813/9/669 1814/9/669 1815/9/669
f 1813/9/669 1815/9/669 1816/9/669
f 1817/9/670 1818/9/671 1819/9/672
f 1817/9/670 1819/9/672 1820/9/670
s 0
f 1821/9/673 1822/9/673 1823/9/673
f 1821/9/674 1823/9/674 1824/9/674
s 1
f 1825/9/675 1826/9/675 1827/9/675
f 1825/9/675 1827/9/675 1828/9/675
f 1829/9/676 1830/9/677 1831/9/677
f 1829/9/676 1831/9/677 1832/9/677
f 1833/9/678 1834/9/678 1835/9/678
f 1833/9/678 1835/9/678 1836/9/679
f 1837/9/680 1838/9/681 1839/9/681
f 1837/9/680 1839/9/681 1840/9/681
f 1841/9/682 1842/9/682 1843/9/683
f 1841/9/682 1843/9/683 1844/9/683
f 1845/9/684 1846/9/684 1847/9/685
f 1845/9/684 1847/9/685 1848/9/686
f 1849/9/687 1850/9/687 1851/9/687
f 1849/9/687 1851/9/687 1852/9/687
f 1853/9/688 1854/9/688 1855/9/688
f 1853/9/688 1855/9/688 1856/9/688
f 1857/9/689 1858/9/690 1859/9/690
f 1857/9/689 1859/9/690 1860/9/690
f 1861/9/691 1862/9/691 1863/9/691
f 1861/9/691 1863/9/691 1864/9/691
f 1865/9/692 1866/9/692 1867/9/692
f 1865/9/692 1867/9/692 1868/9/693
f 1869/9/694 1870/9/694 1871/9/694
f 1869/9/694 1871/9/694 1872/9/694
f 1873/9/695 1874/9/696 1875/9/697
f 1873/9/695 1875/9/697 1876/9/695
f 1877/9/698 1878/9/698 1879/9/698
f 1877/9/698 1879/9/698 1880/9/698
f 1881/9/699 1882/9/699 1883/9/699
f 1881/9/699 1883/9/699 1884/9/700
f 1885/9/701 1886/9/701 1887/9/701
f 1885/9/701 1887/9/701 1888/9/701
f 1889/9/702 1890/9/702 1891/9/702
f 1889/9/702 1891/9/702 1892/9/703
f 1893/9/704 1894/9/704 1895/9/704
f 1893/9/704 1895/9/704 1896/9/704
f 1897/9/705 1898/9/706 1899/9/707
f 1897/9/705 1899/9/707 1900/9/707
f 1901/9/708 1902/9/708 1903/9/708
f 1901/9/708 1903/9/708 1904/9/709
f 1905/9/710 1906/9/711 1907/9/712
f 1905/9/710 1907/9/712 1908/9/711
f 1909/9/713 1910/9/713 1911/9/714
f 1909/9/713 1911/9/714 1912/9/715
f 1913/9/716 1914/9/716 1915/9/717
f 1913/9/716 1915/9/717 1916/9/717
f 1917/9/718 1918/9/718 1919/9/718
f 1917/9/718 1919/9/718 1920/9/718
f 1921/9/719 1922/9/719 1923/9/719
f 1921/9/719 1923/9/719 1924/9/719
f 1925/9/720 1926/9/721 1927/9/722
f 1925/9/720 1927/9/722 1928/9/720
f 1929/9/723 1930/9/723 1931/9/723
f 1929/9/723 1931/9/723 1932/9/723
f 1933/9/724 1934/9/724 1935/9/725
f 1933/9/724 1935/9/725 1936/9/725
f 1937/9/726 1938/9/727 1939/9/727
f 1937/9/726 1939/9/727 1940/9/728
f 1941/9/729 1942/9/729 1943/9/730
f 1941/9/729 1943/9/730 1944/9/731
f 1945/9/732 1946/9/733 1947/9/733
f 1945/9/732 1947/9/733 1948/9/734
f 1949/9/735 1950/9/736 1951/9/735
f 1949/9/735 1951/9/735 1952/9/735
f 1953/9/737 1954/9/737 1955/9/737
f 1953/9/737 1955/9/737 1956/9/737
s 0
f 1957/9/738 1958/9/738 1959/9/738
f 1957/9/739 1959/9/739 1960/9/739
s 1
f 1961/9/740 1962/9/740 1963/9/740
f 1961/9/740 1963/9/740 1964/9/740
f 1965/9/741 1966/9/741 1967/9/741
f 1965/9/741 1967/9/741 1968/9/742
f 1969/9/743 1970/9/743 1971/9/743
f 1969/9/743 1971/9/743 1972/9/744
f 1973/9/745 1974/9/745 1975/9/745
f 1973/9/745 1975/9/745 1976/9/745
f 1977/9/746 1978/9/746 1979/9/747
f 1977/9/746 1979/9/747 1980/9/748
s 0
f 1981/9/749 1982/9/749 1983/9/749
f 1981/9/750 1983/9/750 1984/9/750
s 1
f 1985/9/751 1986/9/751 1987/9/751
f 1985/9/751 1987/9/751 1988/9/751
f 1989/9/752 1990/9/753 1991/9/753
f 1989/9/752 1991/9/753 1992/9/753
f 1993/9/754 1994/9/754 1995/9/754
f 1993/9/754 1995/9/754 1996/9/754
f 1997/9/755 1998/9/756 1999/9/757
f 1997/9/755 1999/9/757 2000/9/756
f 2001/9/758 2002/9/759 2003/9/760
f 2001/9/758 2003/9/760 2004/9/758
f 2005/9/761 2006/9/762 2007/9/762
f 2005/9/761 2007/9/762 2008/9/761
f 2009/9/763 2010/9/763 2011/9/763
f 2009/9/763 2011/9/763 2012/9/763
f 2013/9/764 2014/9/764 2015/9/764
f 2013/9/764 2015/9/764 2016/9/764
f 2017/9/765 2018/9/766 2019/9/766
f 2017/9/765 2019/9/766 2020/9/766
f 2021/9/767 2022/9/767 2023/9/767
f 2021/9/767 2023/9/767 2024/9/767
f 2025/9/768 2026/9/769 2027/9/770
f 2025/9/768 2027/9/770 2028/9/768
f 2029/9/771 2030/9/771 2031/9/771
f 2029/9/771 2031/9/771 2032/9/771
f 2033/9/772 2034/9/772 2035/9/772
f 2033/9/772 2035/9/772 2036/9/773
f 2037/9/774 2038/9/774 2039/9/774
f 2037/9/774 2039/9/774 2040/9/774
f 2041/9/775 2042/9/776 2043/9/775
f 2041/9/775 2043/9/775 2044/9/775
f 2045/9/777 2046/9/777 2047/9/777
f 2045/9/777 2047/9/777 2048/9/777
f 2049/9/778 2050/9/779 2051/9/778
f 2049/9/778 2051/9/778 2052/9/778
f 2053/9/780 2054/9/780 2055/9/780
f 2053/9/780 2055/9/780 2056/9/780
f 2057/9/781 2058/9/782 2059/9/782
f 2057/9/781 2059/9/782 2060/9/783
f 2061/9/784 2062/9/785 2063/9/784
f 2061/9/784 2063/9/784 2064/9/784
f 2065/9/786 2066/9/787 2067/9/788
f 2065/9/786 2067/9/788 2068/9/787
f 2069/9/789 2070/9/790 2071/9/791
f 2069/9/789 2071/9/791 2072/9/789
f 2073/9/792 2074/9/793 2075/9/793
f 2073/9/792 2075/9/793 2076/9/792
f 2077/9/794 2078/9/794 2079/9/794
f 2077/9/794 2079/9/794 2080/9/794
f 2081/9/795 2082/9/795 2083/9/795
f 2081/9/795 2083/9/795 2084/9/796
f 2085/9/797 2086/9/798 2087/9/799
f 2085/9/797 2087/9/799 2088/9/799
f 2089/9/800 2090/9/800 2091/9/800
f 2089/9/800 2091/9/800 2092/9/800
f 2093/9/801 2094/9/802 2095/9/802
f 2093/9/801 2095/9/802 2096/9/802
f 2097/9/803 2098/9/804 2099/9/805
f 2097/9/803 2099/9/805 2100/9/804
f 2101/9/806 2102/9/806 2103/9/807
f 2101/9/806 2103/9/807 2104/9/806
f 2105/9/808 2106/9/809 2107/9/809
f 2105/9/808 2107/9/809 2108/9/809
f 2109/9/810 2110/9/810 2111/9/811
f 2109/9/810 2111/9/811 2112/9/810
s 0
f 2113/9/812 2114/9/812 2115/9/812
f 2113/9/812 2115/9/812 2116/9/812
f 2117/9/813 2118/9/813 2119/9/813
f 2117/9/813 2119/9/813 2120/9/813
f 2121/9/814 2122/9/814 2123/9/814
f 2121/9/814 2123/9/814 2124/9/814
f 2125/9/815 2126/9/815 2127/9/815
f 2125/9/815 2127/9/815 2128/9/815
f 2129/9/816 2130/9/816 2131/9/816
f 2129/9/816 2131/9/816 2132/9/816
f 2133/9/817 2134/9/817 2135/9/817
f 2133/9/817 2135/9/817 2136/9/817
f 2137/9/818 2138/9/818 2139/9/818
f 2137/9/818 2139/9/818 2140/9/818
f 2141/9/819 2142/9/819 2143/9/819
f 2141/9/819 2143/9/819 2144/9/819
f 2145/9/819 2146/9/819 2147/9/819
f 2145/9/819 2147/9/819 2148/9/819
f 2149/9/818 2150/9/818 2151/9/818
f 2149/9/818 2151/9/818 2152/9/818
f 2153/9/817 2154/9/817 2155/9/817
f 2153/9/817 2155/9/817 2156/9/817
f 2157/9/816 2158/9/816 2159/9/816
f 2157/9/816 2159/9/816 2160/9/816
f 2161/9/815 2162/9/815 2163/9/815
f 2161/9/815 2163/9/815 2164/9/815
f 2165/9/814 2166/9/814 2167/9/814
f 2165/9/814 2167/9/814 2168/9/814
f 2169/9/813 2170/9/813 2171/9/813
f 2169/9/813 2171/9/813 2172/9/813
f 2173/9/812 2174/9/812 2175/9/812
f 2173/9/812 2175/9/812 2176/9/812
f 2177/9/820 2178/9/820 2179/9/820
f 2177/9/820 2179/9/820 2180/9/820
f 2181/9/821 2182/9/821 2183/9/821
f 2181/9/821 2183/9/821 2184/9/821
f 2185/9/822 2186/9/822 2187/9/822
f 2185/9/822 2187/9/822 2188/9/822
f 2189/9/823 2190/9/823 2191/9/823
f 2189/9/823 2191/9/823 2192/9/823
f 2193/9/824 2194/9/824 2195/9/824
f 2193/9/824 2195/9/824 2196/9/824
f 2197/9/825 2198/9/825 2199/9/825
f 2197/9/825 2199/9/825 2200/9/825
f 2201/9/826 2202/9/826 2203/9/826
f 2201/9/826 2203/9/826 2204/9/826
f 2205/9/827 2206/9/827 2207/9/827
f 2205/9/827 2207/9/827 2208/9/827
f 2209/9/827 2210/9/827 2211/9/827
f 2209/9/827 2211/9/827 2212/9/827
f 2213/9/826 2214/9/826 2215/9/826
f 2213/9/826 2215/9/826 2216/9/826
f 2217/9/825 2218/9/825 2219/9/825
f 2217/9/825 2219/9/825 2220/9/825
f 2221/9/824 2222/9/824 2223/9/824
f 2221/9/824 2223/9/824 2224/9/824
f 2225/9/823 2226/9/823 2227/9/823
f 2225/9/823 2227/9/823 2228/9/823
f 2229/9/822 2230/9/822 2231/9/822
f 2229/9/822 2231/9/822 2232/9/822
f 2233/9/821 2234/9/821 2235/9/821
f 2233/9/821 2235/9/821 2236/9/821
f 2237/9/820 2238/9/820 2239/9/820
f 2237/9/820 2239/9/820 2240/9/820
f 2241/10/828 2242/9/828 2243/9/828
f 2241/10/828 2243/9/828 2244/10/828
f 2245/11/829 2246/12/829 2247/10/829
f 2245/11/829 2247/10/829 2248/9/829
f 2249/9/830 2250/10/830 2251/10/830
f 2249/9/830 2251/10/830 2252/9/830
f 2253/10/829 2254/10/829 2255/9/829
f 2253/10/829 2255/9/829 2256/9/829
f 2257/12/828 2258/11/828 2259/9/828
f 2257/12/828 2259/9/828 2260/10/828
f 2261/11/831 2262/11/831 2263/12/831
f 2261/11/831 2263/12/831 2264/12/831
f 2265/11/832 2266/11/832 2267/11/832
f 2265/11/832 2267/11/832 2268/11/832
f 2269/10/833 2270/10/833 2271/10/833
f 2269/10/833 2271/10/833 2272/10/833
f 2273/10/834 2274/12/834 2275/12/834
f 2273/10/834 2275/12/834 2276/10/834
f 2277/11/835 2278/9/835 2279/9/835
f 2277/11/835 2279/9/835 2280/11/835
f 2281/9/836 2282/9/836 2283/9/836
f 2281/9/836 2283/9/836 2284/9/836
f 2285/12/830 2286/11/830 2287/11/830
f 2285/12/830 2287/11/830 2288/12/830
f 2289/12/837 2290/12/837 2291/12/837
f 2289/12/837 2291/12/837 2292/12/837
f 2293/11/828 2294/12/828 2295/12/828
f 2293/11/828 2295/12/828 2296/11/828
f 2297/12/829 2298/11/829 2299/11/829
f 2297/12/829 2299/11/829 2300/12/829
f 2301/12/837 2302/12/837 2303/12/837
f 2301/12/837 2303/12/837 2304/12/837
f 2305/11/831 2306/12/831 2307/12/831
f 2305/11/831 2307/12/831 2308/11/831
f 2309/11/832 2310/11/832 2311/11/832
f 2309/11/832 2311/11/832 2312/11/832
s 1
f 2313/9/838 2314/9/838 2315/9/838
f 2313/9/838 2315/9/838 2316/9/839
f 2317/9/840 2318/9/840 2319/9/841
f 2317/9/840 2319/9/841 2320/9/840
f 2321/9/842 2322/9/843 2323/9/842
f 2321/9/842 2323/9/842 2324/9/842
f 2325/9/844 2326/9/844 2327/9/845
f 2325/9/844 2327/9/845 2328/9/844
f 2329/9/846 2330/9/846 2331/9/847
f 2329/9/846 2331/9/847 2332/9/846
f 2333/9/848 2334/9/848 2335/9/848
f 2333/9/848 2335/9/848 2336/9/848
f 2337/9/849 2338/9/849 2339/9/849
f 2337/9/849 2339/9/849 2340/9/849
f 2341/9/850 2342/9/850 2343/9/850
f 2341/9/850 2343/9/850 2344/9/850
f 2345/9/851 2346/9/852 2347/9/853
f 2345/9/851 2347/9/853 2348/9/851
f 2349/9/854 2350/9/855 2351/9/856
f 2349/9/854 2351/9/856 2352/9/854
f 2353/9/857 2354/9/857 2355/9/858
f 2353/9/857 2355/9/858 2356/9/858
f 2357/9/859 2358/9/859 2359/9/859
f 2357/9/859 2359/9/859 2360/9/859
f 2361/9/860 2362/9/860 2363/9/860
f 2361/9/860 2363/9/860 2364/9/860
f 2365/9/861 2366/9/862 2367/9/862
f 2365/9/861 2367/9/862 2368/9/861
f 2369/9/863 2370/9/863 2371/9/863
f 2369/9/863 2371/9/863 2372/9/863
f 2373/9/864 2374/9/864 2375/9/864
f 2373/9/864 2375/9/864 2376/9/864
f 2377/9/865 2378/9/865 2379/9/865
f 2377/9/865 2379/9/865 2380/9/865
f 2381/9/866 2382/9/866 2383/9/866
f 2381/9/866 2383/9/866 2384/9/866
f 2385/9/867 2386/9/868 2387/9/868
f 2385/9/867 2387/9/868 2388/9/867
f 2389/9/869 2390/9/869 2391/9/869
f 2389/9/869 2391/9/869 2392/9/869
f 2393/9/870 2394/9/870 2395/9/870
f 2393/9/870 2395/9/870 2396/9/870
f 2397/9/871 2398/9/871 2399/9/871
f 2397/9/871 2399/9/871 2400/9/872
f 2401/9/873 2402/9/873 2403/9/873
f 2401/9/873 2403/9/873 2404/9/873
f 2405/9/874 2406/9/874 2407/9/874
f 2405/9/874 2407/9/874 2408/9/874
f 2409/9/875 2410/9/875 2411/9/875
f 2409/9/875 2411/9/875 2412/9/875
f 2413/9/876 2414/9/876 2415/9/876
f 2413/9/876 2415/9/876 2416/9/876
f 2417/9/877 2418/9/878 2419/9/877
f 2417/9/877 2419/9/877 2420/9/877
f 2421/9/879 2422/9/879 2423/9/879
f 2421/9/879 2423/9/879 2424/9/880
f 2425/9/881 2426/9/882 2427/9/882
f 2425/9/881 2427/9/882 2428/9/883
f 2429/9/884 2430/9/885 2431/9/884
f 2429/9/884 2431/9/884 2432/9/884
f 2433/9/886 2434/9/886 2435/9/886
f 2433/9/886 2435/9/886 2436/9/886
f 2437/9/887 2438/9/887 2439/9/888
f 2437/9/887 2439/9/888 2440/9/887
f 2441/9/889 2442/9/890 2443/9/890
f 2441/9/889 2443/9/890 2444/9/889
f 2445/9/891 2446/9/892 2447/9/892
f 2445/9/891 2447/9/892 2448/9/891
f 2449/9/893 2450/9/893 2451/9/893
f 2449/9/893 2451/9/893 2452/9/893
f 2453/9/894 2454/9/895 2455/9/895
f 2453/9/894 2455/9/895 2456/9/895
f 2457/9/896 2458/9/896 2459/9/896
f 2457/9/896 2459/9/896 2460/9/896
f 2461/9/897 2462/9/897 2463/9/898
f 2461/9/897 2463/9/898 2464/9/899
f 2465/9/900 2466/9/901 2467/9/902
f 2465/9/900 2467/9/902 2468/9/900
f 2469/9/903 2470/9/903 2471/9/903
f 2469/9/903 2471/9/903 2472/9/904
f 2473/9/905 2474/9/906 2475/9/906
f 2473/9/905 2475/9/906 2476/9/906
f 2477/9/907 2478/9/907 2479/9/907
f 2477/9/907 2479/9/907 2480/9/908
f 2481/9/909 2482/9/910 2483/9/910
f 2481/9/909 2483/9/910 2484/9/910
f 2485/9/911 2486/9/911 2487/9/912
f 2485/9/911 2487/9/912 2488/9/911
f 2489/9/913 2490/9/913 2491/9/913
f 2489/9/913 2491/9/913 2492/9/913
f 2493/9/914 2494/9/915 2495/9/915
f 2493/9/914 2495/9/915 2496/9/914
f 2497/9/916 2498/9/916 2499/9/916
f 2497/9/916 2499/9/916 2500/9/916
f 2501/9/917 2502/9/917 2503/9/917
f 2501/9/917 2503/9/917 2504/9/918
o Circle_Material.001_0
v 0.253459 0.072866 0.028879
v 0.273946 0.094905 0.028755
v 0.272471 0.076230 0.053899
v 0.285566 0.104791 0.054690
v 0.276699 0.092638 0.080750
v 0.272471 0.076230 0.053899
v 0.256213 0.070599 0.080874
v 0.244593 0.060713 0.054938
v 0.272471 0.076230 0.053899
v 0.276699 0.092638 0.080750
v 0.256213 0.070599 0.080874
v 0.272471 0.076230 0.053899
v 0.273946 0.094905 0.028755
v 0.285566 0.104791 0.054690
v 0.272471 0.076230 0.053899
v 0.244593 0.060713 0.054938
v 0.253459 0.072866 0.028879
v 0.272471 0.076230 0.053899
v -0.253459 0.072866 0.028879
v -0.271574 0.077127 0.053899
v -0.273946 0.094905 0.028755
v -0.285566 0.104791 0.054690
v -0.271574 0.077127 0.053899
v -0.276699 0.092638 0.080750
v -0.256213 0.070599 0.080874
v -0.271574 0.077127 0.053899
v -0.244593 0.060713 0.054938
v -0.276699 0.092638 0.080750
v -0.271574 0.077127 0.053899
v -0.256213 0.070599 0.080874
v -0.273946 0.094905 0.028755
v -0.271574 0.077127 0.053899
v -0.285566 0.104791 0.054690
v -0.244593 0.060713 0.054938
v -0.271574 0.077127 0.053899
v -0.253459 0.072866 0.028879
v 0.080564 0.029909 0.198703
v 0.062743 0.062500 0.206860
v 0.037311 0.073197 0.161277
v 0.042844 0.029333 0.145857
v 0.073097 0.099378 0.205632
v 0.111478 0.121948 0.195094
v 0.041680 0.140161 0.159248
v 0.037311 0.112243 0.170871
v 0.111478 0.121948 0.195094
v 0.153121 0.108286 0.180981
v 0.098581 0.129000 0.132930
v 0.041680 0.140161 0.159248
v 0.166216 0.067659 0.173012
v 0.148559 0.030550 0.175253
v 0.107599 0.023158 0.100235
v 0.164561 0.077769 0.103014
v 0.114958 0.016859 0.185690
v 0.080564 0.029909 0.198703
v 0.042844 0.029333 0.145857
v 0.070243 0.015605 0.109777
v 0.062743 0.062500 0.206860
v 0.073097 0.099378 0.205632
v 0.037311 0.112243 0.170871
v 0.037311 0.073197 0.161277
v 0.153121 0.108286 0.180981
v 0.166216 0.067659 0.173012
v 0.164561 0.077769 0.103014
v 0.098581 0.129000 0.132930
v 0.148559 0.030550 0.175253
v 0.114958 0.016859 0.185690
v 0.070243 0.015605 0.109777
v 0.107599 0.023158 0.100235
v 0.000000 0.152511 0.154239
v 0.036911 0.162764 0.144134
v 0.033613 0.203630 0.129555
v 0.000000 0.203140 0.132413
v 0.143482 0.120152 0.011574
v 0.133798 0.106017 -0.047447
v 0.125888 0.187742 0.001618
v 0.131242 0.157134 0.054668
v 0.133798 0.106017 -0.047447
v 0.077474 0.093964 -0.082634
v 0.075866 0.157950 -0.068455
v 0.125888 0.187742 0.001618
v 0.032422 0.086710 -0.093768
v 0.000000 0.084816 -0.095747
v 0.000000 0.150254 -0.078532
v 0.033851 0.152241 -0.077340
v 0.086143 0.159143 0.121814
v 0.151333 0.133437 0.080862
v 0.133420 0.191343 0.105722
v 0.087468 0.194930 0.123158
v 0.151333 0.133437 0.080862
v 0.143482 0.120152 0.011574
v 0.131242 0.157134 0.054668
v 0.133420 0.191343 0.105722
v 0.077474 0.093964 -0.082634
v 0.032422 0.086710 -0.093768
v 0.033851 0.152241 -0.077340
v 0.075866 0.157950 -0.068455
v 0.036911 0.162764 0.144134
v 0.086143 0.159143 0.121814
v 0.087468 0.194930 0.123158
v 0.033613 0.203630 0.129555
v 0.033613 0.203630 0.129555
v 0.087468 0.194930 0.123158
v 0.087603 0.256441 0.101505
v 0.041954 0.248274 0.124495
v 0.000000 0.203140 0.132413
v 0.033613 0.203630 0.129555
v 0.041954 0.248274 0.124495
v 0.000000 0.247938 0.128637
v 0.125888 0.187742 0.001618
v 0.075866 0.157950 -0.068455
v 0.070771 0.246238 -0.022615
v 0.125432 0.248871 0.007494
v 0.033851 0.152241 -0.077340
v 0.000000 0.150254 -0.078532
v 0.000000 0.244469 -0.046403
v 0.028169 0.245046 -0.042235
v 0.087468 0.194930 0.123158
v 0.133420 0.191343 0.105722
v 0.122415 0.244487 0.094330
v 0.087603 0.256441 0.101505
v 0.122415 0.244487 0.094330
v 0.133420 0.191343 0.105722
v 0.170157 0.138907 0.096357
v 0.189691 0.184365 0.096244
v 0.075866 0.157950 -0.068455
v 0.033851 0.152241 -0.077340
v 0.028169 0.245046 -0.042235
v 0.070771 0.246238 -0.022615
v 0.125432 0.248871 0.007494
v 0.120552 0.260862 0.052880
v 0.196671 0.208178 0.053221
v 0.184003 0.191924 0.015038
v 0.131242 0.157134 0.054668
v 0.125888 0.187742 0.001618
v 0.164583 0.141075 0.015284
v 0.157603 0.117262 0.053446
v 0.120552 0.260862 0.052880
v 0.122415 0.244487 0.094330
v 0.189691 0.184365 0.096244
v 0.196671 0.208178 0.053221
v 0.125888 0.187742 0.001618
v 0.125432 0.248871 0.007494
v 0.184003 0.191924 0.015038
v 0.164583 0.141075 0.015284
v 0.120552 0.260862 0.052880
v 0.125432 0.248871 0.007494
v 0.044529 0.277394 0.037220
v 0.051044 0.278364 0.056875
v 0.125432 0.248871 0.007494
v 0.070771 0.246238 -0.022615
v 0.031779 0.276718 0.025873
v 0.044529 0.277394 0.037220
v 0.028169 0.245046 -0.042235
v 0.000000 0.244469 -0.046403
v 0.000000 0.276197 0.021143
v 0.018869 0.276371 0.021868
v 0.087603 0.256441 0.101505
v 0.122415 0.244487 0.094330
v 0.046748 0.279284 0.078532
v 0.033977 0.279773 0.093058
v 0.122415 0.244487 0.094330
v 0.120552 0.260862 0.052880
v 0.051044 0.278364 0.056875
v 0.046748 0.279284 0.078532
v 0.070771 0.246238 -0.022615
v 0.028169 0.245046 -0.042235
v 0.018869 0.276371 0.021868
v 0.031779 0.276718 0.025873
v 0.041954 0.248274 0.124495
v 0.087603 0.256441 0.101505
v 0.033977 0.279773 0.093058
v 0.020037 0.279845 0.098657
v 0.000000 0.247938 0.128637
v 0.041954 0.248274 0.124495
v 0.020037 0.279845 0.098657
v 0.000000 0.279743 0.099812
v 0.196671 0.208178 0.053221
v 0.189691 0.184365 0.096244
v 0.233996 0.143215 0.095146
v 0.244275 0.163589 0.055541
v 0.170157 0.138907 0.096357
v 0.157603 0.117262 0.053446
v 0.193797 0.087523 0.055918
v 0.208757 0.105182 0.095334
v 0.189691 0.184365 0.096244
v 0.170157 0.138907 0.096357
v 0.208757 0.105182 0.095334
v 0.233996 0.143215 0.095146
v 0.184003 0.191924 0.015038
v 0.196671 0.208178 0.053221
v 0.244275 0.163589 0.055541
v 0.229316 0.145930 0.016126
v 0.157603 0.117262 0.053446
v 0.164583 0.141075 0.015284
v 0.204077 0.107897 0.016314
v 0.193797 0.087523 0.055918
v 0.164583 0.141075 0.015284
v 0.184003 0.191924 0.015038
v 0.229316 0.145930 0.016126
v 0.204077 0.107897 0.016314
v 0.233996 0.143215 0.095146
v 0.208757 0.105182 0.095334
v 0.238648 0.073811 0.095334
v 0.269782 0.107304 0.095146
v 0.229316 0.145930 0.016126
v 0.244275 0.163589 0.055541
v 0.283257 0.125774 0.055541
v 0.265598 0.110750 0.016126
v 0.193797 0.087523 0.055918
v 0.204077 0.107897 0.016314
v 0.234464 0.077256 0.016314
v 0.220989 0.058787 0.055918
v 0.204077 0.107897 0.016314
v 0.229316 0.145930 0.016126
v 0.265598 0.110750 0.016126
v 0.234464 0.077256 0.016314
v 0.244275 0.163589 0.055541
v 0.233996 0.143215 0.095146
v 0.269782 0.107304 0.095146
v 0.283257 0.125774 0.055541
v 0.208757 0.105182 0.095334
v 0.193797 0.087523 0.055918
v 0.220989 0.058787 0.055918
v 0.238648 0.073811 0.095334
v 0.133420 0.191343 0.105722
v 0.131242 0.157134 0.054668
v 0.157603 0.117262 0.053446
v 0.170157 0.138907 0.096357
v 0.096496 0.280613 0.105384
v 0.107317 0.280899 0.053813
v 0.150945 0.303270 0.052105
v 0.136119 0.297531 0.121579
v 0.067479 0.268386 -0.026049
v 0.034491 0.267499 -0.036283
v 0.054431 0.281583 -0.072096
v 0.099813 0.282804 -0.058017
v 0.032898 0.272715 0.160927
v 0.070289 0.274071 0.149122
v 0.102581 0.289796 0.191520
v 0.050448 0.287327 0.206781
v 0.000000 0.272174 0.165225
v 0.032898 0.272715 0.160927
v 0.050448 0.287327 0.206781
v 0.000000 0.286472 0.213221
v 0.107317 0.280899 0.053813
v 0.095913 0.278988 0.002632
v 0.137309 0.300862 -0.018682
v 0.150945 0.303270 0.052105
v 0.095913 0.278988 0.002632
v 0.067479 0.268386 -0.026049
v 0.099813 0.282804 -0.058017
v 0.137309 0.300862 -0.018682
v 0.034491 0.267499 -0.036283
v 0.000000 0.267053 -0.038137
v 0.000000 0.280970 -0.074646
v 0.054431 0.281583 -0.072096
v 0.158436 0.333332 -0.039419
v 0.103857 0.318975 -0.087747
v 0.107901 0.355146 -0.117477
v 0.173316 0.358628 -0.060706
v 0.049315 0.317410 -0.106178
v 0.000000 0.316811 -0.110011
v 0.000000 0.352652 -0.145377
v 0.044200 0.353237 -0.140259
v 0.110817 0.331125 0.201334
v 0.170736 0.336818 0.132047
v 0.183862 0.367728 0.138373
v 0.119052 0.369988 0.209083
v 0.170736 0.336818 0.132047
v 0.178506 0.336950 0.043390
v 0.194403 0.366568 0.034674
v 0.183862 0.367728 0.138373
v 0.103857 0.318975 -0.087747
v 0.049315 0.317410 -0.106178
v 0.044200 0.353237 -0.140259
v 0.107901 0.355146 -0.117477
v 0.050376 0.329691 0.231691
v 0.110817 0.331125 0.201334
v 0.119052 0.369988 0.209083
v 0.050319 0.370447 0.240292
v 0.000000 0.330154 0.236590
v 0.050376 0.329691 0.231691
v 0.050319 0.370447 0.240292
v 0.000000 0.370402 0.247830
v 0.178506 0.336950 0.043390
v 0.158436 0.333332 -0.039419
v 0.173316 0.358628 -0.060706
v 0.194403 0.366568 0.034674
v 0.050319 0.370447 0.240292
v 0.119052 0.369988 0.209083
v 0.124114 0.456490 0.212101
v 0.049004 0.456969 0.244672
v 0.000000 0.370402 0.247830
v 0.050319 0.370447 0.240292
v 0.049004 0.456969 0.244672
v 0.000000 0.456922 0.244528
v 0.194403 0.366568 0.034674
v 0.173316 0.358628 -0.060706
v 0.185624 0.444634 -0.077479
v 0.205333 0.449550 0.022066
v 0.173316 0.358628 -0.060706
v 0.107901 0.355146 -0.117477
v 0.109100 0.441000 -0.136728
v 0.185624 0.444634 -0.077479
v 0.044200 0.353237 -0.140259
v 0.000000 0.352652 -0.145377
v 0.000000 0.438397 -0.165846
v 0.042618 0.439008 -0.160505
v 0.119052 0.369988 0.209083
v 0.183862 0.367728 0.138373
v 0.196632 0.454132 0.130292
v 0.124114 0.456490 0.212101
v 0.183862 0.367728 0.138373
v 0.194403 0.366568 0.034674
v 0.205333 0.449550 0.022066
v 0.196632 0.454132 0.130292
v 0.107901 0.355146 -0.117477
v 0.044200 0.353237 -0.140259
v 0.042618 0.439008 -0.160505
v 0.109100 0.441000 -0.136728
v 0.205333 0.449550 0.022066
v 0.185624 0.444634 -0.077479
v 0.170946 0.528865 -0.060102
v 0.198064 0.531818 0.025101
v 0.185624 0.444634 -0.077479
v 0.109100 0.441000 -0.136728
v 0.111715 0.525797 -0.116226
v 0.170946 0.528865 -0.060102
v 0.042618 0.439008 -0.160505
v 0.000000 0.438397 -0.165846
v 0.000000 0.524401 -0.144270
v 0.050172 0.524902 -0.137882
v 0.124114 0.456490 0.212101
v 0.196632 0.454132 0.130292
v 0.179992 0.534226 0.116724
v 0.121624 0.535239 0.185265
v 0.196632 0.454132 0.130292
v 0.205333 0.449550 0.022066
v 0.198064 0.531818 0.025101
v 0.179992 0.534226 0.116724
v 0.109100 0.441000 -0.136728
v 0.042618 0.439008 -0.160505
v 0.050172 0.524902 -0.137882
v 0.111715 0.525797 -0.116226
v 0.049004 0.456969 0.244672
v 0.124114 0.456490 0.212101
v 0.121624 0.535239 0.185265
v 0.056064 0.535355 0.217076
v 0.000000 0.456922 0.244528
v 0.049004 0.456969 0.244672
v 0.056064 0.535355 0.217076
v 0.000000 0.535336 0.222554
v 0.121624 0.535239 0.185265
v 0.179992 0.534226 0.116724
v 0.140992 0.609240 0.097617
v 0.101564 0.610081 0.148482
v 0.179992 0.534226 0.116724
v 0.198064 0.531818 0.025101
v 0.153827 0.607414 0.027451
v 0.140992 0.609240 0.097617
v 0.111715 0.525797 -0.116226
v 0.050172 0.524902 -0.137882
v 0.046426 0.602235 -0.098726
v 0.094922 0.603015 -0.080543
v 0.056064 0.535355 0.217076
v 0.121624 0.535239 0.185265
v 0.101564 0.610081 0.148482
v 0.050730 0.610247 0.174326
v 0.000000 0.535336 0.222554
v 0.056064 0.535355 0.217076
v 0.050730 0.610247 0.174326
v 0.000000 0.610233 0.181964
v 0.198064 0.531818 0.025101
v 0.170946 0.528865 -0.060102
v 0.134662 0.605184 -0.037887
v 0.153827 0.607414 0.027451
v 0.170946 0.528865 -0.060102
v 0.111715 0.525797 -0.116226
v 0.094922 0.603015 -0.080543
v 0.134662 0.605184 -0.037887
v 0.050172 0.524902 -0.137882
v 0.000000 0.524401 -0.144270
v 0.000000 0.601765 -0.105289
v 0.046426 0.602235 -0.098726
v 0.061002 0.644091 0.056527
v 0.066029 0.643067 0.031919
v 0.008514 0.645166 0.034094
v 0.007805 0.645327 0.037654
v 0.044260 0.641075 -0.005377
v 0.022724 0.640521 -0.013077
v 0.002765 0.644779 0.025498
v 0.005786 0.644870 0.027515
v 0.024296 0.644884 0.083391
v 0.046773 0.644663 0.073629
v 0.005786 0.645463 0.040672
v 0.002765 0.645554 0.042689
v 0.000000 0.644935 0.087652
v 0.024296 0.644884 0.083391
v 0.002765 0.645554 0.042689
v 0.000000 0.645586 0.043397
v 0.066029 0.643067 0.031919
v 0.058740 0.641919 0.008961
v 0.007805 0.645006 0.030534
v 0.008514 0.645166 0.034094
v 0.058740 0.641919 0.008961
v 0.044260 0.641075 -0.005377
v 0.005786 0.644870 0.027515
v 0.007805 0.645006 0.030534
v 0.022724 0.640521 -0.013077
v 0.000000 0.640234 -0.016364
v 0.000000 0.644747 0.024790
v 0.002765 0.644779 0.025498
v 0.046773 0.644663 0.073629
v 0.061002 0.644091 0.056527
v 0.007805 0.645327 0.037654
v 0.005786 0.645463 0.040672
v 0.101564 0.610081 0.148482
v 0.140992 0.609240 0.097617
v 0.061002 0.644091 0.056527
v 0.046773 0.644663 0.073629
v 0.046426 0.602235 -0.098726
v 0.000000 0.601765 -0.105289
v 0.000000 0.640234 -0.016364
v 0.022724 0.640521 -0.013077
v 0.134662 0.605184 -0.037887
v 0.094922 0.603015 -0.080543
v 0.044260 0.641075 -0.005377
v 0.058740 0.641919 0.008961
v 0.153827 0.607414 0.027451
v 0.134662 0.605184 -0.037887
v 0.058740 0.641919 0.008961
v 0.066029 0.643067 0.031919
v 0.000000 0.610233 0.181964
v 0.050730 0.610247 0.174326
v 0.024296 0.644884 0.083391
v 0.000000 0.644935 0.087652
v 0.050730 0.610247 0.174326
v 0.101564 0.610081 0.148482
v 0.046773 0.644663 0.073629
v 0.024296 0.644884 0.083391
v 0.094922 0.603015 -0.080543
v 0.046426 0.602235 -0.098726
v 0.022724 0.640521 -0.013077
v 0.044260 0.641075 -0.005377
v 0.140992 0.609240 0.097617
v 0.153827 0.607414 0.027451
v 0.066029 0.643067 0.031919
v 0.061002 0.644091 0.056527
v 0.220989 0.058787 0.055918
v 0.234464 0.077256 0.016314
v 0.253459 0.072866 0.028879
v 0.244593 0.060713 0.054938
v 0.265598 0.110750 0.016126
v 0.283257 0.125774 0.055541
v 0.285566 0.104791 0.054690
v 0.273946 0.094905 0.028755
v 0.269782 0.107304 0.095146
v 0.238648 0.073811 0.095334
v 0.256213 0.070599 0.080874
v 0.276699 0.092638 0.080750
v 0.238648 0.073811 0.095334
v 0.220989 0.058787 0.055918
v 0.244593 0.060713 0.054938
v 0.256213 0.070599 0.080874
v 0.283257 0.125774 0.055541
v 0.269782 0.107304 0.095146
v 0.276699 0.092638 0.080750
v 0.285566 0.104791 0.054690
v 0.234464 0.077256 0.016314
v 0.265598 0.110750 0.016126
v 0.273946 0.094905 0.028755
v 0.253459 0.072866 0.028879
v 0.070289 0.274071 0.149122
v 0.096496 0.280613 0.105384
v 0.136119 0.297531 0.121579
v 0.102581 0.289796 0.191520
v 0.150945 0.303270 0.052105
v 0.137309 0.300862 -0.018682
v 0.158436 0.333332 -0.039419
v 0.178506 0.336950 0.043390
v 0.000000 0.286472 0.213221
v 0.050448 0.287327 0.206781
v 0.050376 0.329691 0.231691
v 0.000000 0.330154 0.236590
v 0.050448 0.287327 0.206781
v 0.102581 0.289796 0.191520
v 0.110817 0.331125 0.201334
v 0.050376 0.329691 0.231691
v 0.099813 0.282804 -0.058017
v 0.054431 0.281583 -0.072096
v 0.049315 0.317410 -0.106178
v 0.103857 0.318975 -0.087747
v 0.136119 0.297531 0.121579
v 0.150945 0.303270 0.052105
v 0.178506 0.336950 0.043390
v 0.170736 0.336818 0.132047
v 0.102581 0.289796 0.191520
v 0.136119 0.297531 0.121579
v 0.170736 0.336818 0.132047
v 0.110817 0.331125 0.201334
v 0.054431 0.281583 -0.072096
v 0.000000 0.280970 -0.074646
v 0.000000 0.316811 -0.110011
v 0.049315 0.317410 -0.106178
v 0.137309 0.300862 -0.018682
v 0.099813 0.282804 -0.058017
v 0.103857 0.318975 -0.087747
v 0.158436 0.333332 -0.039419
v 0.033977 0.279773 0.093058
v 0.046748 0.279284 0.078532
v 0.096496 0.280613 0.105384
v 0.070289 0.274071 0.149122
v 0.018869 0.276371 0.021868
v 0.000000 0.276197 0.021143
v 0.000000 0.267053 -0.038137
v 0.034491 0.267499 -0.036283
v 0.044529 0.277394 0.037220
v 0.031779 0.276718 0.025873
v 0.067479 0.268386 -0.026049
v 0.095913 0.278988 0.002632
v 0.051044 0.278364 0.056875
v 0.044529 0.277394 0.037220
v 0.095913 0.278988 0.002632
v 0.107317 0.280899 0.053813
v 0.000000 0.279743 0.099812
v 0.020037 0.279845 0.098657
v 0.032898 0.272715 0.160927
v 0.000000 0.272174 0.165225
v 0.020037 0.279845 0.098657
v 0.033977 0.279773 0.093058
v 0.070289 0.274071 0.149122
v 0.032898 0.272715 0.160927
v 0.031779 0.276718 0.025873
v 0.018869 0.276371 0.021868
v 0.034491 0.267499 -0.036283
v 0.067479 0.268386 -0.026049
v 0.046748 0.279284 0.078532
v 0.051044 0.278364 0.056875
v 0.107317 0.280899 0.053813
v 0.096496 0.280613 0.105384
v -0.080564 0.029909 0.198703
v -0.042844 0.029333 0.145857
v -0.037311 0.073197 0.161277
v -0.062743 0.062500 0.206860
v -0.073097 0.099378 0.205632
v -0.037311 0.112243 0.170871
v -0.041680 0.140161 0.159248
v -0.111478 0.121948 0.195094
v -0.111478 0.121948 0.195094
v -0.041680 0.140161 0.159248
v -0.098581 0.129000 0.132930
v -0.153121 0.108286 0.180981
v -0.166216 0.067659 0.173012
v -0.164561 0.077769 0.103014
v -0.107599 0.023158 0.100235
v -0.148559 0.030550 0.175253
v -0.114958 0.016859 0.185690
v -0.070243 0.015605 0.109777
v -0.042844 0.029333 0.145857
v -0.080564 0.029909 0.198703
v -0.062743 0.062500 0.206860
v -0.037311 0.073197 0.161277
v -0.037311 0.112243 0.170871
v -0.073097 0.099378 0.205632
v -0.153121 0.108286 0.180981
v -0.098581 0.129000 0.132930
v -0.164561 0.077769 0.103014
v -0.166216 0.067659 0.173012
v -0.148559 0.030550 0.175253
v -0.107599 0.023158 0.100235
v -0.070243 0.015605 0.109777
v -0.114958 0.016859 0.185690
v 0.000000 0.152511 0.154239
v 0.000000 0.203140 0.132413
v -0.033613 0.203630 0.129555
v -0.036911 0.162764 0.144134
v -0.143482 0.120152 0.011574
v -0.131242 0.157134 0.054668
v -0.125888 0.187742 0.001618
v -0.133798 0.106017 -0.047447
v -0.133798 0.106017 -0.047447
v -0.125888 0.187742 0.001618
v -0.075866 0.157950 -0.068455
v -0.077474 0.093964 -0.082634
v -0.032422 0.086710 -0.093768
v -0.033851 0.152241 -0.077340
v 0.000000 0.150254 -0.078532
v 0.000000 0.084816 -0.095747
v -0.086143 0.159143 0.121814
v -0.087468 0.194930 0.123158
v -0.133420 0.191343 0.105722
v -0.151333 0.133437 0.080862
v -0.151333 0.133437 0.080862
v -0.133420 0.191343 0.105722
v -0.131242 0.157134 0.054668
v -0.143482 0.120152 0.011574
v -0.077474 0.093964 -0.082634
v -0.075866 0.157950 -0.068455
v -0.033851 0.152241 -0.077340
v -0.032422 0.086710 -0.093768
v -0.036911 0.162764 0.144134
v -0.033613 0.203630 0.129555
v -0.087468 0.194930 0.123158
v -0.086143 0.159143 0.121814
v -0.033613 0.203630 0.129555
v -0.041954 0.248274 0.124495
v -0.087603 0.256441 0.101505
v -0.087468 0.194930 0.123158
v 0.000000 0.203140 0.132413
v 0.000000 0.247938 0.128637
v -0.041954 0.248274 0.124495
v -0.033613 0.203630 0.129555
v -0.125888 0.187742 0.001618
v -0.118788 0.248693 0.015429
v -0.070771 0.246238 -0.022615
v -0.075866 0.157950 -0.068455
v -0.033851 0.152241 -0.077340
v -0.028169 0.245046 -0.042235
v 0.000000 0.244469 -0.046403
v 0.000000 0.150254 -0.078532
v -0.087468 0.194930 0.123158
v -0.087603 0.256441 0.101505
v -0.122415 0.244487 0.094330
v -0.133420 0.191343 0.105722
v -0.122415 0.244487 0.094330
v -0.189691 0.184365 0.096244
v -0.170157 0.138907 0.096357
v -0.133420 0.191343 0.105722
v -0.075866 0.157950 -0.068455
v -0.070771 0.246238 -0.022615
v -0.028169 0.245046 -0.042235
v -0.033851 0.152241 -0.077340
v -0.118788 0.248693 0.015429
v -0.184003 0.191924 0.015038
v -0.196671 0.208178 0.053221
v -0.120552 0.252909 0.052880
v -0.131242 0.157134 0.054668
v -0.157603 0.117262 0.053446
v -0.164583 0.141075 0.015284
v -0.125888 0.187742 0.001618
v -0.120552 0.252909 0.052880
v -0.196671 0.208178 0.053221
v -0.189691 0.184365 0.096244
v -0.122415 0.244487 0.094330
v -0.125888 0.187742 0.001618
v -0.164583 0.141075 0.015284
v -0.184003 0.191924 0.015038
v -0.118788 0.248693 0.015429
v -0.120552 0.252909 0.052880
v -0.051044 0.278364 0.056875
v -0.044529 0.277394 0.037220
v -0.118788 0.248693 0.015429
v -0.118788 0.248693 0.015429
v -0.044529 0.277394 0.037220
v -0.031779 0.276718 0.025873
v -0.070771 0.246238 -0.022615
v -0.028169 0.245046 -0.042235
v -0.018869 0.276371 0.021868
v 0.000000 0.276197 0.021143
v 0.000000 0.244469 -0.046403
v -0.087603 0.256441 0.101505
v -0.033977 0.279773 0.093058
v -0.046748 0.279284 0.078532
v -0.122415 0.244487 0.094330
v -0.122415 0.244487 0.094330
v -0.046748 0.279284 0.078532
v -0.051044 0.278364 0.056875
v -0.120552 0.252909 0.052880
v -0.070771 0.246238 -0.022615
v -0.031779 0.276718 0.025873
v -0.018869 0.276371 0.021868
v -0.028169 0.245046 -0.042235
v -0.041954 0.248274 0.124495
v -0.020037 0.279845 0.098657
v -0.033977 0.279773 0.093058
v -0.087603 0.256441 0.101505
v 0.000000 0.247938 0.128637
v 0.000000 0.279743 0.099812
v -0.020037 0.279845 0.098657
v -0.041954 0.248274 0.124495
v -0.196671 0.208178 0.053221
v -0.244275 0.163589 0.055541
v -0.233996 0.143215 0.095146
v -0.189691 0.184365 0.096244
v -0.170157 0.138907 0.096357
v -0.208757 0.105182 0.095334
v -0.193797 0.087523 0.055918
v -0.157603 0.117262 0.053446
v -0.189691 0.184365 0.096244
v -0.233996 0.143215 0.095146
v -0.208757 0.105182 0.095334
v -0.170157 0.138907 0.096357
v -0.184003 0.191924 0.015038
v -0.229316 0.145930 0.016126
v -0.244275 0.163589 0.055541
v -0.196671 0.208178 0.053221
v -0.157603 0.117262 0.053446
v -0.193797 0.087523 0.055918
v -0.204077 0.107897 0.016314
v -0.164583 0.141075 0.015284
v -0.164583 0.141075 0.015284
v -0.204077 0.107897 0.016314
v -0.229316 0.145930 0.016126
v -0.184003 0.191924 0.015038
v -0.233996 0.143215 0.095146
v -0.269782 0.107304 0.095146
v -0.238648 0.073811 0.095334
v -0.208757 0.105182 0.095334
v -0.229316 0.145930 0.016126
v -0.265598 0.110750 0.016126
v -0.283257 0.125774 0.055541
v -0.244275 0.163589 0.055541
v -0.193797 0.087523 0.055918
v -0.220989 0.058787 0.055918
v -0.234464 0.077256 0.016314
v -0.204077 0.107897 0.016314
v -0.204077 0.107897 0.016314
v -0.234464 0.077256 0.016314
v -0.265598 0.110750 0.016126
v -0.229316 0.145930 0.016126
v -0.244275 0.163589 0.055541
v -0.283257 0.125774 0.055541
v -0.269782 0.107304 0.095146
v -0.233996 0.143215 0.095146
v -0.208757 0.105182 0.095334
v -0.238648 0.073811 0.095334
v -0.220989 0.058787 0.055918
v -0.193797 0.087523 0.055918
v -0.133420 0.191343 0.105722
v -0.170157 0.138907 0.096357
v -0.157603 0.117262 0.053446
v -0.131242 0.157134 0.054668
v -0.096496 0.280613 0.105384
v -0.136119 0.299152 0.121579
v -0.150945 0.304346 0.052105
v -0.107317 0.280899 0.053813
v -0.067479 0.268386 -0.026049
v -0.099813 0.282804 -0.058017
v -0.054431 0.281583 -0.072096
v -0.034491 0.267499 -0.036283
v -0.032898 0.272715 0.160927
v -0.050448 0.287327 0.206781
v -0.102581 0.289796 0.191520
v -0.070289 0.274071 0.149122
v 0.000000 0.272174 0.165225
v 0.000000 0.286472 0.213221
v -0.050448 0.287327 0.206781
v -0.032898 0.272715 0.160927
v -0.107317 0.280899 0.053813
v -0.150945 0.304346 0.052105
v -0.137309 0.300862 -0.018682
v -0.095913 0.278988 0.002632
v -0.095913 0.278988 0.002632
v -0.137309 0.300862 -0.018682
v -0.099813 0.282804 -0.058017
v -0.067479 0.268386 -0.026049
v -0.034491 0.267499 -0.036283
v -0.054431 0.281583 -0.072096
v 0.000000 0.280970 -0.074646
v 0.000000 0.267053 -0.038137
v -0.158436 0.333332 -0.039419
v -0.173316 0.358628 -0.060706
v -0.107901 0.355146 -0.117477
v -0.103857 0.318975 -0.087747
v -0.049315 0.317410 -0.106178
v -0.044200 0.353237 -0.140259
v 0.000000 0.352652 -0.145377
v 0.000000 0.316811 -0.110011
v -0.110817 0.331125 0.201334
v -0.119052 0.369988 0.209083
v -0.183862 0.367728 0.138373
v -0.170736 0.336818 0.132047
v -0.170736 0.336818 0.132047
v -0.183862 0.367728 0.138373
v -0.194403 0.366568 0.034674
v -0.178506 0.336950 0.043390
v -0.103857 0.318975 -0.087747
v -0.107901 0.355146 -0.117477
v -0.044200 0.353237 -0.140259
v -0.049315 0.317410 -0.106178
v -0.050376 0.329691 0.231691
v -0.050319 0.370447 0.240292
v -0.119052 0.369988 0.209083
v -0.110817 0.331125 0.201334
v 0.000000 0.330154 0.236590
v 0.000000 0.370402 0.247830
v -0.050319 0.370447 0.240292
v -0.050376 0.329691 0.231691
v -0.178506 0.336950 0.043390
v -0.194403 0.366568 0.034674
v -0.173316 0.358628 -0.060706
v -0.158436 0.333332 -0.039419
v -0.050319 0.370447 0.240292
v -0.049004 0.456969 0.244672
v -0.124114 0.456490 0.212101
v -0.119052 0.369988 0.209083
v 0.000000 0.370402 0.247830
v 0.000000 0.456922 0.244528
v -0.049004 0.456969 0.244672
v -0.050319 0.370447 0.240292
v -0.194403 0.366568 0.034674
v -0.205333 0.449550 0.022066
v -0.185624 0.444634 -0.077479
v -0.173316 0.358628 -0.060706
v -0.173316 0.358628 -0.060706
v -0.185624 0.444634 -0.077479
v -0.109100 0.441000 -0.136728
v -0.107901 0.355146 -0.117477
v -0.044200 0.353237 -0.140259
v -0.042618 0.439008 -0.160505
v 0.000000 0.438397 -0.165846
v 0.000000 0.352652 -0.145377
v -0.119052 0.369988 0.209083
v -0.124114 0.456490 0.212101
v -0.196632 0.454132 0.130292
v -0.183862 0.367728 0.138373
v -0.183862 0.367728 0.138373
v -0.196632 0.454132 0.130292
v -0.205333 0.449550 0.022066
v -0.194403 0.366568 0.034674
v -0.107901 0.355146 -0.117477
v -0.109100 0.441000 -0.136728
v -0.042618 0.439008 -0.160505
v -0.044200 0.353237 -0.140259
v -0.205333 0.449550 0.022066
v -0.198064 0.531818 0.025101
v -0.170946 0.528865 -0.060102
v -0.185624 0.444634 -0.077479
v -0.185624 0.444634 -0.077479
v -0.170946 0.528865 -0.060102
v -0.111715 0.525797 -0.116226
v -0.109100 0.441000 -0.136728
v -0.042618 0.439008 -0.160505
v -0.050172 0.524902 -0.137882
v 0.000000 0.524401 -0.144270
v 0.000000 0.438397 -0.165846
v -0.124114 0.456490 0.212101
v -0.121624 0.535239 0.185265
v -0.179992 0.534226 0.116724
v -0.196632 0.454132 0.130292
v -0.196632 0.454132 0.130292
v -0.179992 0.534226 0.116724
v -0.198064 0.531818 0.025101
v -0.205333 0.449550 0.022066
v -0.109100 0.441000 -0.136728
v -0.111715 0.525797 -0.116226
v -0.050172 0.524902 -0.137882
v -0.042618 0.439008 -0.160505
v -0.049004 0.456969 0.244672
v -0.056064 0.535355 0.217076
v -0.121624 0.535239 0.185265
v -0.124114 0.456490 0.212101
v 0.000000 0.456922 0.244528
v 0.000000 0.535336 0.222554
v -0.056064 0.535355 0.217076
v -0.049004 0.456969 0.244672
v -0.121624 0.535239 0.185265
v -0.101564 0.610081 0.148482
v -0.140992 0.609240 0.097617
v -0.179992 0.534226 0.116724
v -0.179992 0.534226 0.116724
v -0.140992 0.609240 0.097617
v -0.153827 0.607414 0.027451
v -0.198064 0.531818 0.025101
v -0.111715 0.525797 -0.116226
v -0.094922 0.603015 -0.080543
v -0.046426 0.602235 -0.098726
v -0.050172 0.524902 -0.137882
v -0.056064 0.535355 0.217076
v -0.050730 0.610247 0.174326
v -0.101564 0.610081 0.148482
v -0.121624 0.535239 0.185265
v 0.000000 0.535336 0.222554
v 0.000000 0.610233 0.181964
v -0.050730 0.610247 0.174326
v -0.056064 0.535355 0.217076
v -0.198064 0.531818 0.025101
v -0.153827 0.607414 0.027451
v -0.134662 0.605184 -0.037887
v -0.170946 0.528865 -0.060102
v -0.170946 0.528865 -0.060102
v -0.134662 0.605184 -0.037887
v -0.094922 0.603015 -0.080543
v -0.111715 0.525797 -0.116226
v -0.050172 0.524902 -0.137882
v -0.046426 0.602235 -0.098726
v 0.000000 0.601765 -0.105289
v 0.000000 0.524401 -0.144270
v -0.061002 0.644091 0.056527
v -0.007805 0.645327 0.037654
v -0.008514 0.645166 0.034094
v -0.066029 0.643067 0.031919
v -0.044260 0.641075 -0.005377
v -0.005786 0.644870 0.027515
v -0.002765 0.644779 0.025498
v -0.022724 0.640521 -0.013077
v -0.024296 0.644884 0.083391
v -0.002765 0.645554 0.042689
v -0.005786 0.645463 0.040672
v -0.046773 0.644663 0.073629
v 0.000000 0.644935 0.087652
v 0.000000 0.645586 0.043397
v -0.002765 0.645554 0.042689
v -0.024296 0.644884 0.083391
v -0.066029 0.643067 0.031919
v -0.008514 0.645166 0.034094
v -0.007805 0.645006 0.030534
v -0.058740 0.641919 0.008961
v -0.058740 0.641919 0.008961
v -0.007805 0.645006 0.030534
v -0.005786 0.644870 0.027515
v -0.044260 0.641075 -0.005377
v -0.022724 0.640521 -0.013077
v -0.002765 0.644779 0.025498
v 0.000000 0.644747 0.024790
v 0.000000 0.640234 -0.016364
v -0.046773 0.644663 0.073629
v -0.005786 0.645463 0.040672
v -0.007805 0.645327 0.037654
v -0.061002 0.644091 0.056527
v -0.101564 0.610081 0.148482
v -0.046773 0.644663 0.073629
v -0.061002 0.644091 0.056527
v -0.140992 0.609240 0.097617
v -0.046426 0.602235 -0.098726
v -0.022724 0.640521 -0.013077
v 0.000000 0.640234 -0.016364
v 0.000000 0.601765 -0.105289
v -0.134662 0.605184 -0.037887
v -0.058740 0.641919 0.008961
v -0.044260 0.641075 -0.005377
v -0.094922 0.603015 -0.080543
v -0.153827 0.607414 0.027451
v -0.066029 0.643067 0.031919
v -0.058740 0.641919 0.008961
v -0.134662 0.605184 -0.037887
v 0.000000 0.610233 0.181964
v 0.000000 0.644935 0.087652
v -0.024296 0.644884 0.083391
v -0.050730 0.610247 0.174326
v -0.050730 0.610247 0.174326
v -0.024296 0.644884 0.083391
v -0.046773 0.644663 0.073629
v -0.101564 0.610081 0.148482
v -0.094922 0.603015 -0.080543
v -0.044260 0.641075 -0.005377
v -0.022724 0.640521 -0.013077
v -0.046426 0.602235 -0.098726
v -0.140992 0.609240 0.097617
v -0.061002 0.644091 0.056527
v -0.066029 0.643067 0.031919
v -0.153827 0.607414 0.027451
v -0.220989 0.058787 0.055918
v -0.244593 0.060713 0.054938
v -0.253459 0.072866 0.028879
v -0.234464 0.077256 0.016314
v -0.265598 0.110750 0.016126
v -0.273946 0.094905 0.028755
v -0.285566 0.104791 0.054690
v -0.283257 0.125774 0.055541
v -0.269782 0.107304 0.095146
v -0.276699 0.092638 0.080750
v -0.256213 0.070599 0.080874
v -0.238648 0.073811 0.095334
v -0.238648 0.073811 0.095334
v -0.256213 0.070599 0.080874
v -0.244593 0.060713 0.054938
v -0.220989 0.058787 0.055918
v -0.283257 0.125774 0.055541
v -0.285566 0.104791 0.054690
v -0.276699 0.092638 0.080750
v -0.269782 0.107304 0.095146
v -0.234464 0.077256 0.016314
v -0.253459 0.072866 0.028879
v -0.273946 0.094905 0.028755
v -0.265598 0.110750 0.016126
v -0.070289 0.274071 0.149122
v -0.102581 0.289796 0.191520
v -0.136119 0.299152 0.121579
v -0.096496 0.280613 0.105384
v -0.150945 0.304346 0.052105
v -0.178506 0.336950 0.043390
v -0.158436 0.333332 -0.039419
v -0.137309 0.300862 -0.018682
v 0.000000 0.286472 0.213221
v 0.000000 0.330154 0.236590
v -0.050376 0.329691 0.231691
v -0.050448 0.287327 0.206781
v -0.050448 0.287327 0.206781
v -0.050376 0.329691 0.231691
v -0.110817 0.331125 0.201334
v -0.102581 0.289796 0.191520
v -0.099813 0.282804 -0.058017
v -0.103857 0.318975 -0.087747
v -0.049315 0.317410 -0.106178
v -0.054431 0.281583 -0.072096
v -0.136119 0.299152 0.121579
v -0.170736 0.336818 0.132047
v -0.178506 0.336950 0.043390
v -0.150945 0.304346 0.052105
v -0.102581 0.289796 0.191520
v -0.110817 0.331125 0.201334
v -0.170736 0.336818 0.132047
v -0.136119 0.299152 0.121579
v -0.054431 0.281583 -0.072096
v -0.049315 0.317410 -0.106178
v 0.000000 0.316811 -0.110011
v 0.000000 0.280970 -0.074646
v -0.137309 0.300862 -0.018682
v -0.158436 0.333332 -0.039419
v -0.103857 0.318975 -0.087747
v -0.099813 0.282804 -0.058017
v -0.033977 0.279773 0.093058
v -0.070289 0.274071 0.149122
v -0.096496 0.280613 0.105384
v -0.046748 0.279284 0.078532
v -0.018869 0.276371 0.021868
v -0.034491 0.267499 -0.036283
v 0.000000 0.267053 -0.038137
v 0.000000 0.276197 0.021143
v -0.044529 0.277394 0.037220
v -0.095913 0.278988 0.002632
v -0.067479 0.268386 -0.026049
v -0.031779 0.276718 0.025873
v -0.051044 0.278364 0.056875
v -0.107317 0.280899 0.053813
v -0.095913 0.278988 0.002632
v -0.044529 0.277394 0.037220
v 0.000000 0.279743 0.099812
v 0.000000 0.272174 0.165225
v -0.032898 0.272715 0.160927
v -0.020037 0.279845 0.098657
v -0.020037 0.279845 0.098657
v -0.032898 0.272715 0.160927
v -0.070289 0.274071 0.149122
v -0.033977 0.279773 0.093058
v -0.031779 0.276718 0.025873
v -0.067479 0.268386 -0.026049
v -0.034491 0.267499 -0.036283
v -0.018869 0.276371 0.021868
v -0.046748 0.279284 0.078532
v -0.096496 0.280613 0.105384
v -0.107317 0.280899 0.053813
v -0.051044 0.278364 0.056875
vn 0.6633 -0.6189 -0.4208
vn 0.9020 -0.4167 0.1126
vn 0.4865 -0.8665 0.1123
vn 0.7023 -0.6513 0.2874
vn 0.8840 -0.3986 -0.2442
vn 0.4654 -0.8522 -0.2391
vn -0.6758 -0.6304 -0.3819
vn -0.8876 -0.4515 0.0914
vn -0.5201 -0.8492 0.0907
vn -0.7108 -0.6593 0.2452
vn -0.8720 -0.4346 -0.2250
vn -0.5008 -0.8371 -0.2200
vn -0.7936 -0.3872 0.4694
vn -0.7936 -0.3872 0.4693
vn -0.7936 -0.3871 0.4694
vn -0.3189 0.5942 0.7384
vn -0.3189 0.5941 0.7384
vn 0.2648 0.9628 0.0543
vn 0.7550 -0.6128 -0.2334
vn 0.7550 -0.6128 -0.2333
vn 0.7550 -0.6129 -0.2333
vn -0.2649 -0.9468 0.1830
vn -0.7891 0.0401 0.6130
vn -0.7891 0.0400 0.6130
vn 0.7139 0.6813 -0.1619
vn 0.7138 0.6813 -0.1619
vn 0.2614 -0.9607 -0.0933
vn 0.2614 -0.9607 -0.0934
vn 0.2613 -0.9607 -0.0933
vn 0.1130 0.3708 0.9218
vn 0.1129 0.3709 0.9218
vn 0.9667 0.2377 -0.0948
vn 0.9667 0.2377 -0.0947
vn 0.5833 0.3552 -0.7305
vn 0.5833 0.3551 -0.7305
vn 0.0318 0.2484 -0.9681
vn 0.0318 0.2483 -0.9682
vn 0.0318 0.2483 -0.9681
vn 0.4216 -0.1742 0.8899
vn 0.4216 -0.1743 0.8899
vn 0.8570 0.4509 -0.2494
vn 0.1862 0.2262 -0.9561
vn 0.2832 0.1703 0.9438
vn 0.2833 0.1702 0.9438
vn 0.2833 0.1703 0.9438
vn 0.2777 0.2135 0.9366
vn 0.2778 0.2135 0.9366
vn 0.0909 0.0895 0.9918
vn 0.6180 0.2776 -0.7356
vn 0.6180 0.2776 -0.7355
vn 0.6180 0.2775 -0.7356
vn 0.0670 0.3393 -0.9383
vn 0.0671 0.3393 -0.9383
vn 0.0671 0.3394 -0.9383
vn 0.3296 0.2902 0.8984
vn 0.1772 0.0989 0.9792
vn 0.1771 0.0989 0.9792
vn 0.2617 0.4068 -0.8752
vn 0.6121 0.7301 -0.3038
vn 0.6120 0.7302 -0.3038
vn -0.7178 -0.5922 -0.3662
vn -0.7178 -0.5923 -0.3661
vn -0.7178 -0.5922 -0.3661
vn 0.5678 0.7294 0.3814
vn 0.5678 0.7295 0.3814
vn 0.5678 0.7294 0.3815
vn 0.2242 0.0110 -0.9745
vn 0.2467 0.9492 -0.1953
vn 0.2467 0.9492 -0.1954
vn 0.1927 0.9024 -0.3854
vn 0.1927 0.9024 -0.3853
vn 0.0303 0.9023 -0.4300
vn 0.3543 0.8976 0.2623
vn 0.3544 0.8976 0.2623
vn 0.3121 0.9199 0.2373
vn 0.3121 0.9199 0.2374
vn 0.1554 0.8926 -0.4233
vn 0.2203 0.7164 0.6620
vn 0.2202 0.7165 0.6620
vn 0.2202 0.7164 0.6620
vn 0.2203 0.7165 0.6619
vn 0.0590 0.6636 0.7457
vn 0.5982 0.6480 0.4715
vn -0.5655 -0.6548 0.5015
vn -0.5654 -0.6548 0.5016
vn -0.5653 -0.6548 0.5017
vn -0.5653 -0.6548 0.5016
vn 0.0196 -0.0068 0.9998
vn 0.0195 -0.0068 0.9998
vn 0.0193 -0.0068 0.9998
vn 0.0194 -0.0068 0.9998
vn 0.6180 0.6155 -0.4891
vn 0.6180 0.6155 -0.4890
vn -0.5384 -0.6758 -0.5034
vn -0.5384 -0.6757 -0.5035
vn 0.0139 -0.0118 -0.9998
vn 0.0139 -0.0119 -0.9998
vn 0.0031 0.0029 1.0000
vn 0.0029 0.0029 1.0000
vn 0.6008 0.6193 -0.5055
vn 0.6007 0.6195 -0.5053
vn -0.6272 -0.6083 -0.4864
vn -0.6273 -0.6082 -0.4864
vn -0.0029 -0.0030 -1.0000
vn -0.0029 -0.0029 -1.0000
vn 0.6127 0.6213 0.4884
vn -0.6257 -0.5943 0.5053
vn -0.6259 -0.5942 0.5052
vn -0.7195 -0.5416 0.4347
vn -0.7195 -0.5416 0.4348
vn -0.7194 -0.5416 0.4348
vn 0.4201 -0.9064 0.0439
vn 0.1200 -0.9448 -0.3048
vn 0.1200 -0.9578 0.2613
vn 0.1200 -0.9577 0.2615
vn 0.1200 -0.9577 0.2614
vn 0.0527 -0.9571 0.2850
vn 0.0526 -0.9570 0.2851
vn 0.4480 -0.8920 -0.0603
vn 0.4478 -0.8921 -0.0604
vn 0.4479 -0.8921 -0.0604
vn 0.4240 -0.9052 -0.0297
vn 0.4241 -0.9051 -0.0297
vn 0.4241 -0.9052 -0.0297
vn 0.0287 -0.9348 -0.3541
vn 0.0287 -0.9348 -0.3540
vn 0.0286 -0.9348 -0.3540
vn 0.5659 -0.6227 -0.5404
vn 0.0775 -0.6909 -0.7187
vn 0.0776 -0.6909 -0.7188
vn 0.7059 -0.3413 0.6206
vn 0.7059 -0.3414 0.6206
vn 0.8996 -0.4278 0.0879
vn 0.8995 -0.4279 0.0879
vn 0.8996 -0.4279 0.0879
vn 0.2705 -0.6363 -0.7225
vn 0.4207 -0.2238 0.8792
vn 0.4207 -0.2237 0.8792
vn 0.1182 -0.2362 0.9645
vn 0.1181 -0.2362 0.9645
vn 0.8234 -0.5460 -0.1548
vn 0.8233 -0.5460 -0.1548
vn 0.4048 -0.0480 0.9132
vn 0.4046 -0.0478 0.9132
vn 0.4046 -0.0478 0.9133
vn 0.0742 -0.0056 0.9972
vn 0.0743 -0.0057 0.9972
vn 0.9673 -0.1663 -0.1915
vn 0.6253 -0.2070 -0.7524
vn 0.6254 -0.2068 -0.7524
vn 0.6254 -0.2069 -0.7524
vn 0.1196 -0.2282 -0.9662
vn 0.1196 -0.2283 -0.9662
vn 0.7411 -0.0569 0.6689
vn 0.7411 -0.0568 0.6690
vn 0.7410 -0.0567 0.6691
vn 0.9876 -0.1268 0.0931
vn 0.9875 -0.1268 0.0931
vn 0.3348 -0.2106 -0.9185
vn 0.9558 0.1565 -0.2489
vn 0.6266 0.2127 -0.7497
vn 0.6267 0.2128 -0.7497
vn 0.1188 0.2423 -0.9629
vn 0.1190 0.2425 -0.9628
vn 0.1188 0.2424 -0.9629
vn 0.7332 0.2492 0.6327
vn 0.9802 0.1525 0.1260
vn 0.9802 0.1526 0.1260
vn 0.3226 0.2139 -0.9221
vn 0.3225 0.2138 -0.9221
vn 0.3223 0.2137 -0.9222
vn 0.3224 0.2137 -0.9222
vn 0.3992 0.2899 0.8699
vn 0.3993 0.2897 0.8698
vn 0.0482 0.2991 0.9530
vn 0.6839 0.4759 0.5529
vn 0.6841 0.4758 0.5529
vn 0.8580 0.4909 0.1510
vn 0.8580 0.4910 0.1511
vn 0.2983 0.4478 -0.8429
vn 0.2984 0.4478 -0.8429
vn 0.3897 0.4827 0.7843
vn 0.1063 0.4863 0.8673
vn 0.1064 0.4863 0.8673
vn 0.8312 0.4848 -0.2721
vn 0.8313 0.4846 -0.2723
vn 0.6167 0.4553 -0.6421
vn 0.6168 0.4553 -0.6421
vn 0.1142 0.4501 -0.8856
vn 0.1142 0.4501 -0.8857
vn 0.0352 0.9988 -0.0344
vn 0.0353 0.9988 -0.0348
vn 0.0138 0.9948 -0.1008
vn 0.0154 0.9999 0.0069
vn 0.0057 0.9999 0.0141
vn 0.0055 0.9999 0.0141
vn 0.0346 0.9976 -0.0597
vn 0.0269 0.9963 -0.0818
vn 0.0268 0.9963 -0.0818
vn 0.0046 0.9941 -0.1082
vn 0.0045 0.9941 -0.1082
vn 0.0283 0.9995 -0.0122
vn 0.0284 0.9995 -0.0123
vn 0.2958 0.9310 0.2139
vn 0.2955 0.9311 0.2140
vn 0.0465 0.9167 -0.3968
vn 0.0464 0.9167 -0.3968
vn 0.2590 0.9197 -0.2950
vn 0.2590 0.9197 -0.2951
vn 0.3621 0.9210 -0.1437
vn 0.0548 0.9377 0.3431
vn 0.0549 0.9377 0.3431
vn 0.1574 0.9363 0.3138
vn 0.1225 0.9173 -0.3788
vn 0.1226 0.9173 -0.3788
vn 0.3788 0.9244 0.0437
vn 0.3789 0.9244 0.0436
vn 0.0576 -0.9122 -0.4058
vn 0.8892 0.1158 -0.4425
vn 0.5087 -0.4688 0.7221
vn 0.0902 -0.9434 0.3192
vn 0.9298 0.0878 0.3573
vn 0.4356 -0.4094 -0.8016
vn 0.3620 -0.9293 0.0737
vn 0.3619 -0.9293 0.0735
vn 0.3620 -0.9293 0.0736
vn 0.7655 -0.6273 -0.1434
vn 0.7655 -0.6272 -0.1434
vn 0.0994 -0.4867 0.8679
vn 0.0995 -0.4868 0.8678
vn 0.0998 -0.4871 0.8676
vn 0.3577 -0.3874 0.8497
vn 0.2539 -0.6394 -0.7257
vn 0.2540 -0.6394 -0.7257
vn 0.7574 -0.6475 0.0842
vn 0.7384 -0.5049 0.4470
vn 0.7384 -0.5050 0.4469
vn 0.7384 -0.5050 0.4470
vn 0.0524 -0.6930 -0.7191
vn 0.0523 -0.6930 -0.7190
vn 0.6566 -0.5880 -0.4723
vn 0.6567 -0.5880 -0.4723
vn 0.0298 -0.9961 -0.0835
vn 0.0041 -0.9883 0.1522
vn 0.0046 -0.9884 0.1520
vn 0.0981 -0.9797 0.1751
vn 0.0482 -0.9984 0.0284
vn 0.0002 -0.9934 -0.1144
vn 0.0003 -0.9934 -0.1144
vn -0.0102 -0.9946 -0.1036
vn -0.0187 -0.9891 0.1459
vn -0.0186 -0.9891 0.1459
vn 0.0330 -0.9993 0.0154
vn 0.0330 -0.9993 0.0155
vn 0.7936 -0.3872 0.4694
vn 0.7936 -0.3871 0.4694
vn 0.7936 -0.3872 0.4693
vn 0.3189 0.5942 0.7384
vn 0.3189 0.5941 0.7384
vn 0.3190 0.5941 0.7384
vn -0.2648 0.9628 0.0543
vn -0.7550 -0.6128 -0.2334
vn -0.7549 -0.6129 -0.2333
vn -0.7550 -0.6128 -0.2333
vn 0.2649 -0.9468 0.1830
vn 0.7891 0.0401 0.6130
vn 0.7891 0.0400 0.6130
vn -0.7139 0.6813 -0.1619
vn -0.7138 0.6813 -0.1619
vn -0.2614 -0.9607 -0.0933
vn -0.2613 -0.9607 -0.0933
vn -0.2614 -0.9607 -0.0934
vn -0.1130 0.3708 0.9218
vn -0.1129 0.3709 0.9218
vn -0.9667 0.2377 -0.0948
vn -0.9667 0.2377 -0.0947
vn -0.5833 0.3552 -0.7305
vn -0.5833 0.3551 -0.7305
vn -0.0318 0.2484 -0.9681
vn -0.0318 0.2483 -0.9682
vn -0.4216 -0.1742 0.8899
vn -0.4216 -0.1743 0.8899
vn -0.8570 0.4509 -0.2494
vn -0.1862 0.2262 -0.9561
vn -0.2832 0.1703 0.9438
vn -0.2833 0.1703 0.9438
vn -0.2833 0.1702 0.9438
vn -0.2777 0.2135 0.9366
vn -0.2778 0.2135 0.9366
vn -0.0909 0.0895 0.9918
vn -0.6493 0.3274 -0.6864
vn -0.6493 0.3274 -0.6865
vn -0.0670 0.3393 -0.9383
vn -0.0671 0.3394 -0.9383
vn -0.0671 0.3393 -0.9383
vn -0.3296 0.2902 0.8984
vn -0.1772 0.0989 0.9792
vn -0.1771 0.0989 0.9792
vn -0.2617 0.4068 -0.8752
vn -0.5537 0.7711 -0.3143
vn -0.5537 0.7711 -0.3144
vn -0.5537 0.7712 -0.3143
vn 0.7178 -0.5922 -0.3662
vn 0.7178 -0.5922 -0.3661
vn 0.7178 -0.5923 -0.3661
vn -0.5547 0.7656 0.3257
vn -0.5547 0.7656 0.3258
vn -0.2176 0.0939 -0.9715
vn -0.2176 0.0938 -0.9715
vn -0.2165 0.0938 -0.9718
vn -0.3285 0.9352 -0.1326
vn -0.3285 0.9352 -0.1325
vn -0.2465 0.8997 -0.3604
vn -0.2465 0.8997 -0.3603
vn -0.0303 0.9023 -0.4300
vn -0.3544 0.8976 0.2623
vn -0.3543 0.8976 0.2623
vn -0.3718 0.9200 0.1237
vn -0.1554 0.8926 -0.4233
vn -0.2203 0.7164 0.6620
vn -0.2203 0.7165 0.6619
vn -0.2202 0.7164 0.6620
vn -0.0590 0.6636 0.7457
vn -0.5982 0.6480 0.4715
vn 0.5655 -0.6548 0.5015
vn 0.5653 -0.6548 0.5016
vn 0.5653 -0.6548 0.5017
vn 0.5654 -0.6548 0.5016
vn -0.0196 -0.0068 0.9998
vn -0.0194 -0.0068 0.9998
vn -0.0193 -0.0068 0.9998
vn -0.0195 -0.0068 0.9998
vn -0.6180 0.6156 -0.4890
vn -0.6180 0.6155 -0.4891
vn -0.6180 0.6155 -0.4890
vn 0.5384 -0.6758 -0.5034
vn 0.5384 -0.6757 -0.5035
vn -0.0139 -0.0118 -0.9998
vn -0.0139 -0.0119 -0.9998
vn -0.0029 0.0029 1.0000
vn -0.0031 0.0029 1.0000
vn -0.6007 0.6195 -0.5053
vn -0.6007 0.6196 -0.5053
vn 0.6272 -0.6083 -0.4864
vn 0.6273 -0.6082 -0.4864
vn 0.6273 -0.6083 -0.4864
vn 0.0029 -0.0029 -1.0000
vn 0.0029 -0.0030 -1.0000
vn -0.6127 0.6213 0.4884
vn 0.6257 -0.5943 0.5053
vn 0.6259 -0.5942 0.5052
vn 0.6258 -0.5942 0.5052
vn 0.7195 -0.5416 0.4347
vn 0.7194 -0.5417 0.4348
vn 0.7195 -0.5416 0.4348
vn -0.4423 -0.8953 0.0532
vn -0.1200 -0.9448 -0.3048
vn -0.1201 -0.9578 0.2612
vn -0.1200 -0.9577 0.2615
vn -0.1200 -0.9577 0.2614
vn -0.0526 -0.9570 0.2851
vn -0.0527 -0.9571 0.2850
vn -0.4581 -0.8872 -0.0548
vn -0.4240 -0.9052 -0.0297
vn -0.4241 -0.9051 -0.0297
vn -0.4241 -0.9052 -0.0297
vn -0.0287 -0.9348 -0.3541
vn -0.0286 -0.9348 -0.3540
vn -0.0287 -0.9348 -0.3540
vn -0.5659 -0.6227 -0.5404
vn -0.0775 -0.6909 -0.7187
vn -0.0776 -0.6909 -0.7188
vn -0.7059 -0.3413 0.6206
vn -0.7060 -0.3413 0.6206
vn -0.7059 -0.3414 0.6206
vn -0.8995 -0.4279 0.0879
vn -0.8996 -0.4279 0.0879
vn -0.2705 -0.6363 -0.7225
vn -0.4207 -0.2238 0.8792
vn -0.4207 -0.2237 0.8792
vn -0.1182 -0.2362 0.9645
vn -0.1181 -0.2362 0.9645
vn -0.8234 -0.5460 -0.1548
vn -0.8233 -0.5460 -0.1548
vn -0.4047 -0.0479 0.9132
vn -0.4046 -0.0478 0.9132
vn -0.0742 -0.0056 0.9972
vn -0.0743 -0.0057 0.9972
vn -0.9673 -0.1663 -0.1915
vn -0.9673 -0.1664 -0.1916
vn -0.6253 -0.2070 -0.7524
vn -0.6254 -0.2069 -0.7524
vn -0.6254 -0.2068 -0.7524
vn -0.1196 -0.2282 -0.9662
vn -0.1196 -0.2283 -0.9662
vn -0.7411 -0.0569 0.6690
vn -0.7411 -0.0568 0.6690
vn -0.9876 -0.1268 0.0931
vn -0.9875 -0.1268 0.0931
vn -0.3348 -0.2106 -0.9185
vn -0.9558 0.1565 -0.2489
vn -0.6266 0.2127 -0.7497
vn -0.6267 0.2127 -0.7497
vn -0.6267 0.2128 -0.7497
vn -0.1188 0.2423 -0.9629
vn -0.1188 0.2424 -0.9629
vn -0.1190 0.2425 -0.9628
vn -0.7332 0.2492 0.6327
vn -0.9802 0.1525 0.1260
vn -0.9802 0.1526 0.1260
vn -0.3226 0.2139 -0.9221
vn -0.3224 0.2138 -0.9221
vn -0.3223 0.2137 -0.9222
vn -0.3993 0.2898 0.8698
vn -0.3993 0.2897 0.8698
vn -0.0482 0.2991 0.9530
vn -0.6839 0.4759 0.5529
vn -0.6841 0.4758 0.5529
vn -0.6840 0.4758 0.5529
vn -0.8580 0.4909 0.1510
vn -0.8580 0.4910 0.1511
vn -0.2983 0.4478 -0.8429
vn -0.2984 0.4478 -0.8429
vn -0.3897 0.4827 0.7843
vn -0.1063 0.4863 0.8673
vn -0.1064 0.4863 0.8673
vn -0.8312 0.4848 -0.2721
vn -0.8313 0.4846 -0.2723
vn -0.6168 0.4554 -0.6421
vn -0.6168 0.4553 -0.6421
vn -0.6167 0.4553 -0.6421
vn -0.1142 0.4501 -0.8856
vn -0.1142 0.4501 -0.8857
vn -0.0353 0.9988 -0.0348
vn -0.0352 0.9988 -0.0344
vn -0.0138 0.9948 -0.1008
vn -0.0137 0.9948 -0.1009
vn -0.0154 0.9999 0.0069
vn -0.0056 0.9999 0.0141
vn -0.0057 0.9999 0.0141
vn -0.0055 0.9999 0.0141
vn -0.0346 0.9976 -0.0597
vn -0.0346 0.9976 -0.0596
vn -0.0269 0.9963 -0.0818
vn -0.0268 0.9963 -0.0818
vn -0.0046 0.9941 -0.1082
vn -0.0045 0.9941 -0.1082
vn -0.0283 0.9995 -0.0122
vn -0.0284 0.9995 -0.0123
vn -0.2955 0.9311 0.2140
vn -0.0466 0.9168 -0.3967
vn -0.0464 0.9167 -0.3968
vn -0.2590 0.9197 -0.2950
vn -0.2590 0.9197 -0.2951
vn -0.3621 0.9210 -0.1437
vn -0.0548 0.9377 0.3431
vn -0.0549 0.9377 0.3431
vn -0.1574 0.9363 0.3138
vn -0.1226 0.9173 -0.3788
vn -0.1225 0.9173 -0.3788
vn -0.3788 0.9244 0.0437
vn -0.3789 0.9244 0.0436
vn -0.0576 -0.9122 -0.4058
vn -0.8892 0.1158 -0.4425
vn -0.5087 -0.4688 0.7221
vn -0.0902 -0.9434 0.3192
vn -0.9298 0.0878 0.3573
vn -0.4356 -0.4094 -0.8016
vn -0.3810 -0.9218 0.0713
vn -0.3811 -0.9218 0.0713
vn -0.3811 -0.9218 0.0714
vn -0.7621 -0.6326 -0.1380
vn -0.0994 -0.4867 0.8679
vn -0.0995 -0.4868 0.8678
vn -0.0998 -0.4871 0.8676
vn -0.3577 -0.3874 0.8497
vn -0.2539 -0.6394 -0.7257
vn -0.2540 -0.6394 -0.7257
vn -0.7452 -0.6615 0.0842
vn -0.7374 -0.5129 0.4396
vn -0.7374 -0.5128 0.4396
vn -0.7374 -0.5129 0.4395
vn -0.0524 -0.6930 -0.7191
vn -0.0523 -0.6930 -0.7190
vn -0.6566 -0.5880 -0.4723
vn -0.6567 -0.5880 -0.4723
vn -0.0298 -0.9961 -0.0835
vn -0.0299 -0.9961 -0.0835
vn -0.0046 -0.9884 0.1520
vn -0.0041 -0.9883 0.1522
vn -0.0981 -0.9797 0.1751
vn -0.0483 -0.9984 0.0284
vn -0.0482 -0.9984 0.0284
vn -0.0481 -0.9984 0.0283
vn -0.0002 -0.9934 -0.1144
vn -0.0003 -0.9934 -0.1144
vn 0.0103 -0.9946 -0.1036
vn 0.0102 -0.9946 -0.1036
vn 0.0186 -0.9891 0.1459
vn 0.0187 -0.9891 0.1459
vn -0.0330 -0.9993 0.0154
vn -0.0330 -0.9993 0.0155
vt 0.000000 1.000000
s 0
usemtl Material.001
f 2505/13/919 2506/13/919 2507/13/919
f 2508/13/920 2509/13/920 2510/13/920
f 2511/13/921 2512/13/921 2513/13/921
f 2514/13/922 2515/13/922 2516/13/922
f 2517/13/923 2518/13/923 2519/13/923
f 2520/13/924 2521/13/924 2522/13/924
f 2523/13/925 2524/13/925 2525/13/925
s 1
f 2526/13/926 2527/13/926 2528/13/926
s 0
f 2529/13/927 2530/13/927 2531/13/927
f 2532/13/928 2533/13/928 2534/13/928
f 2535/13/929 2536/13/929 2537/13/929
f 2538/13/930 2539/13/930 2540/13/930
s 1
f 2541/13/931 2542/13/932 2543/13/931
f 2541/13/931 2543/13/931 2544/13/933
f 2545/13/934 2546/13/934 2547/13/935
f 2545/13/934 2547/13/935 2548/13/935
f 2549/13/936 2550/13/936 2551/13/936
f 2549/13/936 2551/13/936 2552/13/936
f 2553/13/937 2554/13/937 2555/13/938
f 2553/13/937 2555/13/938 2556/13/939
f 2557/13/940 2558/13/940 2559/13/940
f 2557/13/940 2559/13/940 2560/13/940
f 2561/13/941 2562/13/941 2563/13/941
f 2561/13/941 2563/13/941 2564/13/942
f 2565/13/943 2566/13/943 2567/13/943
f 2565/13/943 2567/13/943 2568/13/944
f 2569/13/945 2570/13/946 2571/13/947
f 2569/13/945 2571/13/947 2572/13/947
f 2573/13/948 2574/13/948 2575/13/949
f 2573/13/948 2575/13/949 2576/13/949
f 2577/13/950 2578/13/950 2579/13/950
f 2577/13/950 2579/13/950 2580/13/951
f 2581/13/952 2582/13/953 2583/13/952
f 2581/13/952 2583/13/952 2584/13/952
f 2585/13/954 2586/13/955 2587/13/956
f 2585/13/954 2587/13/956 2588/13/954
f 2589/13/957 2590/13/958 2591/13/958
f 2589/13/957 2591/13/958 2592/13/957
f 2593/13/959 2594/13/959 2595/13/959
f 2593/13/959 2595/13/959 2596/13/959
f 2597/13/960 2598/13/960 2599/13/960
f 2597/13/960 2599/13/960 2600/13/960
f 2601/13/961 2602/13/962 2603/13/963
f 2601/13/961 2603/13/963 2604/13/961
f 2605/13/964 2606/13/965 2607/13/965
f 2605/13/964 2607/13/965 2608/13/965
f 2609/13/966 2610/13/966 2611/13/966
f 2609/13/966 2611/13/966 2612/13/966
f 2613/13/967 2614/13/968 2615/13/969
f 2613/13/967 2615/13/969 2616/13/969
f 2617/13/970 2618/13/971 2619/13/972
f 2617/13/970 2619/13/972 2620/13/971
f 2621/13/973 2622/13/973 2623/13/973
f 2621/13/973 2623/13/973 2624/13/973
f 2625/13/974 2626/13/974 2627/13/974
f 2625/13/974 2627/13/974 2628/13/975
f 2629/13/976 2630/13/976 2631/13/976
f 2629/13/976 2631/13/976 2632/13/976
f 2633/13/977 2634/13/978 2635/13/977
f 2633/13/977 2635/13/977 2636/13/977
f 2637/13/979 2638/13/980 2639/13/981
f 2637/13/979 2639/13/981 2640/13/979
f 2641/13/982 2642/13/983 2643/13/982
f 2641/13/982 2643/13/982 2644/13/984
f 2645/13/985 2646/13/985 2647/13/985
f 2645/13/985 2647/13/985 2648/13/985
f 2649/13/986 2650/13/987 2651/13/986
f 2649/13/986 2651/13/986 2652/13/986
f 2653/13/988 2654/13/988 2655/13/988
f 2653/13/988 2655/13/988 2656/13/989
f 2657/13/990 2658/13/990 2659/13/990
f 2657/13/990 2659/13/990 2660/13/990
f 2661/13/991 2662/13/992 2663/13/992
f 2661/13/991 2663/13/992 2664/13/991
f 2665/13/993 2666/13/994 2667/13/993
f 2665/13/993 2667/13/993 2668/13/993
f 2669/13/995 2670/13/995 2671/13/995
f 2669/13/995 2671/13/995 2672/13/995
f 2673/13/996 2674/13/997 2675/13/998
f 2673/13/996 2675/13/998 2676/13/999
f 2677/13/1000 2678/13/1000 2679/13/1000
f 2677/13/1000 2679/13/1000 2680/13/1000
f 2681/13/1001 2682/13/1001 2683/13/1001
f 2681/13/1001 2683/13/1001 2684/13/1001
f 2685/13/1002 2686/13/1003 2687/13/1004
f 2685/13/1002 2687/13/1004 2688/13/1005
f 2689/13/1006 2690/13/1007 2691/13/1008
f 2689/13/1006 2691/13/1008 2692/13/1009
f 2693/13/1010 2694/13/1011 2695/13/1011
f 2693/13/1010 2695/13/1011 2696/13/1010
f 2697/13/1012 2698/13/1013 2699/13/1013
f 2697/13/1012 2699/13/1013 2700/13/1013
f 2701/13/1014 2702/13/1015 2703/13/1015
f 2701/13/1014 2703/13/1015 2704/13/1014
s 0
f 2705/13/1016 2706/13/1016 2707/13/1016
f 2705/13/1017 2707/13/1017 2708/13/1017
f 2709/13/1018 2710/13/1018 2711/13/1018
f 2709/13/1019 2711/13/1019 2712/13/1019
s 1
f 2713/13/1020 2714/13/1020 2715/13/1020
f 2713/13/1020 2715/13/1020 2716/13/1021
s 0
f 2717/13/1022 2718/13/1022 2719/13/1022
f 2717/13/1023 2719/13/1023 2720/13/1023
s 1
f 2721/13/1024 2722/13/1024 2723/13/1024
f 2721/13/1024 2723/13/1024 2724/13/1024
f 2725/13/1025 2726/13/1025 2727/13/1026
f 2725/13/1025 2727/13/1026 2728/13/1025
f 2729/13/1027 2730/13/1028 2731/13/1027
f 2729/13/1027 2731/13/1027 2732/13/1029
f 2733/13/1030 2734/13/1030 2735/13/1030
f 2733/13/1030 2735/13/1030 2736/13/1030
s 0
f 2737/13/1031 2738/13/1031 2739/13/1031
f 2737/13/1031 2739/13/1031 2740/13/1031
s 1
f 2741/13/1032 2742/13/1033 2743/13/1034
f 2741/13/1032 2743/13/1034 2744/13/1034
s 0
f 2745/13/1035 2746/13/1035 2747/13/1035
f 2745/13/1036 2747/13/1036 2748/13/1036
s 1
f 2749/13/1037 2750/13/1038 2751/13/1039
f 2749/13/1037 2751/13/1039 2752/13/1039
f 2753/13/1040 2754/13/1041 2755/13/1042
f 2753/13/1040 2755/13/1042 2756/13/1041
f 2757/13/1043 2758/13/1044 2759/13/1045
f 2757/13/1043 2759/13/1045 2760/13/1045
f 2761/13/1046 2762/13/1046 2763/13/1046
f 2761/13/1046 2763/13/1046 2764/13/1046
f 2765/13/1047 2766/13/1047 2767/13/1048
f 2765/13/1047 2767/13/1048 2768/13/1048
f 2769/13/1049 2770/13/1050 2771/13/1049
f 2769/13/1049 2771/13/1049 2772/13/1049
f 2773/13/1051 2774/13/1052 2775/13/1052
f 2773/13/1051 2775/13/1052 2776/13/1053
f 2777/13/1054 2778/13/1054 2779/13/1054
f 2777/13/1054 2779/13/1054 2780/13/1054
f 2781/13/1055 2782/13/1055 2783/13/1055
f 2781/13/1055 2783/13/1055 2784/13/1056
f 2785/13/1057 2786/13/1058 2787/13/1058
f 2785/13/1057 2787/13/1058 2788/13/1057
f 2789/13/1059 2790/13/1060 2791/13/1059
f 2789/13/1059 2791/13/1059 2792/13/1059
f 2793/13/1061 2794/13/1062 2795/13/1063
f 2793/13/1061 2795/13/1063 2796/13/1062
f 2797/13/1064 2798/13/1065 2799/13/1064
f 2797/13/1064 2799/13/1064 2800/13/1064
f 2801/13/1066 2802/13/1066 2803/13/1066
f 2801/13/1066 2803/13/1066 2804/13/1066
f 2805/13/1067 2806/13/1068 2807/13/1068
f 2805/13/1067 2807/13/1068 2808/13/1069
f 2809/13/1070 2810/13/1071 2811/13/1071
f 2809/13/1070 2811/13/1071 2812/13/1071
f 2813/13/1072 2814/13/1073 2815/13/1074
f 2813/13/1072 2815/13/1074 2816/13/1073
f 2817/13/1075 2818/13/1076 2819/13/1075
f 2817/13/1075 2819/13/1075 2820/13/1076
s 0
f 2821/13/1077 2822/13/1077 2823/13/1077
f 2821/13/1077 2823/13/1077 2824/13/1077
s 1
f 2825/13/1078 2826/13/1078 2827/13/1078
f 2825/13/1078 2827/13/1078 2828/13/1078
f 2829/13/1079 2830/13/1079 2831/13/1080
f 2829/13/1079 2831/13/1080 2832/13/1079
f 2833/13/1081 2834/13/1081 2835/13/1082
f 2833/13/1081 2835/13/1082 2836/13/1083
f 2837/13/1084 2838/13/1084 2839/13/1084
f 2837/13/1084 2839/13/1084 2840/13/1084
f 2841/13/1085 2842/13/1085 2843/13/1085
f 2841/13/1085 2843/13/1085 2844/13/1086
f 2845/13/1087 2846/13/1088 2847/13/1089
f 2845/13/1087 2847/13/1089 2848/13/1090
f 2849/13/1091 2850/13/1092 2851/13/1092
f 2849/13/1091 2851/13/1092 2852/13/1092
f 2853/13/1093 2854/13/1093 2855/13/1093
f 2853/13/1093 2855/13/1093 2856/13/1093
f 2857/13/1094 2858/13/1095 2859/13/1095
f 2857/13/1094 2859/13/1095 2860/13/1095
f 2861/13/1096 2862/13/1097 2863/13/1096
f 2861/13/1096 2863/13/1096 2864/13/1097
f 2865/13/1098 2866/13/1099 2867/13/1099
f 2865/13/1098 2867/13/1099 2868/13/1099
f 2869/13/1100 2870/13/1100 2871/13/1100
f 2869/13/1100 2871/13/1100 2872/13/1100
f 2873/13/1101 2874/13/1102 2875/13/1102
f 2873/13/1101 2875/13/1102 2876/13/1102
f 2877/13/1103 2878/13/1104 2879/13/1104
f 2877/13/1103 2879/13/1104 2880/13/1104
f 2881/13/1105 2882/13/1105 2883/13/1105
f 2881/13/1105 2883/13/1105 2884/13/1106
f 2885/13/1107 2886/13/1108 2887/13/1107
f 2885/13/1107 2887/13/1107 2888/13/1107
s 0
f 2889/13/1109 2890/13/1109 2891/13/1109
s 1
f 2889/13/1110 2891/13/1110 2892/13/1110
f 2893/13/1111 2894/13/1111 2895/13/1111
f 2893/13/1111 2895/13/1111 2896/13/1111
f 2897/13/1112 2898/13/1112 2899/13/1112
f 2897/13/1112 2899/13/1112 2900/13/1112
f 2901/13/1113 2902/13/1114 2903/13/1113
f 2901/13/1113 2903/13/1113 2904/13/1113
f 2905/13/1115 2906/13/1115 2907/13/1115
f 2905/13/1115 2907/13/1115 2908/13/1115
f 2909/13/1116 2910/13/1117 2911/13/1116
f 2909/13/1116 2911/13/1116 2912/13/1116
f 2913/13/1118 2914/13/1119 2915/13/1119
f 2913/13/1118 2915/13/1119 2916/13/1119
f 2917/13/1120 2918/13/1121 2919/13/1121
f 2917/13/1120 2919/13/1121 2920/13/1121
s 0
f 2921/13/1122 2922/13/1122 2923/13/1122
s 1
f 2921/13/1123 2923/13/1123 2924/13/1123
s 0
f 2925/13/1124 2926/13/1124 2927/13/1124
s 1
f 2925/13/1125 2927/13/1125 2928/13/1125
f 2929/13/1126 2930/13/1126 2931/13/1126
f 2929/13/1126 2931/13/1126 2932/13/1127
f 2933/13/1128 2934/13/1128 2935/13/1128
f 2933/13/1128 2935/13/1128 2936/13/1128
f 2937/13/1129 2938/13/1130 2939/13/1130
f 2937/13/1129 2939/13/1130 2940/13/1130
f 2941/13/1131 2942/13/1131 2943/13/1131
f 2941/13/1131 2943/13/1131 2944/13/1131
f 2945/13/1132 2946/13/1132 2947/13/1133
f 2945/13/1132 2947/13/1133 2948/13/1132
f 2949/13/1134 2950/13/1135 2951/13/1135
f 2949/13/1134 2951/13/1135 2952/13/1135
s 0
f 2953/13/1136 2954/13/1136 2955/13/1136
f 2953/13/1136 2955/13/1136 2956/13/1136
f 2957/13/1137 2958/13/1137 2959/13/1137
f 2957/13/1137 2959/13/1137 2960/13/1137
f 2961/13/1138 2962/13/1138 2963/13/1138
f 2961/13/1138 2963/13/1138 2964/13/1138
f 2965/13/1139 2966/13/1139 2967/13/1139
f 2965/13/1139 2967/13/1139 2968/13/1139
f 2969/13/1140 2970/13/1140 2971/13/1140
f 2969/13/1140 2971/13/1140 2972/13/1140
f 2973/13/1141 2974/13/1141 2975/13/1141
f 2973/13/1141 2975/13/1141 2976/13/1141
s 1
f 2977/13/1142 2978/13/1143 2979/13/1144
f 2977/13/1142 2979/13/1144 2980/13/1143
f 2981/13/1145 2982/13/1146 2983/13/1145
f 2981/13/1145 2983/13/1145 2984/13/1145
f 2985/13/1147 2986/13/1148 2987/13/1149
f 2985/13/1147 2987/13/1149 2988/13/1148
f 2989/13/1150 2990/13/1150 2991/13/1150
f 2989/13/1150 2991/13/1150 2992/13/1150
f 2993/13/1151 2994/13/1151 2995/13/1151
f 2993/13/1151 2995/13/1151 2996/13/1152
f 2997/13/1153 2998/13/1153 2999/13/1153
f 2997/13/1153 2999/13/1153 3000/13/1153
f 3001/13/1154 3002/13/1155 3003/13/1156
f 3001/13/1154 3003/13/1156 3004/13/1154
f 3005/13/1157 3006/13/1158 3007/13/1158
f 3005/13/1157 3007/13/1158 3008/13/1158
f 3009/13/1159 3010/13/1160 3011/13/1160
f 3009/13/1159 3011/13/1160 3012/13/1159
f 3013/13/1161 3014/13/1161 3015/13/1161
f 3013/13/1161 3015/13/1161 3016/13/1161
f 3017/13/1162 3018/13/1162 3019/13/1162
s 0
f 3017/13/1163 3019/13/1163 3020/13/1163
s 1
f 3021/13/1164 3022/13/1164 3023/13/1164
f 3021/13/1164 3023/13/1164 3024/13/1164
f 3025/13/1165 3026/13/1165 3027/13/1165
f 3025/13/1165 3027/13/1165 3028/13/1165
f 3029/13/1166 3030/13/1167 3031/13/1167
f 3029/13/1166 3031/13/1167 3032/13/1167
f 3033/13/1168 3034/13/1168 3035/13/1168
f 3033/13/1168 3035/13/1168 3036/13/1168
s 0
f 3037/13/1169 3038/13/1169 3039/13/1169
f 3037/13/1170 3039/13/1170 3040/13/1170
s 1
f 3041/13/1171 3042/13/1172 3043/13/1171
f 3041/13/1171 3043/13/1171 3044/13/1172
f 3045/13/1173 3046/13/1174 3047/13/1173
f 3045/13/1173 3047/13/1173 3048/13/1175
f 3049/13/1176 3050/13/1177 3051/13/1178
f 3049/13/1176 3051/13/1178 3052/13/1176
f 3053/13/1179 3054/13/1179 3055/13/1179
f 3053/13/1179 3055/13/1179 3056/13/1179
f 3057/13/1180 3058/13/1181 3059/13/1182
f 3057/13/1180 3059/13/1182 3060/13/1180
f 3061/13/1183 3062/13/1183 3063/13/1183
f 3061/13/1183 3063/13/1183 3064/13/1183
f 3065/13/1184 3066/13/1185 3067/13/1184
f 3065/13/1184 3067/13/1184 3068/13/1184
f 3069/13/1186 3070/13/1187 3071/13/1186
f 3069/13/1186 3071/13/1186 3072/13/1186
f 3073/13/1188 3074/13/1189 3075/13/1189
f 3073/13/1188 3075/13/1189 3076/13/1190
f 3077/13/1191 3078/13/1192 3079/13/1191
f 3077/13/1191 3079/13/1191 3080/13/1191
f 3081/13/1193 3082/13/1194 3083/13/1193
f 3081/13/1193 3083/13/1193 3084/13/1193
f 3085/13/1195 3086/13/1195 3087/13/1195
f 3085/13/1195 3087/13/1195 3088/13/1196
f 3089/13/1197 3090/13/1197 3091/13/1197
f 3089/13/1197 3091/13/1197 3092/13/1198
f 3093/13/1199 3094/13/1199 3095/13/1200
f 3093/13/1199 3095/13/1200 3096/13/1200
f 3097/13/1201 3098/13/1201 3099/13/1201
f 3097/13/1201 3099/13/1201 3100/13/1201
f 3101/13/1202 3102/13/1202 3103/13/1202
f 3101/13/1202 3103/13/1202 3104/13/1202
f 3105/13/1203 3106/13/1203 3107/13/1204
f 3105/13/1203 3107/13/1204 3108/13/1205
f 3109/13/1206 3110/13/1207 3111/13/1207
f 3109/13/1206 3111/13/1207 3112/13/1206
f 3113/13/1208 3114/13/1208 3115/13/1208
f 3113/13/1208 3115/13/1208 3116/13/1208
f 3117/13/1209 3118/13/1210 3119/13/1209
f 3117/13/1209 3119/13/1209 3120/13/1209
f 3121/13/1211 3122/13/1212 3123/13/1212
f 3121/13/1211 3123/13/1212 3124/13/1213
f 3125/13/1214 3126/13/1214 3127/13/1214
f 3125/13/1214 3127/13/1214 3128/13/1214
f 3129/13/1215 3130/13/1216 3131/13/1215
f 3129/13/1215 3131/13/1215 3132/13/1215
f 3133/13/1217 3134/13/1217 3135/13/1217
f 3133/13/1217 3135/13/1217 3136/13/1217
f 3137/13/1218 3138/13/1219 3139/13/1219
f 3137/13/1218 3139/13/1219 3140/13/1220
f 3141/13/1221 3142/13/1221 3143/13/1222
f 3141/13/1221 3143/13/1222 3144/13/1223
f 3145/13/1224 3146/13/1225 3147/13/1225
f 3145/13/1224 3147/13/1225 3148/13/1224
f 3149/13/1226 3150/13/1227 3151/13/1226
f 3149/13/1226 3151/13/1226 3152/13/1228
f 3153/13/1229 3154/13/1229 3155/13/1229
f 3153/13/1229 3155/13/1229 3156/13/1230
f 3157/13/1231 3158/13/1232 3159/13/1232
f 3157/13/1231 3159/13/1232 3160/13/1232
f 3161/13/1233 3162/13/1233 3163/13/1233
f 3161/13/1233 3163/13/1233 3164/13/1233
f 3165/13/1234 3166/13/1235 3167/13/1234
f 3165/13/1234 3167/13/1234 3168/13/1234
f 3169/13/1236 3170/13/1236 3171/13/1236
f 3169/13/1236 3171/13/1236 3172/13/1236
f 3173/13/1237 3174/13/1237 3175/13/1237
f 3173/13/1237 3175/13/1237 3176/13/1237
f 3177/13/1238 3178/13/1239 3179/13/1240
f 3177/13/1238 3179/13/1240 3180/13/1240
f 3181/13/1241 3182/13/1241 3183/13/1241
f 3181/13/1241 3183/13/1241 3184/13/1241
f 3185/13/1242 3186/13/1242 3187/13/1242
f 3185/13/1242 3187/13/1242 3188/13/1242
f 3189/13/1243 3190/13/1244 3191/13/1245
f 3189/13/1243 3191/13/1245 3192/13/1246
f 3193/13/1247 3194/13/1248 3195/13/1249
f 3193/13/1247 3195/13/1249 3196/13/1250
f 3197/13/1251 3198/13/1252 3199/13/1253
f 3197/13/1251 3199/13/1253 3200/13/1253
f 3201/13/1254 3202/13/1255 3203/13/1255
f 3201/13/1254 3203/13/1255 3204/13/1255
f 3205/13/1256 3206/13/1256 3207/13/1257
f 3205/13/1256 3207/13/1257 3208/13/1257
s 0
f 3209/13/1258 3210/13/1258 3211/13/1258
f 3209/13/1259 3211/13/1259 3212/13/1259
f 3213/13/1260 3214/13/1260 3215/13/1260
f 3213/13/1261 3215/13/1261 3216/13/1261
s 1
f 3217/13/1262 3218/13/1263 3219/13/1262
f 3217/13/1262 3219/13/1262 3220/13/1264
s 0
f 3221/13/1265 3222/13/1265 3223/13/1265
f 3221/13/1266 3223/13/1266 3224/13/1266
s 1
f 3225/13/1267 3226/13/1267 3227/13/1267
f 3225/13/1267 3227/13/1267 3228/13/1267
f 3229/13/1268 3230/13/1268 3231/13/1269
f 3229/13/1268 3231/13/1269 3232/13/1270
f 3233/13/1271 3234/13/1272 3235/13/1271
f 3233/13/1271 3235/13/1271 3236/13/1273
f 3237/13/1274 3238/13/1274 3239/13/1274
f 3237/13/1274 3239/13/1274 3240/13/1274
s 0
f 3241/13/1275 3242/13/1275 3243/13/1275
f 3241/13/1275 3243/13/1275 3244/13/1275
s 1
f 3245/13/1276 3246/13/1277 3247/13/1278
f 3245/13/1276 3247/13/1278 3248/13/1277
s 0
f 3249/13/1279 3250/13/1279 3251/13/1279
f 3249/13/1280 3251/13/1280 3252/13/1280
s 1
f 3253/13/1281 3254/13/1281 3255/13/1281
f 3253/13/1281 3255/13/1281 3256/13/1281
f 3257/13/1282 3258/13/1283 3259/13/1284
f 3257/13/1282 3259/13/1284 3260/13/1283
f 3261/13/1285 3262/13/1286 3263/13/1286
f 3261/13/1285 3263/13/1286 3264/13/1287
f 3265/13/1288 3266/13/1288 3267/13/1288
f 3265/13/1288 3267/13/1288 3268/13/1288
f 3269/13/1289 3270/13/1290 3271/13/1290
f 3269/13/1289 3271/13/1290 3272/13/1289
f 3273/13/1291 3274/13/1292 3275/13/1291
f 3273/13/1291 3275/13/1291 3276/13/1293
f 3277/13/1294 3278/13/1295 3279/13/1295
f 3277/13/1294 3279/13/1295 3280/13/1294
f 3281/13/1296 3282/13/1296 3283/13/1296
f 3281/13/1296 3283/13/1296 3284/13/1296
f 3285/13/1297 3286/13/1298 3287/13/1297
f 3285/13/1297 3287/13/1297 3288/13/1297
f 3289/13/1299 3290/13/1299 3291/13/1300
f 3289/13/1299 3291/13/1300 3292/13/1300
f 3293/13/1301 3294/13/1301 3295/13/1301
f 3293/13/1301 3295/13/1301 3296/13/1302
f 3297/13/1303 3298/13/1304 3299/13/1304
f 3297/13/1303 3299/13/1304 3300/13/1304
f 3301/13/1305 3302/13/1305 3303/13/1305
f 3301/13/1305 3303/13/1305 3304/13/1306
f 3305/13/1307 3306/13/1307 3307/13/1308
f 3305/13/1307 3307/13/1308 3308/13/1307
f 3309/13/1309 3310/13/1310 3311/13/1310
f 3309/13/1309 3311/13/1310 3312/13/1311
f 3313/13/1312 3314/13/1313 3315/13/1313
f 3313/13/1312 3315/13/1313 3316/13/1313
f 3317/13/1314 3318/13/1315 3319/13/1315
f 3317/13/1314 3319/13/1315 3320/13/1315
f 3321/13/1316 3322/13/1317 3323/13/1316
f 3321/13/1316 3323/13/1316 3324/13/1316
s 0
f 3325/13/1318 3326/13/1318 3327/13/1318
f 3325/13/1318 3327/13/1318 3328/13/1318
s 1
f 3329/13/1319 3330/13/1319 3331/13/1319
f 3329/13/1319 3331/13/1319 3332/13/1319
f 3333/13/1320 3334/13/1321 3335/13/1322
f 3333/13/1320 3335/13/1322 3336/13/1320
f 3337/13/1323 3338/13/1324 3339/13/1325
f 3337/13/1323 3339/13/1325 3340/13/1323
f 3341/13/1326 3342/13/1326 3343/13/1326
f 3341/13/1326 3343/13/1326 3344/13/1326
f 3345/13/1327 3346/13/1328 3347/13/1327
f 3345/13/1327 3347/13/1327 3348/13/1327
f 3349/13/1329 3350/13/1330 3351/13/1331
f 3349/13/1329 3351/13/1331 3352/13/1330
f 3353/13/1332 3354/13/1333 3355/13/1333
f 3353/13/1332 3355/13/1333 3356/13/1333
f 3357/13/1334 3358/13/1334 3359/13/1334
f 3357/13/1334 3359/13/1334 3360/13/1334
f 3361/13/1335 3362/13/1336 3363/13/1336
f 3361/13/1335 3363/13/1336 3364/13/1337
f 3365/13/1338 3366/13/1339 3367/13/1338
f 3365/13/1338 3367/13/1338 3368/13/1339
f 3369/13/1340 3370/13/1341 3371/13/1340
f 3369/13/1340 3371/13/1340 3372/13/1341
f 3373/13/1342 3374/13/1342 3375/13/1342
f 3373/13/1342 3375/13/1342 3376/13/1342
f 3377/13/1343 3378/13/1344 3379/13/1344
f 3377/13/1343 3379/13/1344 3380/13/1344
f 3381/13/1345 3382/13/1346 3383/13/1346
f 3381/13/1345 3383/13/1346 3384/13/1346
f 3385/13/1347 3386/13/1348 3387/13/1349
f 3385/13/1347 3387/13/1349 3388/13/1349
f 3389/13/1350 3390/13/1350 3391/13/1350
f 3389/13/1350 3391/13/1350 3392/13/1351
f 3393/13/1352 3394/13/1352 3395/13/1352
s 0
f 3393/13/1353 3395/13/1353 3396/13/1353
s 1
f 3397/13/1354 3398/13/1354 3399/13/1354
f 3397/13/1354 3399/13/1354 3400/13/1355
f 3401/13/1356 3402/13/1356 3403/13/1356
f 3401/13/1356 3403/13/1356 3404/13/1356
f 3405/13/1357 3406/13/1358 3407/13/1358
f 3405/13/1357 3407/13/1358 3408/13/1359
f 3409/13/1360 3410/13/1360 3411/13/1360
f 3409/13/1360 3411/13/1360 3412/13/1361
f 3413/13/1362 3414/13/1363 3415/13/1362
f 3413/13/1362 3415/13/1362 3416/13/1363
f 3417/13/1364 3418/13/1365 3419/13/1365
f 3417/13/1364 3419/13/1365 3420/13/1365
f 3421/13/1366 3422/13/1367 3423/13/1367
f 3421/13/1366 3423/13/1367 3424/13/1367
f 3425/13/1368 3426/13/1368 3427/13/1368
s 0
f 3425/13/1368 3427/13/1368 3428/13/1368
s 1
f 3429/13/1369 3430/13/1370 3431/13/1370
f 3429/13/1369 3431/13/1370 3432/13/1370
f 3433/13/1371 3434/13/1372 3435/13/1371
f 3433/13/1371 3435/13/1371 3436/13/1371
f 3437/13/1373 3438/13/1373 3439/13/1373
f 3437/13/1373 3439/13/1373 3440/13/1373
f 3441/13/1374 3442/13/1375 3443/13/1375
f 3441/13/1374 3443/13/1375 3444/13/1374
f 3445/13/1376 3446/13/1376 3447/13/1376
f 3445/13/1376 3447/13/1376 3448/13/1376
f 3449/13/1377 3450/13/1378 3451/13/1378
f 3449/13/1377 3451/13/1378 3452/13/1378
f 3453/13/1379 3454/13/1380 3455/13/1380
f 3453/13/1379 3455/13/1380 3456/13/1380
s 0
f 3457/13/1381 3458/13/1381 3459/13/1381
s 1
f 3457/13/1381 3459/13/1381 3460/13/1381
s 0
f 3461/13/1382 3462/13/1382 3463/13/1382
f 3461/13/1382 3463/13/1382 3464/13/1382
f 3465/13/1383 3466/13/1383 3467/13/1383
f 3465/13/1383 3467/13/1383 3468/13/1383
f 3469/13/1384 3470/13/1384 3471/13/1384
f 3469/13/1384 3471/13/1384 3472/13/1384
f 3473/13/1385 3474/13/1385 3475/13/1385
f 3473/13/1385 3475/13/1385 3476/13/1385
f 3477/13/1386 3478/13/1386 3479/13/1386
f 3477/13/1386 3479/13/1386 3480/13/1386
s 1
f 3481/13/1387 3482/13/1388 3483/13/1389
f 3481/13/1387 3483/13/1389 3484/13/1388
f 3485/13/1390 3486/13/1390 3487/13/1390
f 3485/13/1390 3487/13/1390 3488/13/1390
f 3489/13/1391 3490/13/1392 3491/13/1393
f 3489/13/1391 3491/13/1393 3492/13/1392
f 3493/13/1394 3494/13/1394 3495/13/1394
f 3493/13/1394 3495/13/1394 3496/13/1394
f 3497/13/1395 3498/13/1396 3499/13/1395
f 3497/13/1395 3499/13/1395 3500/13/1395
f 3501/13/1397 3502/13/1397 3503/13/1397
f 3501/13/1397 3503/13/1397 3504/13/1397
f 3505/13/1398 3506/13/1399 3507/13/1400
f 3505/13/1398 3507/13/1400 3508/13/1400
f 3509/13/1401 3510/13/1402 3511/13/1402
f 3509/13/1401 3511/13/1402 3512/13/1402
f 3513/13/1403 3514/13/1403 3515/13/1404
f 3513/13/1403 3515/13/1404 3516/13/1404
f 3517/13/1405 3518/13/1406 3519/13/1405
f 3517/13/1405 3519/13/1405 3520/13/1405
s 0
f 3521/13/1407 3522/13/1407 3523/13/1407
s 1
f 3521/13/1408 3523/13/1408 3524/13/1408
f 3525/13/1409 3526/13/1409 3527/13/1409
f 3525/13/1409 3527/13/1409 3528/13/1409
f 3529/13/1410 3530/13/1411 3531/13/1412
f 3529/13/1410 3531/13/1412 3532/13/1411
f 3533/13/1413 3534/13/1414 3535/13/1414
f 3533/13/1413 3535/13/1414 3536/13/1414
f 3537/13/1415 3538/13/1416 3539/13/1416
f 3537/13/1415 3539/13/1416 3540/13/1416
s 0
f 3541/13/1417 3542/13/1417 3543/13/1417
f 3541/13/1418 3543/13/1418 3544/13/1418
s 1
f 3545/13/1419 3546/13/1420 3547/13/1419
f 3545/13/1419 3547/13/1419 3548/13/1420
o Circle_Material.009_0
v 0.238346 0.470271 -0.002513
v 0.230949 0.446559 -0.059424
v 0.233059 0.389315 -0.001972
v 0.241329 0.389315 0.078736
v 0.242646 0.446560 0.054714
v 0.233059 0.389315 -0.001972
v 0.227771 0.308359 -0.001430
v 0.235168 0.332071 0.055480
v 0.233059 0.389315 -0.001972
v 0.224788 0.389315 -0.082679
v 0.223471 0.332071 -0.058657
v 0.233059 0.389315 -0.001972
v 0.230949 0.446559 -0.059424
v 0.224788 0.389315 -0.082679
v 0.233059 0.389315 -0.001972
v 0.242646 0.446560 0.054714
v 0.238346 0.470271 -0.002513
v 0.233059 0.389315 -0.001972
v 0.235168 0.332071 0.055480
v 0.241329 0.389315 0.078736
v 0.233059 0.389315 -0.001972
v 0.223471 0.332071 -0.058657
v 0.227771 0.308359 -0.001430
v 0.233059 0.389315 -0.001972
v -0.238346 0.470271 -0.002513
v -0.233059 0.389315 -0.001972
v -0.230949 0.446559 -0.059424
v -0.241329 0.389315 0.078736
v -0.233059 0.389315 -0.001972
v -0.242646 0.446560 0.054714
v -0.227771 0.308359 -0.001430
v -0.233059 0.389315 -0.001972
v -0.235168 0.332071 0.055480
v -0.224788 0.389315 -0.082679
v -0.233059 0.389315 -0.001972
v -0.223471 0.332071 -0.058657
v -0.230949 0.446559 -0.059424
v -0.233059 0.389315 -0.001972
v -0.224788 0.389315 -0.082679
v -0.242646 0.446560 0.054714
v -0.233059 0.389315 -0.001972
v -0.238346 0.470271 -0.002513
v -0.235168 0.332071 0.055480
v -0.233059 0.389315 -0.001972
v -0.241329 0.389315 0.078736
v -0.223471 0.332071 -0.058657
v -0.233059 0.389315 -0.001972
v -0.227771 0.308359 -0.001430
v 0.176315 0.617866 -0.073783
v 0.186716 0.625961 0.069717
v 0.198144 0.629945 0.068663
v 0.187743 0.621851 -0.074836
v 0.234489 0.490071 0.073919
v 0.224088 0.481976 -0.069581
v 0.235515 0.485961 -0.070634
v 0.245917 0.494056 0.072866
v 0.186716 0.625961 0.069717
v 0.234489 0.490071 0.073919
v 0.245917 0.494056 0.072866
v 0.198144 0.629945 0.068663
v 0.224088 0.481976 -0.069581
v 0.176315 0.617866 -0.073783
v 0.187743 0.621851 -0.074836
v 0.235515 0.485961 -0.070634
v -0.176315 0.617866 -0.073783
v -0.187743 0.621851 -0.074836
v -0.198144 0.629945 0.068663
v -0.186716 0.625961 0.069717
v -0.234489 0.490071 0.073919
v -0.245917 0.494056 0.072866
v -0.235515 0.485961 -0.070634
v -0.224088 0.481976 -0.069581
v -0.186716 0.625961 0.069717
v -0.198144 0.629945 0.068663
v -0.245917 0.494056 0.072866
v -0.234489 0.490071 0.073919
v -0.224088 0.481976 -0.069581
v -0.235515 0.485961 -0.070634
v -0.187743 0.621851 -0.074836
v -0.176315 0.617866 -0.073783
vn -0.9927 0.0655 0.1017
vn 0.9927 0.0655 0.1017
vn -0.3315 0.9430 -0.0292
vn 0.3315 -0.9430 0.0292
vn 0.0722 0.0562 0.9958
vn -0.0722 -0.0562 -0.9958
vn 0.3315 0.9430 -0.0292
vn -0.3315 -0.9430 0.0292
vn -0.0722 0.0562 0.9958
vn 0.0722 -0.0562 -0.9958
vt 0.000000 1.000000
vt 0.000000 0.000000
vt 1.000000 1.000000
vt 1.000000 0.000000
s 0
usemtl Material.009
f 3549/14/1421 3550/14/1421 3551/14/1421
f 3552/14/1421 3553/14/1421 3554/14/1421
f 3555/14/1421 3556/14/1421 3557/14/1421
f 3558/14/1421 3559/14/1421 3560/14/1421
f 3561/14/1421 3562/14/1421 3563/14/1421
f 3564/14/1421 3565/14/1421 3566/14/1421
f 3567/14/1421 3568/14/1421 3569/14/1421
f 3570/14/1421 3571/14/1421 3572/14/1421
f 3573/14/1422 3574/14/1422 3575/14/1422
f 3576/14/1422 3577/14/1422 3578/14/1422
f 3579/14/1422 3580/14/1422 3581/14/1422
f 3582/14/1422 3583/14/1422 3584/14/1422
f 3585/14/1422 3586/14/1422 3587/14/1422
f 3588/14/1422 3589/14/1422 3590/14/1422
f 3591/14/1422 3592/14/1422 3593/14/1422
f 3594/14/1422 3595/14/1422 3596/14/1422
f 3597/15/1423 3598/14/1423 3599/14/1423
f 3597/15/1423 3599/14/1423 3600/15/1423
f 3601/16/1424 3602/17/1424 3603/17/1424
f 3601/16/1424 3603/17/1424 3604/16/1424
f 3605/14/1425 3606/16/1425 3607/16/1425
f 3605/14/1425 3607/16/1425 3608/14/1425
f 3609/17/1426 3610/15/1426 3611/15/1426
f 3609/17/1426 3611/15/1426 3612/17/1426
f 3613/15/1427 3614/15/1427 3615/14/1427
f 3613/15/1427 3615/14/1427 3616/14/1427
f 3617/16/1428 3618/16/1428 3619/17/1428
f 3617/16/1428 3619/17/1428 3620/17/1428
f 3621/14/1429 3622/14/1429 3623/16/1429
f 3621/14/1429 3623/16/1429 3624/16/1429
f 3625/17/1430 3626/17/1430 3627/15/1430
f 3625/17/1430 3627/15/1430 3628/15/1430
o Circle_Material.011_0
v -0.158362 0.121693 0.140015
v -0.148702 0.138393 0.114242
v -0.174559 0.126500 0.050091
v -0.192868 0.086812 0.072464
v -0.075505 0.056046 -0.099307
v -0.071132 0.119175 -0.097461
v -0.003930 0.119618 -0.103411
v -0.012608 0.053079 -0.106623
v 0.063240 0.054265 -0.102783
v 0.071828 0.116126 -0.093195
v 0.141193 0.110475 -0.045352
v 0.138186 0.055186 -0.046489
v 0.152804 0.123303 0.139972
v 0.147585 0.138480 0.098606
v 0.115958 0.151725 0.138051
v 0.109383 0.147547 0.203041
v -0.033390 0.127819 0.249232
v 0.001416 0.168129 0.179838
v -0.110722 0.169643 0.160181
v -0.115615 0.155334 0.207524
v -0.170203 0.069657 -0.000608
v -0.166021 0.120237 -0.007528
v -0.129764 0.115910 -0.063334
v -0.131445 0.064338 -0.072254
v 0.170709 0.061851 0.015171
v 0.163698 0.114991 0.004812
v 0.179212 0.125235 0.059161
v 0.183307 0.080183 0.077702
v 0.109383 0.147547 0.203041
v 0.115958 0.151725 0.138051
v 0.001416 0.168129 0.179838
v 0.029620 0.133184 0.246209
v 0.147585 0.138480 0.098606
v 0.179212 0.125235 0.059161
v 0.145142 0.177428 0.064044
v 0.143723 0.182967 0.101336
v -0.110722 0.169643 0.160181
v 0.001416 0.168129 0.179838
v 0.001469 0.194891 0.163431
v -0.122584 0.206000 0.128396
v -0.166021 0.120237 -0.007528
v -0.174559 0.126500 0.050091
v -0.166453 0.148260 0.064239
v -0.160408 0.169509 0.015263
v 0.163698 0.114991 0.004812
v 0.141193 0.110475 -0.045352
v 0.141602 0.218018 -0.007687
v 0.159100 0.181896 0.020634
v 0.001416 0.168129 0.179838
v 0.115958 0.151725 0.138051
v 0.129377 0.213932 0.124599
v 0.001469 0.194891 0.163431
v -0.148702 0.138393 0.114242
v -0.110722 0.169643 0.160181
v -0.122584 0.206000 0.128396
v -0.150339 0.164575 0.105926
v -0.071132 0.119175 -0.097461
v -0.129764 0.115910 -0.063334
v -0.132123 0.218942 -0.005856
v -0.069658 0.218833 -0.057098
v 0.071828 0.116126 -0.093195
v -0.003930 0.119618 -0.103411
v 0.000444 0.219056 -0.073538
v 0.062216 0.220955 -0.058422
v -0.069658 0.218833 -0.057098
v -0.132123 0.218942 -0.005856
v -0.112257 0.254077 0.005596
v -0.048221 0.260168 -0.042724
v 0.062216 0.220955 -0.058422
v 0.000444 0.219056 -0.073538
v -0.000108 0.257718 -0.065081
v 0.047947 0.259587 -0.050450
v -0.122584 0.206000 0.128396
v 0.001469 0.194891 0.163431
v 0.000444 0.246256 0.143833
v -0.099232 0.260469 0.108897
v 0.001469 0.194891 0.163431
v 0.129377 0.213932 0.124599
v 0.121311 0.256108 0.099278
v 0.000444 0.246256 0.143833
v 0.116281 0.269066 0.046433
v 0.123399 0.254961 0.005872
v 0.045402 0.283549 0.000011
v 0.061609 0.288330 0.037762
v 0.000444 0.246256 0.143833
v 0.121311 0.256108 0.099278
v 0.044960 0.291625 0.075890
v -0.002350 0.292175 0.098999
v -0.104557 0.272328 0.055060
v -0.099232 0.260469 0.108897
v -0.051379 0.289630 0.087605
v -0.061448 0.285153 0.044037
v -0.048221 0.260168 -0.042724
v -0.112257 0.254077 0.005596
v -0.035444 0.281248 0.000408
v -0.014285 0.280811 -0.008421
v 0.047947 0.259587 -0.050450
v -0.000108 0.257718 -0.065081
v 0.006873 0.280374 -0.017250
v 0.026138 0.281962 -0.008619
v 0.121311 0.256108 0.099278
v 0.116281 0.269066 0.046433
v 0.061609 0.288330 0.037762
v 0.044960 0.291625 0.075890
v -0.099232 0.260469 0.108897
v 0.000444 0.246256 0.143833
v -0.002350 0.292175 0.098999
v -0.051379 0.289630 0.087605
v -0.112257 0.254077 0.005596
v -0.104557 0.272328 0.055060
v -0.061448 0.285153 0.044037
v -0.035444 0.281248 0.000408
v -0.030707 0.272860 -0.047344
v -0.065112 0.274098 -0.032494
v -0.082264 0.254505 -0.025202
v -0.037420 0.249357 -0.058498
v 0.036286 0.273376 -0.049717
v 0.003698 0.271623 -0.062194
v -0.000729 0.248201 -0.067819
v 0.035480 0.249114 -0.061971
v 0.083449 0.282069 0.107929
v 0.100488 0.284807 0.027581
v 0.127593 0.262528 0.023425
v 0.104756 0.251215 0.124051
v -0.075169 0.272183 0.119664
v -0.031317 0.266769 0.148016
v -0.059373 0.243292 0.166007
v -0.103353 0.251959 0.126418
v -0.065112 0.274098 -0.032494
v -0.101217 0.282902 0.039296
v -0.121093 0.261352 0.054724
v -0.082264 0.254505 -0.025202
v 0.100488 0.284807 0.027581
v 0.068874 0.275128 -0.037241
v 0.078616 0.253064 -0.036960
v 0.127593 0.262528 0.023425
v 0.034288 0.267664 0.148662
v 0.083449 0.282069 0.107929
v 0.104756 0.251215 0.124051
v 0.065169 0.238063 0.166839
v -0.101217 0.282902 0.039296
v -0.075169 0.272183 0.119664
v -0.103353 0.251959 0.126418
v -0.121093 0.261352 0.054724
v -0.061448 0.285153 0.044037
v -0.051379 0.289630 0.087605
v -0.075169 0.272183 0.119664
v -0.101217 0.282902 0.039296
v -0.002350 0.292175 0.098999
v 0.044960 0.291625 0.075890
v 0.083449 0.282069 0.107929
v 0.034288 0.267664 0.148662
v 0.061609 0.288330 0.037762
v 0.045402 0.283549 0.000011
v 0.068874 0.275128 -0.037241
v 0.100488 0.284807 0.027581
v -0.035444 0.281248 0.000408
v -0.061448 0.285153 0.044037
v -0.101217 0.282902 0.039296
v -0.065112 0.274098 -0.032494
v -0.051379 0.289630 0.087605
v -0.002350 0.292175 0.098999
v -0.031317 0.266769 0.148016
v -0.075169 0.272183 0.119664
v 0.044960 0.291625 0.075890
v 0.061609 0.288330 0.037762
v 0.100488 0.284807 0.027581
v 0.083449 0.282069 0.107929
v 0.026138 0.281962 -0.008619
v 0.006873 0.280374 -0.017250
v 0.003698 0.271623 -0.062194
v 0.036286 0.273376 -0.049717
v -0.014285 0.280811 -0.008421
v -0.035444 0.281248 0.000408
v -0.065112 0.274098 -0.032494
v -0.030707 0.272860 -0.047344
v 0.045402 0.283549 0.000011
v 0.026138 0.281962 -0.008619
v 0.036286 0.273376 -0.049717
v 0.068874 0.275128 -0.037241
v 0.068874 0.275128 -0.037241
v 0.036286 0.273376 -0.049717
v 0.035480 0.249114 -0.061971
v 0.078616 0.253064 -0.036960
v 0.123399 0.254961 0.005872
v 0.047947 0.259587 -0.050450
v 0.026138 0.281962 -0.008619
v 0.045402 0.283549 0.000011
v 0.141602 0.218018 -0.007687
v 0.062216 0.220955 -0.058422
v 0.047947 0.259587 -0.050450
v 0.123399 0.254961 0.005872
v 0.141193 0.110475 -0.045352
v 0.071828 0.116126 -0.093195
v 0.062216 0.220955 -0.058422
v 0.141602 0.218018 -0.007687
v -0.012608 0.053079 -0.106623
v -0.003930 0.119618 -0.103411
v 0.071828 0.116126 -0.093195
v 0.063240 0.054265 -0.102783
v 0.006873 0.280374 -0.017250
v -0.014285 0.280811 -0.008421
v -0.030707 0.272860 -0.047344
v 0.003698 0.271623 -0.062194
v 0.003698 0.271623 -0.062194
v -0.030707 0.272860 -0.047344
v -0.037420 0.249357 -0.058498
v -0.000729 0.248201 -0.067819
v -0.000108 0.257718 -0.065081
v -0.048221 0.260168 -0.042724
v -0.014285 0.280811 -0.008421
v 0.006873 0.280374 -0.017250
v 0.000444 0.219056 -0.073538
v -0.069658 0.218833 -0.057098
v -0.048221 0.260168 -0.042724
v -0.000108 0.257718 -0.065081
v -0.003930 0.119618 -0.103411
v -0.071132 0.119175 -0.097461
v -0.069658 0.218833 -0.057098
v 0.000444 0.219056 -0.073538
v -0.131445 0.064338 -0.072254
v -0.129764 0.115910 -0.063334
v -0.071132 0.119175 -0.097461
v -0.075505 0.056046 -0.099307
v 0.115958 0.151725 0.138051
v 0.147585 0.138480 0.098606
v 0.143723 0.182967 0.101336
v 0.129377 0.213932 0.124599
v 0.183307 0.080183 0.077702
v 0.179212 0.125235 0.059161
v 0.147585 0.138480 0.098606
v 0.152804 0.123303 0.139972
v 0.179212 0.125235 0.059161
v 0.163698 0.114991 0.004812
v 0.159100 0.181896 0.020634
v 0.145142 0.177428 0.064044
v 0.138186 0.055186 -0.046489
v 0.141193 0.110475 -0.045352
v 0.163698 0.114991 0.004812
v 0.170709 0.061851 0.015171
v -0.174559 0.126500 0.050091
v -0.148702 0.138393 0.114242
v -0.150339 0.164575 0.105926
v -0.166453 0.148260 0.064239
v -0.115615 0.155334 0.207524
v -0.110722 0.169643 0.160181
v -0.148702 0.138393 0.114242
v -0.158362 0.121693 0.140015
v -0.129764 0.115910 -0.063334
v -0.166021 0.120237 -0.007528
v -0.160408 0.169509 0.015263
v -0.132123 0.218942 -0.005856
v -0.192868 0.086812 0.072464
v -0.174559 0.126500 0.050091
v -0.166021 0.120237 -0.007528
v -0.170203 0.069657 -0.000608
v -0.150697 0.115457 0.138477
v -0.183665 0.082906 0.072675
v -0.164949 0.123753 0.050428
v -0.140123 0.134248 0.111204
v -0.072665 0.055258 -0.089751
v -0.012502 0.052413 -0.096646
v -0.003989 0.117647 -0.093607
v -0.067978 0.117010 -0.088222
v 0.060029 0.053690 -0.093330
v 0.130653 0.055117 -0.039913
v 0.133492 0.109121 -0.039118
v 0.068075 0.114346 -0.084098
v 0.145789 0.116467 0.137955
v 0.107023 0.138142 0.200594
v 0.110037 0.145666 0.132738
v 0.139042 0.134573 0.095178
v -0.033403 0.118763 0.244991
v -0.113070 0.146356 0.203930
v -0.105910 0.162746 0.154770
v 0.000622 0.160758 0.173127
v -0.161040 0.068571 0.003247
v -0.124824 0.063445 -0.064814
v -0.122925 0.113848 -0.056336
v -0.156985 0.118354 -0.003680
v 0.161312 0.061675 0.018586
v 0.173590 0.077825 0.077560
v 0.169719 0.122091 0.059136
v 0.154297 0.113368 0.007808
v 0.107023 0.138142 0.200594
v 0.028364 0.123621 0.243568
v 0.000622 0.160758 0.173127
v 0.110037 0.145666 0.132738
v 0.139042 0.134573 0.095178
v 0.135033 0.181631 0.096573
v 0.136026 0.173427 0.063096
v 0.169719 0.122091 0.059136
v -0.105910 0.162746 0.154770
v -0.118100 0.202117 0.120344
v 0.001000 0.190623 0.154400
v 0.000622 0.160758 0.173127
v -0.156985 0.118354 -0.003680
v -0.151448 0.166776 0.018763
v -0.156743 0.146828 0.062325
v -0.164949 0.123753 0.050428
v 0.154297 0.113368 0.007808
v 0.134714 0.177660 0.026239
v 0.139141 0.213867 -0.000541
v 0.133492 0.109121 -0.039118
v 0.000622 0.160758 0.173127
v 0.001000 0.190623 0.154400
v 0.124886 0.211057 0.116139
v 0.110037 0.145666 0.132738
v -0.140123 0.134248 0.111204
v -0.141698 0.163096 0.101114
v -0.118100 0.202117 0.120344
v -0.105910 0.162746 0.154770
v -0.067978 0.117010 -0.088222
v -0.065821 0.214593 -0.048895
v -0.126053 0.214926 0.001002
v -0.122925 0.113848 -0.056336
v 0.068075 0.114346 -0.084098
v 0.058523 0.217350 -0.049856
v 0.000437 0.215115 -0.064347
v -0.003989 0.117647 -0.093607
v -0.065821 0.214593 -0.048895
v -0.045316 0.253156 -0.028262
v -0.113117 0.249331 0.010921
v -0.126053 0.214926 0.001002
v 0.058523 0.217350 -0.049856
v 0.045179 0.253022 -0.034163
v 0.000163 0.251065 -0.048351
v 0.000437 0.215115 -0.064347
v -0.118100 0.202117 0.120344
v -0.096825 0.253996 0.101665
v 0.000289 0.240650 0.135553
v 0.001000 0.190623 0.154400
v 0.001000 0.190623 0.154400
v 0.000289 0.240650 0.135553
v 0.118515 0.248888 0.092949
v 0.124886 0.211057 0.116139
v 0.113167 0.263225 0.046544
v 0.052080 0.290820 0.036027
v 0.038331 0.287220 0.006055
v 0.124484 0.249490 0.006952
v 0.000289 0.240650 0.135553
v -0.003768 0.291620 0.089116
v 0.039383 0.295975 0.068821
v 0.118515 0.248888 0.092949
v -0.102152 0.262621 0.055000
v -0.051817 0.287584 0.045194
v -0.047622 0.295114 0.080134
v -0.096825 0.253996 0.101665
v -0.045316 0.253156 -0.028262
v -0.010344 0.284265 0.000096
v -0.029774 0.284543 0.007957
v -0.113117 0.249331 0.010921
v 0.045179 0.253022 -0.034163
v 0.021725 0.285597 -0.000415
v 0.006532 0.284652 -0.008218
v 0.000163 0.251065 -0.048351
v 0.118515 0.248888 0.092949
v 0.039383 0.295975 0.068821
v 0.052080 0.290820 0.036027
v 0.113167 0.263225 0.046544
v -0.096825 0.253996 0.101665
v -0.047622 0.295114 0.080134
v -0.003768 0.291620 0.089116
v 0.000289 0.240650 0.135553
v -0.113117 0.249331 0.010921
v -0.029774 0.284543 0.007957
v -0.051817 0.287584 0.045194
v -0.102152 0.262621 0.055000
v -0.033135 0.280554 -0.053252
v -0.041213 0.252953 -0.067023
v -0.089011 0.258287 -0.031540
v -0.068966 0.281383 -0.038156
v 0.038317 0.280861 -0.056030
v 0.038546 0.252242 -0.070961
v -0.001302 0.251868 -0.077105
v 0.003612 0.278684 -0.069275
v 0.087042 0.290721 0.111426
v 0.109922 0.257966 0.129318
v 0.135539 0.268193 0.021241
v 0.105759 0.293155 0.025991
v -0.075386 0.280186 0.125656
v -0.106603 0.259239 0.132455
v -0.063179 0.249831 0.172546
v -0.033470 0.275057 0.153180
v -0.068966 0.281383 -0.038156
v -0.089011 0.258287 -0.031540
v -0.128744 0.267893 0.055923
v -0.106799 0.291017 0.037565
v 0.105759 0.293155 0.025991
v 0.135539 0.268193 0.021241
v 0.084366 0.256981 -0.044143
v 0.072451 0.282381 -0.043124
v 0.035766 0.276035 0.153928
v 0.067997 0.244666 0.173797
v 0.109922 0.257966 0.129318
v 0.087042 0.290721 0.111426
v -0.106799 0.291017 0.037565
v -0.128744 0.267893 0.055923
v -0.106603 0.259239 0.132455
v -0.075386 0.280186 0.125656
v -0.051817 0.287584 0.045194
v -0.106799 0.291017 0.037565
v -0.075386 0.280186 0.125656
v -0.047622 0.295114 0.080134
v -0.003768 0.291620 0.089116
v 0.035766 0.276035 0.153928
v 0.087042 0.290721 0.111426
v 0.039383 0.295975 0.068821
v 0.052080 0.290820 0.036027
v 0.105759 0.293155 0.025991
v 0.072451 0.282381 -0.043124
v 0.038331 0.287220 0.006055
v -0.029774 0.284543 0.007957
v -0.068966 0.281383 -0.038156
v -0.106799 0.291017 0.037565
v -0.051817 0.287584 0.045194
v -0.047622 0.295114 0.080134
v -0.075386 0.280186 0.125656
v -0.033470 0.275057 0.153180
v -0.003768 0.291620 0.089116
v 0.039383 0.295975 0.068821
v 0.087042 0.290721 0.111426
v 0.105759 0.293155 0.025991
v 0.052080 0.290820 0.036027
v 0.021725 0.285597 -0.000415
v 0.038317 0.280861 -0.056030
v 0.003612 0.278684 -0.069275
v 0.006532 0.284652 -0.008218
v -0.010344 0.284265 0.000096
v -0.033135 0.280554 -0.053252
v -0.068966 0.281383 -0.038156
v -0.029774 0.284543 0.007957
v 0.038331 0.287220 0.006055
v 0.072451 0.282381 -0.043124
v 0.038317 0.280861 -0.056030
v 0.021725 0.285597 -0.000415
v 0.072451 0.282381 -0.043124
v 0.084366 0.256981 -0.044143
v 0.038546 0.252242 -0.070961
v 0.038317 0.280861 -0.056030
v 0.124484 0.249490 0.006952
v 0.038331 0.287220 0.006055
v 0.021725 0.285597 -0.000415
v 0.045179 0.253022 -0.034163
v 0.139141 0.213867 -0.000541
v 0.124484 0.249490 0.006952
v 0.045179 0.253022 -0.034163
v 0.058523 0.217350 -0.049856
v 0.133492 0.109121 -0.039118
v 0.139141 0.213867 -0.000541
v 0.058523 0.217350 -0.049856
v 0.068075 0.114346 -0.084098
v -0.012502 0.052413 -0.096646
v 0.060029 0.053690 -0.093330
v 0.068075 0.114346 -0.084098
v -0.003989 0.117647 -0.093607
v 0.006532 0.284652 -0.008218
v 0.003612 0.278684 -0.069275
v -0.033135 0.280554 -0.053252
v -0.010344 0.284265 0.000096
v 0.003612 0.278684 -0.069275
v -0.001302 0.251868 -0.077105
v -0.041213 0.252953 -0.067023
v -0.033135 0.280554 -0.053252
v 0.000163 0.251065 -0.048351
v 0.006532 0.284652 -0.008218
v -0.010344 0.284265 0.000096
v -0.045316 0.253156 -0.028262
v 0.000437 0.215115 -0.064347
v 0.000163 0.251065 -0.048351
v -0.045316 0.253156 -0.028262
v -0.065821 0.214593 -0.048895
v -0.003989 0.117647 -0.093607
v 0.000437 0.215115 -0.064347
v -0.065821 0.214593 -0.048895
v -0.067978 0.117010 -0.088222
v -0.124824 0.063445 -0.064814
v -0.072665 0.055258 -0.089751
v -0.067978 0.117010 -0.088222
v -0.122925 0.113848 -0.056336
v 0.110037 0.145666 0.132738
v 0.124886 0.211057 0.116139
v 0.135033 0.181631 0.096573
v 0.139042 0.134573 0.095178
v 0.173590 0.077825 0.077560
v 0.145789 0.116467 0.137955
v 0.139042 0.134573 0.095178
v 0.169719 0.122091 0.059136
v 0.169719 0.122091 0.059136
v 0.136026 0.173427 0.063096
v 0.134714 0.177660 0.026239
v 0.154297 0.113368 0.007808
v 0.130653 0.055117 -0.039913
v 0.161312 0.061675 0.018586
v 0.154297 0.113368 0.007808
v 0.133492 0.109121 -0.039118
v -0.164949 0.123753 0.050428
v -0.156743 0.146828 0.062325
v -0.141698 0.163096 0.101114
v -0.140123 0.134248 0.111204
v -0.113070 0.146356 0.203930
v -0.150697 0.115457 0.138477
v -0.140123 0.134248 0.111204
v -0.105910 0.162746 0.154770
v -0.122925 0.113848 -0.056336
v -0.126053 0.214926 0.001002
v -0.151448 0.166776 0.018763
v -0.156985 0.118354 -0.003680
v -0.183665 0.082906 0.072675
v -0.161040 0.068571 0.003247
v -0.156985 0.118354 -0.003680
v -0.164949 0.123753 0.050428
v -0.075505 0.056046 -0.099307
v -0.012608 0.053079 -0.106623
v -0.012502 0.052413 -0.096646
v -0.072665 0.055258 -0.089751
v -0.170203 0.069657 -0.000608
v -0.131445 0.064338 -0.072254
v -0.124824 0.063445 -0.064814
v -0.161040 0.068571 0.003247
v -0.158362 0.121693 0.140015
v -0.192868 0.086812 0.072464
v -0.183665 0.082906 0.072675
v -0.150697 0.115457 0.138477
v -0.033390 0.127819 0.249232
v -0.115615 0.155334 0.207524
v -0.113070 0.146356 0.203930
v -0.033403 0.118763 0.244991
v 0.109383 0.147547 0.203041
v 0.029620 0.133184 0.246209
v 0.028364 0.123621 0.243568
v 0.107023 0.138142 0.200594
v 0.152804 0.123303 0.139972
v 0.109383 0.147547 0.203041
v 0.107023 0.138142 0.200594
v 0.145789 0.116467 0.137955
v 0.170709 0.061851 0.015171
v 0.183307 0.080183 0.077702
v 0.173590 0.077825 0.077560
v 0.161312 0.061675 0.018586
v 0.063240 0.054265 -0.102783
v 0.138186 0.055186 -0.046489
v 0.130653 0.055117 -0.039913
v 0.060029 0.053690 -0.093330
v 0.001416 0.168129 0.179838
v -0.033390 0.127819 0.249232
v -0.033403 0.118763 0.244991
v 0.000622 0.160758 0.173127
v -0.132123 0.218942 -0.005856
v -0.160408 0.169509 0.015263
v -0.151448 0.166776 0.018763
v -0.126053 0.214926 0.001002
v -0.166453 0.148260 0.064239
v -0.150339 0.164575 0.105926
v -0.141698 0.163096 0.101114
v -0.156743 0.146828 0.062325
v 0.129377 0.213932 0.124599
v 0.143723 0.182967 0.101336
v 0.135033 0.181631 0.096573
v 0.124886 0.211057 0.116139
v 0.145142 0.177428 0.064044
v 0.159100 0.181896 0.020634
v 0.134714 0.177660 0.026239
v 0.136026 0.173427 0.063096
v -0.104557 0.272328 0.055060
v -0.112257 0.254077 0.005596
v -0.113117 0.249331 0.010921
v -0.102152 0.262621 0.055000
v -0.099232 0.260469 0.108897
v -0.104557 0.272328 0.055060
v -0.102152 0.262621 0.055000
v -0.096825 0.253996 0.101665
v 0.116281 0.269066 0.046433
v 0.121311 0.256108 0.099278
v 0.118515 0.248888 0.092949
v 0.113167 0.263225 0.046544
v 0.123399 0.254961 0.005872
v 0.116281 0.269066 0.046433
v 0.113167 0.263225 0.046544
v 0.124484 0.249490 0.006952
v -0.112257 0.254077 0.005596
v -0.132123 0.218942 -0.005856
v -0.126053 0.214926 0.001002
v -0.113117 0.249331 0.010921
v 0.141602 0.218018 -0.007687
v 0.123399 0.254961 0.005872
v 0.124484 0.249490 0.006952
v 0.139141 0.213867 -0.000541
v 0.121311 0.256108 0.099278
v 0.129377 0.213932 0.124599
v 0.124886 0.211057 0.116139
v 0.118515 0.248888 0.092949
v -0.122584 0.206000 0.128396
v -0.099232 0.260469 0.108897
v -0.096825 0.253996 0.101665
v -0.118100 0.202117 0.120344
v -0.000729 0.248201 -0.067819
v -0.037420 0.249357 -0.058498
v -0.041213 0.252953 -0.067023
v -0.001302 0.251868 -0.077105
v -0.082264 0.254505 -0.025202
v -0.121093 0.261352 0.054724
v -0.128744 0.267893 0.055923
v -0.089011 0.258287 -0.031540
v -0.121093 0.261352 0.054724
v -0.103353 0.251959 0.126418
v -0.106603 0.259239 0.132455
v -0.128744 0.267893 0.055923
v -0.103353 0.251959 0.126418
v -0.059373 0.243292 0.166007
v -0.063179 0.249831 0.172546
v -0.106603 0.259239 0.132455
v 0.065169 0.238063 0.166839
v 0.104756 0.251215 0.124051
v 0.109922 0.257966 0.129318
v 0.067997 0.244666 0.173797
v 0.104756 0.251215 0.124051
v 0.127593 0.262528 0.023425
v 0.135539 0.268193 0.021241
v 0.109922 0.257966 0.129318
v 0.127593 0.262528 0.023425
v 0.078616 0.253064 -0.036960
v 0.084366 0.256981 -0.044143
v 0.135539 0.268193 0.021241
v 0.078616 0.253064 -0.036960
v 0.035480 0.249114 -0.061971
v 0.038546 0.252242 -0.070961
v 0.084366 0.256981 -0.044143
v -0.002350 0.292175 0.098999
v 0.034288 0.267664 0.148662
v 0.035766 0.276035 0.153928
v -0.003768 0.291620 0.089116
v -0.059373 0.243292 0.166007
v -0.031317 0.266769 0.148016
v -0.033470 0.275057 0.153180
v -0.063179 0.249831 0.172546
v 0.034288 0.267664 0.148662
v 0.065169 0.238063 0.166839
v 0.067997 0.244666 0.173797
v 0.035766 0.276035 0.153928
v -0.031317 0.266769 0.148016
v -0.002350 0.292175 0.098999
v -0.003768 0.291620 0.089116
v -0.033470 0.275057 0.153180
v 0.029620 0.133184 0.246209
v 0.001416 0.168129 0.179838
v 0.000622 0.160758 0.173127
v 0.028364 0.123621 0.243568
v -0.012608 0.053079 -0.106623
v 0.063240 0.054265 -0.102783
v 0.060029 0.053690 -0.093330
v -0.012502 0.052413 -0.096646
v 0.035480 0.249114 -0.061971
v -0.000729 0.248201 -0.067819
v -0.001302 0.251868 -0.077105
v 0.038546 0.252242 -0.070961
v -0.131445 0.064338 -0.072254
v -0.075505 0.056046 -0.099307
v -0.072665 0.055258 -0.089751
v -0.124824 0.063445 -0.064814
v -0.037420 0.249357 -0.058498
v -0.082264 0.254505 -0.025202
v -0.089011 0.258287 -0.031540
v -0.041213 0.252953 -0.067023
v 0.183307 0.080183 0.077702
v 0.152804 0.123303 0.139972
v 0.145789 0.116467 0.137955
v 0.173590 0.077825 0.077560
v 0.143723 0.182967 0.101336
v 0.145142 0.177428 0.064044
v 0.136026 0.173427 0.063096
v 0.135033 0.181631 0.096573
v 0.138186 0.055186 -0.046489
v 0.170709 0.061851 0.015171
v 0.161312 0.061675 0.018586
v 0.130653 0.055117 -0.039913
v 0.159100 0.181896 0.020634
v 0.141602 0.218018 -0.007687
v 0.139141 0.213867 -0.000541
v 0.134714 0.177660 0.026239
v -0.115615 0.155334 0.207524
v -0.158362 0.121693 0.140015
v -0.150697 0.115457 0.138477
v -0.113070 0.146356 0.203930
v -0.150339 0.164575 0.105926
v -0.122584 0.206000 0.128396
v -0.118100 0.202117 0.120344
v -0.141698 0.163096 0.101114
v -0.192868 0.086812 0.072464
v -0.170203 0.069657 -0.000608
v -0.161040 0.068571 0.003247
v -0.183665 0.082906 0.072675
v -0.160408 0.169509 0.015263
v -0.166453 0.148260 0.064239
v -0.156743 0.146828 0.062325
v -0.151448 0.166776 0.018763
vn -0.8136 0.5540 0.1762
vn -0.8137 0.5540 0.1762
vn -0.1004 0.0489 -0.9938
vn -0.1004 0.0489 -0.9937
vn 0.5854 0.0163 -0.8106
vn 0.5855 0.0162 -0.8105
vn 0.5989 0.7865 0.1508
vn 0.0013 0.9056 0.4242
vn 0.0013 0.9056 0.4241
vn 0.0014 0.9056 0.4241
vn -0.8583 0.0592 -0.5097
vn -0.8583 0.0593 -0.5097
vn 0.9694 0.0383 -0.2425
vn 0.1255 0.9563 0.2641
vn 0.1255 0.9563 0.2642
vn 0.8944 0.3269 0.3052
vn 0.8944 0.3269 0.3051
vn 0.8945 0.3269 0.3051
vn -0.1540 0.5813 0.7990
vn -0.9662 0.2379 -0.0987
vn -0.9662 0.2380 -0.0987
vn -0.9663 0.2379 -0.0987
vn 0.9039 0.1451 -0.4023
vn 0.3020 0.2619 0.9166
vn 0.3019 0.2619 0.9166
vn -0.8012 0.1908 0.5672
vn -0.5431 0.3631 -0.7571
vn -0.5432 0.3631 -0.7571
vn 0.1761 0.3011 -0.9372
vn -0.5444 0.5171 -0.6605
vn -0.5443 0.5171 -0.6605
vn 0.2455 0.2463 -0.9376
vn 0.2455 0.2464 -0.9376
vn -0.2366 0.3802 0.8941
vn 0.2393 0.4391 0.8660
vn 0.3527 0.8995 -0.2579
vn 0.3527 0.8995 -0.2578
vn 0.2148 0.7414 0.6358
vn -0.3774 0.9170 0.1291
vn -0.2928 0.8904 -0.3484
vn 0.1036 0.8956 -0.4326
vn 0.1035 0.8956 -0.4327
vn 0.3518 0.9251 0.1432
vn 0.3517 0.9251 0.1432
vn -0.1600 0.7048 0.6911
vn -0.1600 0.7048 0.6912
vn -0.3376 0.8986 -0.2803
vn -0.3375 0.8986 -0.2803
vn 0.4698 -0.3334 0.8174
vn 0.4697 -0.3334 0.8174
vn -0.2324 -0.3190 0.9188
vn -0.6995 -0.6840 -0.2072
vn -0.6994 -0.6840 -0.2072
vn 0.3270 -0.7479 -0.5777
vn 0.7761 -0.4606 0.4308
vn 0.7761 -0.4605 0.4308
vn -0.6430 -0.5782 0.5023
vn -0.6430 -0.5781 0.5022
vn -0.3779 -0.6817 -0.6265
vn 0.5600 -0.7850 -0.2651
vn 0.5600 -0.7849 -0.2651
vn 0.2464 -0.9617 -0.1202
vn 0.2463 -0.9617 -0.1202
vn -0.0776 -0.9435 -0.3220
vn -0.0776 -0.9435 -0.3221
vn -0.0612 -0.9840 0.1673
vn -0.0613 -0.9840 0.1673
vn 0.0579 -0.9885 0.1400
vn 0.1391 -0.9100 -0.3906
vn 0.1390 -0.9100 -0.3905
vn -0.1557 -0.9870 -0.0396
vn -0.1556 -0.9870 -0.0396
vn -0.0167 -0.9804 0.1962
vn 0.0459 -0.9831 0.1772
vn 0.0459 -0.9831 0.1773
vn -0.0199 -0.9788 0.2039
vn -0.0200 -0.9788 0.2039
vn -0.4047 -0.3012 0.8634
vn -0.4047 -0.3013 0.8634
vn -0.4048 -0.3012 0.8634
vn 0.2999 0.8675 -0.3968
vn 0.3000 0.8675 -0.3968
vn 0.5265 0.4344 -0.7308
vn 0.5399 0.2926 -0.7892
vn 0.0933 0.0863 -0.9919
vn 0.0933 0.0864 -0.9919
vn 0.0489 -0.9817 0.1841
vn 0.0488 -0.9817 0.1841
vn 0.2859 -0.3821 0.8788
vn -0.1441 0.9033 -0.4042
vn -0.1443 0.9032 -0.4042
vn -0.1444 0.9032 -0.4042
vn -0.2885 0.3317 -0.8982
vn -0.1533 0.3328 -0.9305
vn -0.1534 0.3327 -0.9305
vn -0.4647 0.1070 -0.8790
vn -0.4646 0.1070 -0.8790
vn 0.8024 -0.0119 0.5967
vn 0.8587 0.4220 0.2907
vn 0.9489 0.3139 -0.0337
vn 0.9489 0.3139 -0.0336
vn 0.9488 0.3140 -0.0336
vn 0.8974 -0.0044 -0.4412
vn -0.9338 0.0837 0.3480
vn -0.9338 0.0836 0.3480
vn -0.7310 0.6683 0.1379
vn -0.8100 0.2869 -0.5114
vn -0.9543 0.1548 -0.2556
vn -0.9543 0.1549 -0.2556
vn 0.8134 -0.5520 -0.1837
vn 0.8134 -0.5519 -0.1837
vn 0.0977 -0.0461 0.9941
vn 0.0975 -0.0459 0.9942
vn -0.5863 -0.0152 0.8100
vn -0.6105 -0.7759 -0.1591
vn -0.6104 -0.7759 -0.1592
vn -0.0040 -0.9001 -0.4356
vn 0.8607 -0.0590 0.5058
vn 0.8607 -0.0590 0.5057
vn 0.8607 -0.0589 0.5058
vn -0.9675 -0.0335 0.2505
vn -0.9675 -0.0335 0.2506
vn -0.1287 -0.9502 -0.2838
vn -0.1287 -0.9502 -0.2839
vn -0.8933 -0.3254 -0.3101
vn -0.8932 -0.3254 -0.3102
vn 0.1500 -0.5858 -0.7964
vn 0.1500 -0.5858 -0.7965
vn 0.9678 -0.2325 0.0967
vn 0.9678 -0.2326 0.0968
vn -0.9781 -0.1343 0.1591
vn -0.9781 -0.1343 0.1592
vn -0.2998 -0.2892 -0.9091
vn -0.2999 -0.2892 -0.9091
vn 0.8160 -0.1913 -0.5455
vn 0.5450 -0.3647 0.7550
vn -0.1753 -0.3014 0.9373
vn -0.1753 -0.3014 0.9372
vn 0.4977 -0.5190 0.6949
vn 0.4976 -0.5191 0.6949
vn -0.2257 -0.4297 0.8743
vn -0.2257 -0.4298 0.8743
vn 0.2378 -0.3775 -0.8949
vn 0.2379 -0.3776 -0.8949
vn -0.2386 -0.4347 -0.8684
vn -0.2385 -0.4347 -0.8684
vn -0.4094 -0.8818 0.2340
vn -0.4094 -0.8818 0.2341
vn -0.2176 -0.6850 -0.6953
vn -0.2175 -0.6850 -0.6953
vn 0.5354 -0.8414 -0.0738
vn 0.5353 -0.8414 -0.0737
vn 0.3215 -0.7795 0.5376
vn 0.3215 -0.7795 0.5375
vn 0.3216 -0.7795 0.5375
vn -0.1936 -0.7527 0.6293
vn -0.1935 -0.7527 0.6293
vn -0.4373 -0.8878 -0.1435
vn -0.4374 -0.8878 -0.1435
vn 0.1545 -0.6346 -0.7572
vn 0.1545 -0.6346 -0.7573
vn 0.4176 -0.8782 0.2333
vn 0.4176 -0.8782 0.2332
vn -0.4608 0.3695 -0.8069
vn -0.4608 0.3694 -0.8069
vn 0.2240 0.3539 -0.9081
vn 0.2241 0.3539 -0.9081
vn 0.6994 0.6847 0.2050
vn 0.6993 0.6848 0.2050
vn -0.3250 0.7530 0.5721
vn -0.7726 0.4734 -0.4230
vn -0.7726 0.4734 -0.4231
vn -0.7726 0.4733 -0.4231
vn -0.7727 0.4733 -0.4231
vn 0.6394 0.5863 -0.4974
vn 0.6393 0.5864 -0.4974
vn 0.3741 0.6878 0.6221
vn -0.5360 0.8002 0.2691
vn -0.1109 0.9921 0.0587
vn -0.0459 0.9730 0.2260
vn -0.0521 0.9915 -0.1191
vn -0.0520 0.9915 -0.1191
vn 0.0512 0.9951 -0.0845
vn 0.0511 0.9951 -0.0845
vn 0.0511 0.9951 -0.0846
vn -0.0172 0.9633 0.2678
vn -0.0171 0.9633 0.2678
vn 0.0333 0.9993 -0.0142
vn 0.0333 0.9993 -0.0141
vn -0.0226 0.9953 -0.0940
vn -0.0227 0.9953 -0.0940
vn -0.0069 0.9979 -0.0647
vn -0.0069 0.9979 -0.0646
vn -0.0227 0.9945 -0.1019
vn 0.3968 0.3408 -0.8523
vn 0.3968 0.3409 -0.8523
vn 0.3967 0.3409 -0.8523
vn -0.3057 -0.7504 0.5861
vn -0.3057 -0.7504 0.5860
vn -0.4581 -0.4325 0.7766
vn -0.4581 -0.4324 0.7766
vn -0.5314 -0.2891 0.7963
vn -0.0892 -0.0850 0.9924
vn -0.0097 0.9966 -0.0821
vn -0.2796 0.4112 -0.8676
vn 0.2447 -0.7743 0.5837
vn 0.2447 -0.7742 0.5837
vn 0.2594 -0.4819 0.8370
vn 0.2595 -0.4818 0.8370
vn 0.1519 -0.3324 0.9308
vn 0.4621 -0.1057 0.8805
vn 0.4622 -0.1057 0.8805
vn -0.8239 0.0028 -0.5667
vn -0.8240 0.0028 -0.5666
vn -0.8548 -0.4303 -0.2902
vn -0.8548 -0.4303 -0.2903
vn -0.8775 -0.4409 0.1890
vn -0.8775 -0.4409 0.1889
vn -0.8774 -0.4409 0.1889
vn -0.8775 -0.4408 0.1890
vn -0.8989 0.0059 0.4382
vn -0.8988 0.0057 0.4383
vn 0.9326 -0.1071 -0.3447
vn 0.7419 -0.6577 -0.1306
vn 0.8122 -0.2848 0.5092
vn 0.8121 -0.2848 0.5092
vn 0.9528 -0.1554 0.2608
vn 0.9528 -0.1555 0.2607
vn -0.0547 -0.9963 -0.0659
vn -0.1282 -0.9917 0.0054
vn -0.1282 -0.9917 0.0053
vn -0.3919 -0.7258 0.5653
vn -0.5215 -0.4005 0.7534
vn 0.4971 -0.3120 0.8096
vn 0.4971 -0.3120 0.8097
vn 0.4971 -0.3119 0.8097
vn 0.6164 -0.5187 0.5925
vn 0.6164 -0.5186 0.5925
vn 0.1675 -0.9569 0.2373
vn 0.0308 -0.9993 -0.0195
vn 0.9199 -0.2478 0.3039
vn -0.3280 0.4998 0.8016
vn -0.3279 0.4998 0.8016
vn 0.0083 0.9258 -0.3780
vn 0.0083 0.9257 -0.3781
vn 0.4394 0.6314 -0.6390
vn 0.4393 0.6314 -0.6390
vn -0.2291 0.9709 0.0692
vn -0.2291 0.9710 0.0691
vn -0.9782 -0.0299 0.2053
vn -0.9783 -0.0298 0.2052
vn -0.9527 -0.3012 0.0396
vn 0.9254 -0.3295 -0.1874
vn 0.9254 -0.3294 -0.1874
vn 0.9527 -0.1424 0.2686
vn 0.9526 -0.1425 0.2686
vn -0.8242 0.2297 0.5177
vn -0.8241 0.2297 0.5177
vn 0.8569 0.2586 0.4459
vn 0.8570 0.2589 0.4456
vn 0.9141 -0.0765 -0.3982
vn -0.8474 0.1757 -0.5011
vn -0.1160 -0.9293 -0.3505
vn -0.5337 -0.8286 -0.1690
vn -0.5337 -0.8286 -0.1691
vn -0.7474 -0.6532 0.1216
vn -0.7474 -0.6531 0.1216
vn -0.7473 -0.6532 0.1215
vn -0.5568 -0.6964 0.4528
vn 0.6152 -0.7001 0.3624
vn 0.6154 -0.7000 0.3623
vn 0.6752 -0.7332 0.0811
vn 0.4540 -0.8635 -0.2196
vn 0.4540 -0.8636 -0.2195
vn 0.4540 -0.8635 -0.2195
vn 0.2482 -0.9303 -0.2700
vn -0.7134 0.3604 0.6010
vn -0.7134 0.3604 0.6009
vn 0.6736 -0.2718 0.6873
vn -0.6973 -0.3222 0.6403
vn 0.5967 0.6004 0.5324
vn 0.5967 0.6004 0.5325
vn -0.9363 -0.0760 0.3428
vn -0.9363 -0.0761 0.3428
vn 0.0195 -0.9980 -0.0606
vn 0.0694 -0.9381 -0.3393
vn -0.1558 -0.9877 -0.0109
vn -0.1556 -0.9878 -0.0110
vn -0.1558 -0.9877 -0.0110
vn -0.2912 -0.9230 -0.2516
vn -0.2913 -0.9230 -0.2516
vn 0.3123 -0.7153 0.6252
vn 0.3124 -0.7152 0.6252
vn -0.2243 0.9552 -0.1931
vn 0.0603 -0.9951 0.0778
vn 0.0602 -0.9951 0.0778
vn 0.1723 0.6164 0.7683
vn 0.1724 0.6165 0.7683
vn -0.5479 -0.5732 0.6094
vn -0.5478 -0.5732 0.6094
vn -0.5479 -0.5731 0.6094
vn -0.4113 0.6125 -0.6750
vn -0.4114 0.6125 -0.6750
vn -0.2850 -0.9510 0.1196
vn -0.2850 -0.9511 0.1196
vn 0.1639 0.8936 0.4179
vt 0.000000 1.000000
s 1
usemtl Material.011
f 3629/18/1431 3630/18/1431 3631/18/1432
f 3629/18/1431 3631/18/1432 3632/18/1432
f 3633/18/1433 3634/18/1434 3635/18/1434
f 3633/18/1433 3635/18/1434 3636/18/1434
f 3637/18/1435 3638/18/1435 3639/18/1435
f 3637/18/1435 3639/18/1435 3640/18/1436
f 3641/18/1437 3642/18/1437 3643/18/1437
f 3641/18/1437 3643/18/1437 3644/18/1437
f 3645/18/1438 3646/18/1438 3647/18/1439
f 3645/18/1438 3647/18/1439 3648/18/1440
f 3649/18/1441 3650/18/1441 3651/18/1442
f 3649/18/1441 3651/18/1442 3652/18/1442
f 3653/18/1443 3654/18/1443 3655/18/1443
f 3653/18/1443 3655/18/1443 3656/18/1443
f 3657/18/1444 3658/18/1444 3659/18/1445
f 3657/18/1444 3659/18/1445 3660/18/1445
f 3661/18/1446 3662/18/1446 3663/18/1447
f 3661/18/1446 3663/18/1447 3664/18/1448
f 3665/18/1449 3666/18/1449 3667/18/1449
f 3665/18/1449 3667/18/1449 3668/18/1449
f 3669/18/1450 3670/18/1451 3671/18/1451
f 3669/18/1450 3671/18/1451 3672/18/1452
f 3673/18/1453 3674/18/1453 3675/18/1453
f 3673/18/1453 3675/18/1453 3676/18/1453
f 3677/18/1454 3678/18/1454 3679/18/1454
f 3677/18/1454 3679/18/1454 3680/18/1455
f 3681/18/1456 3682/18/1456 3683/18/1456
f 3681/18/1456 3683/18/1456 3684/18/1456
f 3685/18/1457 3686/18/1458 3687/18/1458
f 3685/18/1457 3687/18/1458 3688/18/1458
f 3689/18/1459 3690/18/1459 3691/18/1459
f 3689/18/1459 3691/18/1459 3692/18/1459
f 3693/18/1460 3694/18/1461 3695/18/1461
f 3693/18/1460 3695/18/1461 3696/18/1461
f 3697/18/1462 3698/18/1462 3699/18/1462
f 3697/18/1462 3699/18/1462 3700/18/1463
f 3701/18/1464 3702/18/1464 3703/18/1464
f 3701/18/1464 3703/18/1464 3704/18/1464
f 3705/18/1465 3706/18/1465 3707/18/1465
f 3705/18/1465 3707/18/1465 3708/18/1465
f 3709/18/1466 3710/18/1467 3711/18/1467
f 3709/18/1466 3711/18/1467 3712/18/1466
f 3713/18/1468 3714/18/1468 3715/18/1468
f 3713/18/1468 3715/18/1468 3716/18/1468
f 3717/18/1469 3718/18/1469 3719/18/1469
f 3717/18/1469 3719/18/1469 3720/18/1469
f 3721/18/1470 3722/18/1470 3723/18/1470
f 3721/18/1470 3723/18/1470 3724/18/1470
f 3725/18/1471 3726/18/1472 3727/18/1472
f 3725/18/1471 3727/18/1472 3728/18/1472
f 3729/18/1473 3730/18/1474 3731/18/1473
f 3729/18/1473 3731/18/1473 3732/18/1473
f 3733/18/1475 3734/18/1476 3735/18/1476
f 3733/18/1475 3735/18/1476 3736/18/1475
f 3737/18/1477 3738/18/1477 3739/18/1478
f 3737/18/1477 3739/18/1478 3740/18/1478
f 3741/18/1479 3742/18/1480 3743/18/1479
f 3741/18/1479 3743/18/1479 3744/18/1479
f 3745/18/1481 3746/18/1481 3747/18/1481
f 3745/18/1481 3747/18/1481 3748/18/1481
f 3749/18/1482 3750/18/1483 3751/18/1483
f 3749/18/1482 3751/18/1483 3752/18/1482
f 3753/18/1484 3754/18/1484 3755/18/1484
f 3753/18/1484 3755/18/1484 3756/18/1484
f 3757/18/1485 3758/18/1486 3759/18/1486
f 3757/18/1485 3759/18/1486 3760/18/1485
f 3761/18/1487 3762/18/1488 3763/18/1487
f 3761/18/1487 3763/18/1487 3764/18/1487
f 3765/18/1489 3766/18/1489 3767/18/1489
f 3765/18/1489 3767/18/1489 3768/18/1489
f 3769/18/1490 3770/18/1490 3771/18/1490
f 3769/18/1490 3771/18/1490 3772/18/1491
f 3773/18/1492 3774/18/1492 3775/18/1492
f 3773/18/1492 3775/18/1492 3776/18/1493
f 3777/18/1494 3778/18/1494 3779/18/1495
f 3777/18/1494 3779/18/1495 3780/18/1495
f 3781/18/1496 3782/18/1497 3783/18/1496
f 3781/18/1496 3783/18/1496 3784/18/1496
f 3785/18/1498 3786/18/1498 3787/18/1498
f 3785/18/1498 3787/18/1498 3788/18/1498
f 3789/18/1499 3790/18/1500 3791/18/1499
f 3789/18/1499 3791/18/1499 3792/18/1499
f 3793/18/1501 3794/18/1502 3795/18/1501
f 3793/18/1501 3795/18/1501 3796/18/1501
f 3797/18/1503 3798/18/1503 3799/18/1503
f 3797/18/1503 3799/18/1503 3800/18/1503
f 3801/18/1504 3802/18/1504 3803/18/1505
f 3801/18/1504 3803/18/1505 3804/18/1504
f 3805/18/1506 3806/18/1506 3807/18/1507
f 3805/18/1506 3807/18/1507 3808/18/1506
f 3809/18/1508 3810/18/1509 3811/18/1508
f 3809/18/1508 3811/18/1508 3812/18/1510
f 3813/18/1511 3814/18/1512 3815/18/1512
f 3813/18/1511 3815/18/1512 3816/18/1512
f 3817/18/1513 3818/18/1513 3819/18/1513
f 3817/18/1513 3819/18/1513 3820/18/1513
f 3821/18/1514 3822/18/1514 3823/18/1514
f 3821/18/1514 3823/18/1514 3824/18/1514
f 3825/18/1515 3826/18/1515 3827/18/1516
f 3825/18/1515 3827/18/1516 3828/18/1516
f 3829/18/1517 3830/18/1517 3831/18/1517
f 3829/18/1517 3831/18/1517 3832/18/1518
f 3833/18/1519 3834/18/1519 3835/18/1519
f 3833/18/1519 3835/18/1519 3836/18/1519
f 3837/18/1520 3838/18/1521 3839/18/1522
f 3837/18/1520 3839/18/1522 3840/18/1521
f 3841/18/1523 3842/18/1523 3843/18/1523
f 3841/18/1523 3843/18/1523 3844/18/1523
f 3845/18/1524 3846/18/1524 3847/18/1525
f 3845/18/1524 3847/18/1525 3848/18/1525
f 3849/18/1526 3850/18/1526 3851/18/1526
f 3849/18/1526 3851/18/1526 3852/18/1527
f 3853/18/1528 3854/18/1528 3855/18/1528
f 3853/18/1528 3855/18/1528 3856/18/1528
f 3857/18/1529 3858/18/1529 3859/18/1529
f 3857/18/1529 3859/18/1529 3860/18/1529
f 3861/18/1530 3862/18/1530 3863/18/1531
f 3861/18/1530 3863/18/1531 3864/18/1532
f 3865/18/1533 3866/18/1533 3867/18/1533
f 3865/18/1533 3867/18/1533 3868/18/1533
f 3869/18/1534 3870/18/1535 3871/18/1535
f 3869/18/1534 3871/18/1535 3872/18/1534
f 3873/18/1536 3874/18/1536 3875/18/1536
f 3873/18/1536 3875/18/1536 3876/18/1536
f 3877/18/1537 3878/18/1537 3879/18/1537
f 3877/18/1537 3879/18/1537 3880/18/1537
f 3881/18/1538 3882/18/1539 3883/18/1538
f 3881/18/1538 3883/18/1538 3884/18/1538
f 3885/18/1540 3886/18/1541 3887/18/1540
f 3885/18/1540 3887/18/1540 3888/18/1540
f 3889/18/1542 3890/18/1543 3891/18/1543
f 3889/18/1542 3891/18/1543 3892/18/1543
f 3893/18/1544 3894/18/1544 3895/18/1544
f 3893/18/1544 3895/18/1544 3896/18/1544
f 3897/18/1545 3898/18/1545 3899/18/1545
f 3897/18/1545 3899/18/1545 3900/18/1546
f 3901/18/1547 3902/18/1547 3903/18/1547
f 3901/18/1547 3903/18/1547 3904/18/1547
f 3905/18/1548 3906/18/1549 3907/18/1548
f 3905/18/1548 3907/18/1548 3908/18/1550
f 3909/18/1551 3910/18/1551 3911/18/1551
f 3909/18/1551 3911/18/1551 3912/18/1552
f 3913/18/1553 3914/18/1554 3915/18/1554
f 3913/18/1553 3915/18/1554 3916/18/1553
f 3917/18/1555 3918/18/1555 3919/18/1555
f 3917/18/1555 3919/18/1555 3920/18/1556
f 3921/18/1557 3922/18/1557 3923/18/1557
f 3921/18/1557 3923/18/1557 3924/18/1558
f 3925/18/1559 3926/18/1559 3927/18/1559
f 3925/18/1559 3927/18/1559 3928/18/1560
f 3929/18/1561 3930/18/1561 3931/18/1561
f 3929/18/1561 3931/18/1561 3932/18/1562
f 3933/18/1563 3934/18/1563 3935/18/1564
f 3933/18/1563 3935/18/1564 3936/18/1564
f 3937/18/1565 3938/18/1565 3939/18/1565
f 3937/18/1565 3939/18/1565 3940/18/1565
f 3941/18/1566 3942/18/1566 3943/18/1566
f 3941/18/1566 3943/18/1566 3944/18/1566
f 3945/18/1567 3946/18/1567 3947/18/1568
f 3945/18/1567 3947/18/1568 3948/18/1567
f 3949/18/1569 3950/18/1570 3951/18/1569
f 3949/18/1569 3951/18/1569 3952/18/1569
f 3953/18/1571 3954/18/1572 3955/18/1571
f 3953/18/1571 3955/18/1571 3956/18/1571
f 3957/18/1573 3958/18/1574 3959/18/1573
f 3957/18/1573 3959/18/1573 3960/18/1574
f 3961/18/1575 3962/18/1575 3963/18/1576
f 3961/18/1575 3963/18/1576 3964/18/1576
f 3965/18/1577 3966/18/1578 3967/18/1578
f 3965/18/1577 3967/18/1578 3968/18/1577
f 3969/18/1579 3970/18/1579 3971/18/1579
f 3969/18/1579 3971/18/1579 3972/18/1580
f 3973/18/1581 3974/18/1582 3975/18/1581
f 3973/18/1581 3975/18/1581 3976/18/1581
f 3977/18/1583 3978/18/1584 3979/18/1585
f 3977/18/1583 3979/18/1585 3980/18/1585
f 3981/18/1586 3982/18/1586 3983/18/1586
f 3981/18/1586 3983/18/1586 3984/18/1587
f 3985/18/1588 3986/18/1589 3987/18/1589
f 3985/18/1588 3987/18/1589 3988/18/1588
f 3989/18/1590 3990/18/1591 3991/18/1590
f 3989/18/1590 3991/18/1590 3992/18/1590
f 3993/18/1592 3994/18/1592 3995/18/1592
f 3993/18/1592 3995/18/1592 3996/18/1593
f 3997/18/1594 3998/18/1594 3999/18/1594
f 3997/18/1594 3999/18/1594 4000/18/1595
f 4001/18/1596 4002/18/1596 4003/18/1597
f 4001/18/1596 4003/18/1597 4004/18/1597
f 4005/18/1598 4006/18/1598 4007/18/1598
f 4005/18/1598 4007/18/1598 4008/18/1599
f 4009/18/1600 4010/18/1600 4011/18/1600
f 4009/18/1600 4011/18/1600 4012/18/1600
f 4013/18/1601 4014/18/1602 4015/18/1603
f 4013/18/1601 4015/18/1603 4016/18/1604
f 4017/18/1605 4018/18/1606 4019/18/1605
f 4017/18/1605 4019/18/1605 4020/18/1605
f 4021/18/1607 4022/18/1607 4023/18/1607
f 4021/18/1607 4023/18/1607 4024/18/1607
f 4025/18/1608 4026/18/1608 4027/18/1608
f 4025/18/1608 4027/18/1608 4028/18/1608
f 4029/18/1609 4030/18/1609 4031/18/1609
f 4029/18/1609 4031/18/1609 4032/18/1609
f 4033/18/1610 4034/18/1610 4035/18/1610
f 4033/18/1610 4035/18/1610 4036/18/1610
f 4037/18/1611 4038/18/1612 4039/18/1612
f 4037/18/1611 4039/18/1612 4040/18/1611
f 4041/18/1613 4042/18/1614 4043/18/1615
f 4041/18/1613 4043/18/1615 4044/18/1615
f 4045/18/1616 4046/18/1616 4047/18/1616
f 4045/18/1616 4047/18/1616 4048/18/1617
f 4049/18/1618 4050/18/1619 4051/18/1619
f 4049/18/1618 4051/18/1619 4052/18/1618
f 4053/18/1620 4054/18/1620 4055/18/1621
f 4053/18/1620 4055/18/1621 4056/18/1620
f 4057/18/1622 4058/18/1623 4059/18/1623
f 4057/18/1622 4059/18/1623 4060/18/1623
f 4061/18/1624 4062/18/1624 4063/18/1624
f 4061/18/1624 4063/18/1624 4064/18/1624
f 4065/18/1625 4066/18/1625 4067/18/1626
f 4065/18/1625 4067/18/1626 4068/18/1627
f 4069/18/1628 4070/18/1628 4071/18/1629
f 4069/18/1628 4071/18/1629 4072/18/1629
f 4073/18/1630 4074/18/1631 4075/18/1630
f 4073/18/1630 4075/18/1630 4076/18/1630
f 4077/18/1632 4078/18/1632 4079/18/1632
f 4077/18/1632 4079/18/1632 4080/18/1632
f 4081/18/1633 4082/18/1633 4083/18/1633
f 4081/18/1633 4083/18/1633 4084/18/1633
f 4085/18/1634 4086/18/1634 4087/18/1634
f 4085/18/1634 4087/18/1634 4088/18/1634
f 4089/18/1635 4090/18/1635 4091/18/1635
f 4089/18/1635 4091/18/1635 4092/18/1635
f 4093/18/1636 4094/18/1636 4095/18/1637
f 4093/18/1636 4095/18/1637 4096/18/1636
f 4097/18/1638 4098/18/1639 4099/18/1638
f 4097/18/1638 4099/18/1638 4100/18/1638
f 4101/18/1640 4102/18/1640 4103/18/1640
f 4101/18/1640 4103/18/1640 4104/18/1640
f 4105/18/1641 4106/18/1642 4107/18/1642
f 4105/18/1641 4107/18/1642 4108/18/1642
f 4109/18/1643 4110/18/1644 4111/18/1643
f 4109/18/1643 4111/18/1643 4112/18/1643
f 4113/18/1645 4114/18/1645 4115/18/1645
f 4113/18/1645 4115/18/1645 4116/18/1646
f 4117/18/1647 4118/18/1648 4119/18/1649
f 4117/18/1647 4119/18/1649 4120/18/1650
f 4121/18/1651 4122/18/1651 4123/18/1652
f 4121/18/1651 4123/18/1652 4124/18/1651
f 4125/18/1653 4126/18/1653 4127/18/1653
f 4125/18/1653 4127/18/1653 4128/18/1653
f 4129/18/1654 4130/18/1654 4131/18/1654
f 4129/18/1654 4131/18/1654 4132/18/1654
f 4133/18/1655 4134/18/1655 4135/18/1655
f 4133/18/1655 4135/18/1655 4136/18/1656
f 4137/18/1657 4138/18/1657 4139/18/1657
f 4137/18/1657 4139/18/1657 4140/18/1658
s 0
f 4141/18/1659 4142/18/1659 4143/18/1659
f 4141/18/1659 4143/18/1659 4144/18/1659
s 1
f 4145/18/1660 4146/18/1660 4147/18/1661
f 4145/18/1660 4147/18/1661 4148/18/1660
f 4149/18/1662 4150/18/1662 4151/18/1662
f 4149/18/1662 4151/18/1662 4152/18/1662
f 4153/18/1663 4154/18/1663 4155/18/1663
f 4153/18/1663 4155/18/1663 4156/18/1663
f 4157/18/1664 4158/18/1665 4159/18/1666
f 4157/18/1664 4159/18/1666 4160/18/1666
f 4161/18/1667 4162/18/1667 4163/18/1668
f 4161/18/1667 4163/18/1668 4164/18/1667
f 4165/18/1669 4166/18/1669 4167/18/1669
f 4165/18/1669 4167/18/1669 4168/18/1669
f 4169/18/1670 4170/18/1670 4171/18/1670
f 4169/18/1670 4171/18/1670 4172/18/1670
f 4173/18/1671 4174/18/1671 4175/18/1671
f 4173/18/1671 4175/18/1671 4176/18/1671
f 4177/18/1672 4178/18/1672 4179/18/1673
f 4177/18/1672 4179/18/1673 4180/18/1672
f 4181/18/1674 4182/18/1674 4183/18/1674
f 4181/18/1674 4183/18/1674 4184/18/1675
f 4185/18/1676 4186/18/1677 4187/18/1677
f 4185/18/1676 4187/18/1677 4188/18/1676
f 4189/18/1678 4190/18/1679 4191/18/1678
f 4189/18/1678 4191/18/1678 4192/18/1678
f 4193/18/1680 4194/18/1681 4195/18/1681
f 4193/18/1680 4195/18/1681 4196/18/1680
f 4197/18/1682 4198/18/1682 4199/18/1682
f 4197/18/1682 4199/18/1682 4200/18/1682
f 4201/18/1683 4202/18/1684 4203/18/1684
f 4201/18/1683 4203/18/1684 4204/18/1683
f 4205/18/1685 4206/18/1686 4207/18/1686
f 4205/18/1685 4207/18/1686 4208/18/1685
f 4209/18/1687 4210/18/1688 4211/18/1688
f 4209/18/1687 4211/18/1688 4212/18/1687
f 4213/18/1689 4214/18/1689 4215/18/1689
s 0
f 4213/18/1690 4215/18/1690 4216/18/1690
s 1
f 4217/18/1691 4218/18/1691 4219/18/1691
f 4217/18/1691 4219/18/1691 4220/18/1691
f 4221/18/1692 4222/18/1692 4223/18/1692
f 4221/18/1692 4223/18/1692 4224/18/1692
f 4225/18/1693 4226/18/1693 4227/18/1693
f 4225/18/1693 4227/18/1693 4228/18/1693
f 4229/18/1694 4230/18/1695 4231/18/1695
f 4229/18/1694 4231/18/1695 4232/18/1694
f 4233/18/1696 4234/18/1697 4235/18/1697
f 4233/18/1696 4235/18/1697 4236/18/1698
f 4237/18/1699 4238/18/1699 4239/18/1699
f 4237/18/1699 4239/18/1699 4240/18/1699
f 4241/18/1700 4242/18/1700 4243/18/1700
f 4241/18/1700 4243/18/1700 4244/18/1701
f 4245/18/1702 4246/18/1702 4247/18/1702
f 4245/18/1702 4247/18/1702 4248/18/1702
f 4249/18/1703 4250/18/1704 4251/18/1705
f 4249/18/1703 4251/18/1705 4252/18/1703
f 4253/18/1706 4254/18/1706 4255/18/1706
f 4253/18/1706 4255/18/1706 4256/18/1706
f 4257/18/1707 4258/18/1707 4259/18/1708
f 4257/18/1707 4259/18/1708 4260/18/1707
f 4261/18/1709 4262/18/1709 4263/18/1709
f 4261/18/1709 4263/18/1709 4264/18/1709
f 4265/18/1710 4266/18/1710 4267/18/1710
f 4265/18/1710 4267/18/1710 4268/18/1710
f 4269/18/1711 4270/18/1711 4271/18/1711
f 4269/18/1711 4271/18/1711 4272/18/1712
f 4273/18/1713 4274/18/1714 4275/18/1714
f 4273/18/1713 4275/18/1714 4276/18/1713
f 4277/18/1715 4278/18/1715 4279/18/1715
f 4277/18/1715 4279/18/1715 4280/18/1715
f 4281/18/1716 4282/18/1716 4283/18/1716
f 4281/18/1716 4283/18/1716 4284/18/1716
f 4285/18/1717 4286/18/1718 4287/18/1719
f 4285/18/1717 4287/18/1719 4288/18/1719
f 4289/18/1720 4290/18/1720 4291/18/1720
f 4289/18/1720 4291/18/1720 4292/18/1721
f 4293/18/1722 4294/18/1723 4295/18/1723
f 4293/18/1722 4295/18/1723 4296/18/1722
f 4297/18/1724 4298/18/1724 4299/18/1724
f 4297/18/1724 4299/18/1724 4300/18/1724
f 4301/18/1725 4302/18/1726 4303/18/1725
f 4301/18/1725 4303/18/1725 4304/18/1725
f 4305/18/1727 4306/18/1727 4307/18/1728
f 4305/18/1727 4307/18/1728 4308/18/1727
f 4309/18/1729 4310/18/1730 4311/18/1730
f 4309/18/1729 4311/18/1730 4312/18/1731
f 4313/18/1732 4314/18/1733 4315/18/1733
f 4313/18/1732 4315/18/1733 4316/18/1732
f 4317/18/1734 4318/18/1735 4319/18/1735
f 4317/18/1734 4319/18/1735 4320/18/1734
f 4321/18/1736 4322/18/1736 4323/18/1736
f 4321/18/1736 4323/18/1736 4324/18/1736
o Circle_Material.006_0
v 0.104001 0.369466 0.220786
v 0.099857 0.380779 0.223454
v 0.097742 0.374179 0.224008
v 0.099495 0.363924 0.221660
v 0.093891 0.397195 0.227169
v 0.093891 0.376399 0.225891
v 0.097742 0.374179 0.224008
v 0.099857 0.380779 0.223454
v 0.093891 0.362635 0.223926
v 0.099495 0.363924 0.221660
v 0.097742 0.374179 0.224008
v 0.093891 0.376399 0.225891
v 0.093891 0.362635 0.223926
v 0.093891 0.376399 0.225891
v 0.090040 0.374179 0.227502
v 0.088286 0.363924 0.226733
v 0.093891 0.397195 0.227169
v 0.087925 0.380779 0.228867
v 0.090040 0.374179 0.227502
v 0.093891 0.376399 0.225891
v 0.083781 0.369466 0.229939
v 0.088286 0.363924 0.226733
v 0.090040 0.374179 0.227502
v 0.087925 0.380779 0.228867
v 0.093891 0.437416 0.229359
v 0.093891 0.420957 0.228629
v 0.097303 0.422596 0.227181
v 0.098844 0.434181 0.227070
v 0.093891 0.397195 0.227169
v 0.099331 0.413679 0.225714
v 0.097303 0.422596 0.227181
v 0.093891 0.420957 0.228629
v 0.103054 0.425140 0.224729
v 0.098844 0.434181 0.227070
v 0.097303 0.422596 0.227181
v 0.099331 0.413679 0.225714
v 0.103054 0.425140 0.224729
v 0.099331 0.413679 0.225714
v 0.102156 0.407032 0.224024
v 0.105879 0.411572 0.222614
v 0.093891 0.397195 0.227169
v 0.101741 0.396378 0.223558
v 0.102156 0.407032 0.224024
v 0.099331 0.413679 0.225714
v 0.107087 0.395885 0.221102
v 0.105879 0.411572 0.222614
v 0.102156 0.407032 0.224024
v 0.101741 0.396378 0.223558
v 0.083781 0.369466 0.229939
v 0.087925 0.380779 0.228867
v 0.085187 0.385905 0.230424
v 0.081251 0.380840 0.231898
v 0.093891 0.397195 0.227169
v 0.086041 0.396378 0.230680
v 0.085187 0.385905 0.230424
v 0.087925 0.380779 0.228867
v 0.080695 0.395885 0.233075
v 0.081251 0.380840 0.231898
v 0.085187 0.385905 0.230424
v 0.086041 0.396378 0.230680
v 0.084727 0.425140 0.232789
v 0.088450 0.413679 0.230650
v 0.090478 0.422596 0.230185
v 0.088937 0.434181 0.231363
v 0.093891 0.397195 0.227169
v 0.093891 0.420957 0.228629
v 0.090478 0.422596 0.230185
v 0.088450 0.413679 0.230650
v 0.093891 0.437416 0.229359
v 0.088937 0.434181 0.231363
v 0.090478 0.422596 0.230185
v 0.093891 0.420957 0.228629
v 0.080695 0.395885 0.233075
v 0.086041 0.396378 0.230680
v 0.085625 0.407032 0.231523
v 0.081902 0.411572 0.233416
v 0.093891 0.397195 0.227169
v 0.088450 0.413679 0.230650
v 0.085625 0.407032 0.231523
v 0.086041 0.396378 0.230680
v 0.084727 0.425140 0.232789
v 0.081902 0.411572 0.233416
v 0.085625 0.407032 0.231523
v 0.088450 0.413679 0.230650
v 0.107087 0.395885 0.221102
v 0.101741 0.396378 0.223558
v 0.102595 0.385905 0.222527
v 0.106530 0.380840 0.220431
v 0.093891 0.397195 0.227169
v 0.099857 0.380779 0.223454
v 0.102595 0.385905 0.222527
v 0.101741 0.396378 0.223558
v 0.104001 0.369466 0.220786
v 0.106530 0.380840 0.220431
v 0.102595 0.385905 0.222527
v 0.099857 0.380779 0.223454
v -0.104001 0.369466 0.220786
v -0.099495 0.363924 0.221660
v -0.097742 0.374179 0.224008
v -0.099857 0.380779 0.223454
v -0.093891 0.397195 0.227169
v -0.099857 0.380779 0.223454
v -0.097742 0.374179 0.224008
v -0.093891 0.376399 0.225891
v -0.093891 0.362635 0.223926
v -0.093891 0.376399 0.225891
v -0.097742 0.374179 0.224008
v -0.099495 0.363924 0.221660
v -0.093891 0.362635 0.223926
v -0.088286 0.363924 0.226733
v -0.090040 0.374179 0.227502
v -0.093891 0.376399 0.225891
v -0.093891 0.397195 0.227169
v -0.093891 0.376399 0.225891
v -0.090040 0.374179 0.227502
v -0.087925 0.380779 0.228867
v -0.083781 0.369466 0.229939
v -0.087925 0.380779 0.228867
v -0.090040 0.374179 0.227502
v -0.088286 0.363924 0.226733
v -0.093891 0.437416 0.229359
v -0.098844 0.434181 0.227070
v -0.097303 0.422596 0.227181
v -0.093891 0.420957 0.228629
v -0.093891 0.397195 0.227169
v -0.093891 0.420957 0.228629
v -0.097303 0.422596 0.227181
v -0.099331 0.413679 0.225714
v -0.103054 0.425140 0.224729
v -0.099331 0.413679 0.225714
v -0.097303 0.422596 0.227181
v -0.098844 0.434181 0.227070
v -0.103054 0.425140 0.224729
v -0.105879 0.411572 0.222614
v -0.102156 0.407032 0.224024
v -0.099331 0.413679 0.225714
v -0.093891 0.397195 0.227169
v -0.099331 0.413679 0.225714
v -0.102156 0.407032 0.224024
v -0.101741 0.396378 0.223558
v -0.107087 0.395885 0.221102
v -0.101741 0.396378 0.223558
v -0.102156 0.407032 0.224024
v -0.105879 0.411572 0.222614
v -0.083781 0.369466 0.229939
v -0.081251 0.380840 0.231898
v -0.085187 0.385905 0.230424
v -0.087925 0.380779 0.228867
v -0.093891 0.397195 0.227169
v -0.087925 0.380779 0.228867
v -0.085187 0.385905 0.230424
v -0.086041 0.396378 0.230680
v -0.080695 0.395885 0.233075
v -0.086041 0.396378 0.230680
v -0.085187 0.385905 0.230424
v -0.081251 0.380840 0.231898
v -0.084727 0.425140 0.232789
v -0.088937 0.434181 0.231363
v -0.090478 0.422596 0.230185
v -0.088450 0.413679 0.230650
v -0.093891 0.397195 0.227169
v -0.088450 0.413679 0.230650
v -0.090478 0.422596 0.230185
v -0.093891 0.420957 0.228629
v -0.093891 0.437416 0.229359
v -0.093891 0.420957 0.228629
v -0.090478 0.422596 0.230185
v -0.088937 0.434181 0.231363
v -0.080695 0.395885 0.233075
v -0.081902 0.411572 0.233416
v -0.085625 0.407032 0.231523
v -0.086041 0.396378 0.230680
v -0.093891 0.397195 0.227169
v -0.086041 0.396378 0.230680
v -0.085625 0.407032 0.231523
v -0.088450 0.413679 0.230650
v -0.084727 0.425140 0.232789
v -0.088450 0.413679 0.230650
v -0.085625 0.407032 0.231523
v -0.081902 0.411572 0.233416
v -0.107087 0.395885 0.221102
v -0.106530 0.380840 0.220431
v -0.102595 0.385905 0.222527
v -0.101741 0.396378 0.223558
v -0.093891 0.397195 0.227169
v -0.101741 0.396378 0.223558
v -0.102595 0.385905 0.222527
v -0.099857 0.380779 0.223454
v -0.104001 0.369466 0.220786
v -0.099857 0.380779 0.223454
v -0.102595 0.385905 0.222527
v -0.106530 0.380840 0.220431
v 0.083322 0.504102 0.218884
v 0.081469 0.502156 0.220384
v 0.089970 0.503483 0.215845
v 0.089806 0.505761 0.215223
v 0.081469 0.502156 0.220384
v 0.084041 0.500986 0.219495
v 0.090636 0.501294 0.216197
v 0.089970 0.503483 0.215845
v 0.089970 0.503483 0.215845
v 0.090636 0.501294 0.216197
v 0.099945 0.501646 0.211913
v 0.099603 0.503998 0.211228
v 0.089806 0.505761 0.215223
v 0.089970 0.503483 0.215845
v 0.099603 0.503998 0.211228
v 0.099262 0.506351 0.210543
v 0.099262 0.506351 0.210543
v 0.099603 0.503998 0.211228
v 0.110405 0.502828 0.206933
v 0.110207 0.505178 0.206186
v 0.099603 0.503998 0.211228
v 0.099945 0.501646 0.211913
v 0.110602 0.500478 0.207680
v 0.110405 0.502828 0.206933
v 0.110405 0.502828 0.206933
v 0.110602 0.500478 0.207680
v 0.121861 0.497185 0.203934
v 0.121841 0.499506 0.203120
v 0.110207 0.505178 0.206186
v 0.110405 0.502828 0.206933
v 0.121841 0.499506 0.203120
v 0.121822 0.501826 0.202306
v 0.121822 0.501826 0.202306
v 0.121841 0.499506 0.203120
v 0.131411 0.494397 0.196076
v 0.131299 0.496759 0.195312
v 0.121841 0.499506 0.203120
v 0.121861 0.497185 0.203934
v 0.131028 0.492391 0.197291
v 0.131411 0.494397 0.196076
v 0.131411 0.494397 0.196076
v 0.131028 0.492391 0.197291
v 0.137425 0.488612 0.191169
v 0.139836 0.488514 0.188354
v 0.131299 0.496759 0.195312
v 0.131411 0.494397 0.196076
v 0.139836 0.488514 0.188354
v 0.137800 0.491633 0.189575
v -0.083322 0.504102 0.218884
v -0.089806 0.505761 0.215223
v -0.089970 0.503483 0.215845
v -0.081469 0.502156 0.220384
v -0.081469 0.502156 0.220384
v -0.089970 0.503483 0.215845
v -0.090636 0.501294 0.216197
v -0.084041 0.500986 0.219495
v -0.089970 0.503483 0.215845
v -0.099603 0.503998 0.211228
v -0.099945 0.501646 0.211913
v -0.090636 0.501294 0.216197
v -0.089806 0.505761 0.215223
v -0.099262 0.506351 0.210543
v -0.099603 0.503998 0.211228
v -0.089970 0.503483 0.215845
v -0.099262 0.506351 0.210543
v -0.110207 0.505178 0.206186
v -0.110405 0.502828 0.206933
v -0.099603 0.503998 0.211228
v -0.099603 0.503998 0.211228
v -0.110405 0.502828 0.206933
v -0.110602 0.500478 0.207680
v -0.099945 0.501646 0.211913
v -0.110405 0.502828 0.206933
v -0.121841 0.499506 0.203120
v -0.121861 0.497185 0.203934
v -0.110602 0.500478 0.207680
v -0.110207 0.505178 0.206186
v -0.121822 0.501826 0.202306
v -0.121841 0.499506 0.203120
v -0.110405 0.502828 0.206933
v -0.121822 0.501826 0.202306
v -0.131299 0.496759 0.195312
v -0.131411 0.494397 0.196076
v -0.121841 0.499506 0.203120
v -0.121841 0.499506 0.203120
v -0.131411 0.494397 0.196076
v -0.131028 0.492391 0.197291
v -0.121861 0.497185 0.203934
v -0.131411 0.494397 0.196076
v -0.139836 0.488514 0.188354
v -0.137425 0.488612 0.191169
v -0.131028 0.492391 0.197291
v -0.131299 0.496759 0.195312
v -0.137800 0.491633 0.189575
v -0.139836 0.488514 0.188354
v -0.131411 0.494397 0.196076
v 0.033641 0.313226 0.225484
v 0.032542 0.313052 0.225533
v 0.030392 0.310429 0.224288
v 0.031497 0.310483 0.224167
v 0.032542 0.313052 0.225533
v 0.031461 0.312862 0.225570
v 0.029288 0.310376 0.224408
v 0.030392 0.310429 0.224288
v 0.031497 0.310483 0.224167
v 0.030392 0.310429 0.224288
v 0.027731 0.307822 0.223121
v 0.028814 0.307755 0.222933
v 0.030392 0.310429 0.224288
v 0.029288 0.310376 0.224408
v 0.026648 0.307890 0.223310
v 0.027731 0.307822 0.223121
v 0.036276 0.316252 0.226900
v 0.035204 0.315957 0.226875
v 0.033641 0.313226 0.225484
v 0.034740 0.313400 0.225436
v 0.035204 0.315957 0.226875
v 0.034408 0.315418 0.226667
v 0.032542 0.313052 0.225533
v 0.033641 0.313226 0.225484
v 0.034408 0.315418 0.226667
v 0.033630 0.314864 0.226442
v 0.031461 0.312862 0.225570
v 0.032542 0.313052 0.225533
v 0.033630 0.314864 0.226442
v 0.032552 0.314586 0.226444
v 0.030777 0.312321 0.225497
v 0.031461 0.312862 0.225570
v 0.031461 0.312862 0.225570
v 0.030777 0.312321 0.225497
v 0.028333 0.310192 0.224431
v 0.029288 0.310376 0.224408
v 0.029288 0.310376 0.224408
v 0.028333 0.310192 0.224431
v 0.025649 0.307883 0.223443
v 0.026648 0.307890 0.223310
v 0.026648 0.307890 0.223310
v 0.025649 0.307883 0.223443
v 0.022771 0.305430 0.222398
v 0.023575 0.305444 0.222295
v 0.027731 0.307822 0.223121
v 0.026648 0.307890 0.223310
v 0.023575 0.305444 0.222295
v 0.024606 0.305257 0.222044
v 0.028814 0.307755 0.222933
v 0.027731 0.307822 0.223121
v 0.024606 0.305257 0.222044
v 0.025637 0.305071 0.221793
v 0.029897 0.307687 0.222744
v 0.028814 0.307755 0.222933
v 0.025637 0.305071 0.221793
v 0.026668 0.304885 0.221541
v 0.032601 0.310536 0.224046
v 0.031497 0.310483 0.224167
v 0.028814 0.307755 0.222933
v 0.029897 0.307687 0.222744
v 0.034740 0.313400 0.225436
v 0.033641 0.313226 0.225484
v 0.031497 0.310483 0.224167
v 0.032601 0.310536 0.224046
v 0.003603 0.294765 0.218463
v 0.003354 0.295422 0.218837
v -0.000060 0.295005 0.218918
v -0.000059 0.294325 0.218554
v 0.003354 0.295422 0.218837
v 0.003106 0.296078 0.219211
v -0.000060 0.295684 0.219281
v -0.000060 0.295005 0.218918
v -0.000059 0.294325 0.218554
v -0.000060 0.295005 0.218918
v -0.005113 0.295454 0.218692
v -0.005347 0.294796 0.218318
v -0.000060 0.295005 0.218918
v -0.000060 0.295684 0.219281
v -0.004879 0.296112 0.219066
v -0.005113 0.295454 0.218692
v 0.009448 0.295242 0.218178
v 0.008974 0.295849 0.218546
v 0.003603 0.294765 0.218463
v 0.003851 0.294109 0.218089
v 0.008974 0.295849 0.218546
v 0.008499 0.296455 0.218915
v 0.003354 0.295422 0.218837
v 0.003603 0.294765 0.218463
v 0.008499 0.296455 0.218915
v 0.008024 0.297062 0.219283
v 0.003106 0.296078 0.219211
v 0.003354 0.295422 0.218837
v 0.008024 0.297062 0.219283
v 0.007550 0.297668 0.219651
v 0.002858 0.296734 0.219585
v 0.003106 0.296078 0.219211
v 0.003106 0.296078 0.219211
v 0.002858 0.296734 0.219585
v -0.000061 0.296364 0.219645
v -0.000060 0.295684 0.219281
v -0.000060 0.295684 0.219281
v -0.000061 0.296364 0.219645
v -0.004644 0.296771 0.219439
v -0.004879 0.296112 0.219066
v -0.004879 0.296112 0.219066
v -0.004644 0.296771 0.219439
v -0.009346 0.297676 0.219489
v -0.009807 0.297065 0.219120
v -0.005113 0.295454 0.218692
v -0.004879 0.296112 0.219066
v -0.009807 0.297065 0.219120
v -0.010268 0.296455 0.218751
v -0.005347 0.294796 0.218318
v -0.005113 0.295454 0.218692
v -0.010268 0.296455 0.218751
v -0.010730 0.295844 0.218382
v -0.005582 0.294137 0.217944
v -0.005347 0.294796 0.218318
v -0.010730 0.295844 0.218382
v -0.011033 0.295379 0.218105
v -0.000059 0.293645 0.218190
v -0.000059 0.294325 0.218554
v -0.005347 0.294796 0.218318
v -0.005582 0.294137 0.217944
v 0.003851 0.294109 0.218089
v 0.003603 0.294765 0.218463
v -0.000059 0.294325 0.218554
v -0.000059 0.293645 0.218190
v -0.030730 0.307690 0.222631
v -0.029652 0.307766 0.222824
v -0.032368 0.310374 0.223983
v -0.033470 0.310418 0.223857
v -0.029652 0.307766 0.222824
v -0.028574 0.307842 0.223017
v -0.031266 0.310329 0.224108
v -0.032368 0.310374 0.223983
v -0.033470 0.310418 0.223857
v -0.032368 0.310374 0.223983
v -0.034579 0.313003 0.225224
v -0.035679 0.313169 0.225170
v -0.032368 0.310374 0.223983
v -0.031266 0.310329 0.224108
v -0.033480 0.312837 0.225278
v -0.034579 0.313003 0.225224
v -0.028526 0.304819 0.221247
v -0.027502 0.305014 0.221502
v -0.030730 0.307690 0.222631
v -0.031808 0.307614 0.222438
v -0.027502 0.305014 0.221502
v -0.026479 0.305208 0.221758
v -0.029652 0.307766 0.222824
v -0.030730 0.307690 0.222631
v -0.026479 0.305208 0.221758
v -0.025455 0.305403 0.222013
v -0.028574 0.307842 0.223017
v -0.029652 0.307766 0.222824
v -0.025455 0.305403 0.222013
v -0.024378 0.305521 0.222235
v -0.027378 0.307869 0.223193
v -0.028574 0.307842 0.223017
v -0.028574 0.307842 0.223017
v -0.027378 0.307869 0.223193
v -0.030019 0.310224 0.224216
v -0.031266 0.310329 0.224108
v -0.031266 0.310329 0.224108
v -0.030019 0.310224 0.224216
v -0.032305 0.312554 0.225282
v -0.033480 0.312837 0.225278
v -0.033480 0.312837 0.225278
v -0.032305 0.312554 0.225282
v -0.034168 0.314815 0.226351
v -0.035160 0.315340 0.226518
v -0.034579 0.313003 0.225224
v -0.033480 0.312837 0.225278
v -0.035160 0.315340 0.226518
v -0.036236 0.315627 0.226538
v -0.035679 0.313169 0.225170
v -0.034579 0.313003 0.225224
v -0.036236 0.315627 0.226538
v -0.037312 0.315915 0.226559
v -0.036778 0.313335 0.225117
v -0.035679 0.313169 0.225170
v -0.037312 0.315915 0.226559
v -0.038389 0.316202 0.226580
v -0.034572 0.310462 0.223732
v -0.033470 0.310418 0.223857
v -0.035679 0.313169 0.225170
v -0.036778 0.313335 0.225117
v -0.031808 0.307614 0.222438
v -0.030730 0.307690 0.222631
v -0.033470 0.310418 0.223857
v -0.034572 0.310462 0.223732
v -0.017308 0.325070 0.233410
v -0.015811 0.324127 0.233044
v -0.000207 0.323797 0.234308
v -0.000221 0.324625 0.234749
v -0.015811 0.324127 0.233044
v -0.016452 0.323572 0.232687
v -0.000196 0.323150 0.233963
v -0.000207 0.323797 0.234308
v -0.000221 0.324625 0.234749
v -0.000207 0.323797 0.234308
v 0.013398 0.324070 0.233236
v 0.014871 0.325014 0.233605
v -0.000207 0.323797 0.234308
v -0.000196 0.323150 0.233963
v 0.014053 0.323514 0.232878
v 0.013398 0.324070 0.233236
v -0.038548 0.326683 0.232312
v -0.030817 0.324739 0.231985
v -0.017308 0.325070 0.233410
v -0.020486 0.326317 0.233783
v -0.030817 0.324739 0.231985
v -0.028154 0.323686 0.231668
v -0.015811 0.324127 0.233044
v -0.017308 0.325070 0.233410
v -0.028154 0.323686 0.231668
v -0.029290 0.323280 0.231346
v -0.016452 0.323572 0.232687
v -0.015811 0.324127 0.233044
v -0.029290 0.323280 0.231346
v -0.037281 0.324001 0.231422
v -0.018734 0.323306 0.232334
v -0.016452 0.323572 0.232687
v -0.016452 0.323572 0.232687
v -0.018734 0.323306 0.232334
v -0.000188 0.322611 0.233675
v -0.000196 0.323150 0.233963
v -0.000196 0.323150 0.233963
v -0.000188 0.322611 0.233675
v 0.016343 0.323248 0.232524
v 0.014053 0.323514 0.232878
v 0.014053 0.323514 0.232878
v 0.016343 0.323248 0.232524
v 0.034889 0.323978 0.231640
v 0.026915 0.323257 0.231552
v 0.013398 0.324070 0.233236
v 0.014053 0.323514 0.232878
v 0.026915 0.323257 0.231552
v 0.025769 0.323664 0.231876
v 0.014871 0.325014 0.233605
v 0.013398 0.324070 0.233236
v 0.025769 0.323664 0.231876
v 0.028407 0.324721 0.232198
v 0.018019 0.326264 0.233983
v 0.014871 0.325014 0.233605
v 0.028407 0.324721 0.232198
v 0.035747 0.326610 0.232531
v -0.000237 0.325560 0.235248
v -0.000221 0.324625 0.234749
v 0.014871 0.325014 0.233605
v 0.018019 0.326264 0.233983
v -0.020486 0.326317 0.233783
v -0.017308 0.325070 0.233410
v -0.000221 0.324625 0.234749
v -0.000237 0.325560 0.235248
v 0.034586 0.323104 0.230762
v 0.032576 0.322269 0.230502
v 0.035176 0.320172 0.229139
v 0.036492 0.320755 0.229330
v 0.032576 0.322269 0.230502
v 0.032779 0.321815 0.230240
v 0.034536 0.319705 0.228949
v 0.035176 0.320172 0.229139
v 0.036492 0.320755 0.229330
v 0.035176 0.320172 0.229139
v 0.035578 0.317736 0.227799
v 0.036654 0.318145 0.227919
v 0.035176 0.320172 0.229139
v 0.034536 0.319705 0.228949
v 0.034585 0.317342 0.227680
v 0.035578 0.317736 0.227799
v 0.035747 0.326610 0.232531
v 0.028407 0.324721 0.232198
v 0.034586 0.323104 0.230762
v 0.037975 0.324133 0.231000
v 0.028407 0.324721 0.232198
v 0.025769 0.323664 0.231876
v 0.032576 0.322269 0.230502
v 0.034586 0.323104 0.230762
v 0.025769 0.323664 0.231876
v 0.026915 0.323257 0.231552
v 0.032779 0.321815 0.230240
v 0.032576 0.322269 0.230502
v 0.026915 0.323257 0.231552
v 0.034889 0.323978 0.231640
v 0.034668 0.321645 0.230221
v 0.032779 0.321815 0.230240
v 0.032779 0.321815 0.230240
v 0.034668 0.321645 0.230221
v 0.034301 0.319307 0.228758
v 0.034536 0.319705 0.228949
v 0.034536 0.319705 0.228949
v 0.034301 0.319307 0.228758
v 0.033644 0.316956 0.227560
v 0.034585 0.317342 0.227680
v 0.034585 0.317342 0.227680
v 0.033644 0.316956 0.227560
v 0.032552 0.314586 0.226444
v 0.033630 0.314864 0.226442
v 0.035578 0.317736 0.227799
v 0.034585 0.317342 0.227680
v 0.033630 0.314864 0.226442
v 0.034408 0.315418 0.226667
v 0.036654 0.318145 0.227919
v 0.035578 0.317736 0.227799
v 0.034408 0.315418 0.226667
v 0.035204 0.315957 0.226875
v 0.037304 0.318386 0.227988
v 0.036654 0.318145 0.227919
v 0.035204 0.315957 0.226875
v 0.036276 0.316252 0.226900
v 0.037772 0.321241 0.229472
v 0.036492 0.320755 0.229330
v 0.036654 0.318145 0.227919
v 0.037304 0.318386 0.227988
v 0.037975 0.324133 0.231000
v 0.034586 0.323104 0.230762
v 0.036492 0.320755 0.229330
v 0.037772 0.321241 0.229472
v 0.022002 0.302474 0.220766
v 0.021059 0.302776 0.221074
v 0.017103 0.300474 0.220265
v 0.017922 0.300064 0.219911
v 0.021059 0.302776 0.221074
v 0.020116 0.303078 0.221381
v 0.016828 0.300404 0.220258
v 0.017103 0.300474 0.220265
v 0.017922 0.300064 0.219911
v 0.017103 0.300474 0.220265
v 0.013279 0.298001 0.219300
v 0.013721 0.297677 0.219086
v 0.017103 0.300474 0.220265
v 0.016828 0.300404 0.220258
v 0.012610 0.298534 0.219647
v 0.013279 0.298001 0.219300
v 0.026668 0.304885 0.221541
v 0.025637 0.305071 0.221793
v 0.022002 0.302474 0.220766
v 0.022945 0.302172 0.220459
v 0.025637 0.305071 0.221793
v 0.024606 0.305257 0.222044
v 0.021059 0.302776 0.221074
v 0.022002 0.302474 0.220766
v 0.024606 0.305257 0.222044
v 0.023575 0.305444 0.222295
v 0.020116 0.303078 0.221381
v 0.021059 0.302776 0.221074
v 0.023575 0.305444 0.222295
v 0.022771 0.305430 0.222398
v 0.019722 0.302896 0.221324
v 0.020116 0.303078 0.221381
v 0.020116 0.303078 0.221381
v 0.019722 0.302896 0.221324
v 0.016000 0.300843 0.220569
v 0.016828 0.300404 0.220258
v 0.016828 0.300404 0.220258
v 0.016000 0.300843 0.220569
v 0.011941 0.299067 0.219994
v 0.012610 0.298534 0.219647
v 0.012610 0.298534 0.219647
v 0.011941 0.299067 0.219994
v 0.007550 0.297668 0.219651
v 0.008024 0.297062 0.219283
v 0.013279 0.298001 0.219300
v 0.012610 0.298534 0.219647
v 0.008024 0.297062 0.219283
v 0.008499 0.296455 0.218915
v 0.013721 0.297677 0.219086
v 0.013279 0.298001 0.219300
v 0.008499 0.296455 0.218915
v 0.008974 0.295849 0.218546
v 0.014065 0.297451 0.218907
v 0.013721 0.297677 0.219086
v 0.008974 0.295849 0.218546
v 0.009448 0.295242 0.218178
v 0.018741 0.299654 0.219558
v 0.017922 0.300064 0.219911
v 0.013721 0.297677 0.219086
v 0.014065 0.297451 0.218907
v 0.022945 0.302172 0.220459
v 0.022002 0.302474 0.220766
v 0.017922 0.300064 0.219911
v 0.018741 0.299654 0.219558
v -0.015166 0.297960 0.219054
v -0.014597 0.298401 0.219391
v -0.018902 0.300459 0.220009
v -0.019710 0.300042 0.219652
v -0.014597 0.298401 0.219391
v -0.014410 0.298508 0.219467
v -0.018094 0.300876 0.220365
v -0.018902 0.300459 0.220009
v -0.019710 0.300042 0.219652
v -0.018902 0.300459 0.220009
v -0.022891 0.302741 0.220801
v -0.023825 0.302431 0.220490
v -0.018902 0.300459 0.220009
v -0.018094 0.300876 0.220365
v -0.021957 0.303051 0.221112
v -0.022891 0.302741 0.220801
v -0.011033 0.295379 0.218105
v -0.010730 0.295844 0.218382
v -0.015166 0.297960 0.219054
v -0.015815 0.297450 0.218665
v -0.010730 0.295844 0.218382
v -0.010268 0.296455 0.218751
v -0.014597 0.298401 0.219391
v -0.015166 0.297960 0.219054
v -0.010268 0.296455 0.218751
v -0.009807 0.297065 0.219120
v -0.014410 0.298508 0.219467
v -0.014597 0.298401 0.219391
v -0.009807 0.297065 0.219120
v -0.009346 0.297676 0.219489
v -0.013577 0.299189 0.219912
v -0.014410 0.298508 0.219467
v -0.014410 0.298508 0.219467
v -0.013577 0.299189 0.219912
v -0.017452 0.301111 0.220572
v -0.018094 0.300876 0.220365
v -0.018094 0.300876 0.220365
v -0.017452 0.301111 0.220572
v -0.021055 0.303231 0.221349
v -0.021957 0.303051 0.221112
v -0.021957 0.303051 0.221112
v -0.021055 0.303231 0.221349
v -0.024378 0.305521 0.222235
v -0.025455 0.305403 0.222013
v -0.022891 0.302741 0.220801
v -0.021957 0.303051 0.221112
v -0.025455 0.305403 0.222013
v -0.026479 0.305208 0.221758
v -0.023825 0.302431 0.220490
v -0.022891 0.302741 0.220801
v -0.026479 0.305208 0.221758
v -0.027502 0.305014 0.221502
v -0.024758 0.302121 0.220180
v -0.023825 0.302431 0.220490
v -0.027502 0.305014 0.221502
v -0.028526 0.304819 0.221247
v -0.020519 0.299625 0.219296
v -0.019710 0.300042 0.219652
v -0.023825 0.302431 0.220490
v -0.024758 0.302121 0.220180
v -0.015815 0.297450 0.218665
v -0.015166 0.297960 0.219054
v -0.019710 0.300042 0.219652
v -0.020519 0.299625 0.219296
v -0.038267 0.318615 0.228015
v -0.037418 0.317995 0.227767
v -0.037442 0.320132 0.228909
v -0.038770 0.320709 0.229095
v -0.037418 0.317995 0.227767
v -0.036668 0.317379 0.227508
v -0.036792 0.319670 0.228722
v -0.037442 0.320132 0.228909
v -0.038770 0.320709 0.229095
v -0.037442 0.320132 0.228909
v -0.034909 0.322258 0.230280
v -0.036939 0.323088 0.230537
v -0.037442 0.320132 0.228909
v -0.036792 0.319670 0.228722
v -0.035101 0.321808 0.230022
v -0.034909 0.322258 0.230280
v -0.038389 0.316202 0.226580
v -0.037312 0.315915 0.226559
v -0.038267 0.318615 0.228015
v -0.039396 0.319041 0.228110
v -0.037312 0.315915 0.226559
v -0.036236 0.315627 0.226538
v -0.037418 0.317995 0.227767
v -0.038267 0.318615 0.228015
v -0.036236 0.315627 0.226538
v -0.035160 0.315340 0.226518
v -0.036668 0.317379 0.227508
v -0.037418 0.317995 0.227767
v -0.035160 0.315340 0.226518
v -0.034168 0.314815 0.226351
v -0.035529 0.317024 0.227423
v -0.036668 0.317379 0.227508
v -0.036668 0.317379 0.227508
v -0.035529 0.317024 0.227423
v -0.036502 0.319264 0.228737
v -0.036792 0.319670 0.228722
v -0.036792 0.319670 0.228722
v -0.036502 0.319264 0.228737
v -0.036987 0.321642 0.230100
v -0.035101 0.321808 0.230022
v -0.035101 0.321808 0.230022
v -0.036987 0.321642 0.230100
v -0.037281 0.324001 0.231422
v -0.029290 0.323280 0.231346
v -0.034909 0.322258 0.230280
v -0.035101 0.321808 0.230022
v -0.029290 0.323280 0.231346
v -0.028154 0.323686 0.231668
v -0.036939 0.323088 0.230537
v -0.034909 0.322258 0.230280
v -0.028154 0.323686 0.231668
v -0.030817 0.324739 0.231985
v -0.040701 0.324217 0.230794
v -0.036939 0.323088 0.230537
v -0.030817 0.324739 0.231985
v -0.038548 0.326683 0.232312
v -0.040115 0.321210 0.229239
v -0.038770 0.320709 0.229095
v -0.036939 0.323088 0.230537
v -0.040701 0.324217 0.230794
v -0.039396 0.319041 0.228110
v -0.038267 0.318615 0.228015
v -0.038770 0.320709 0.229095
v -0.040115 0.321210 0.229239
vn 0.3910 -0.1057 0.9143
vn 0.4125 -0.0559 0.9093
vn 0.3869 -0.1356 0.9121
vn 0.4303 -0.1331 0.8928
vn 0.4281 -0.1044 0.8977
vn 0.4007 -0.0422 0.9152
vn 0.4106 -0.0504 0.9104
vn 0.4106 -0.0506 0.9104
vn 0.4106 -0.0505 0.9104
vn 0.4124 -0.0621 0.9089
vn 0.4123 -0.0621 0.9090
vn 0.4122 -0.0621 0.9090
vn 0.4123 -0.0621 0.9089
vn 0.3970 -0.0411 0.9169
vn 0.3970 -0.0413 0.9169
vn 0.3970 -0.0412 0.9169
vn 0.3969 -0.0414 0.9169
vn 0.4094 -0.0531 0.9108
vn 0.3973 -0.0404 0.9168
vn 0.3979 -0.0405 0.9165
vn 0.4073 -0.0532 0.9117
vn 0.4008 -0.0441 0.9151
vn 0.4122 -0.0610 0.9091
vn 0.4124 -0.0610 0.9090
vn 0.4129 -0.0609 0.9088
vn -0.3910 -0.1057 0.9143
vn -0.4125 -0.0559 0.9093
vn -0.3869 -0.1356 0.9121
vn -0.4303 -0.1331 0.8928
vn -0.4281 -0.1044 0.8977
vn -0.4007 -0.0422 0.9152
vn -0.4106 -0.0505 0.9104
vn -0.4106 -0.0504 0.9104
vn -0.4124 -0.0621 0.9089
vn -0.4123 -0.0621 0.9089
vn -0.4122 -0.0621 0.9090
vn -0.4123 -0.0621 0.9090
vn -0.3970 -0.0411 0.9169
vn -0.3970 -0.0413 0.9169
vn -0.3969 -0.0413 0.9169
vn -0.4094 -0.0531 0.9108
vn -0.3976 -0.0404 0.9167
vn -0.3978 -0.0405 0.9166
vn -0.3979 -0.0405 0.9166
vn -0.3977 -0.0405 0.9166
vn -0.4073 -0.0532 0.9117
vn -0.4009 -0.0441 0.9151
vn -0.4008 -0.0441 0.9151
vn -0.4007 -0.0441 0.9151
vn -0.4125 -0.0610 0.9089
vn -0.4124 -0.0610 0.9090
vn -0.4124 -0.0610 0.9089
vn 0.4210 0.2672 0.8668
vn 0.4210 0.2673 0.8668
vn 0.3966 0.2870 0.8720
vn 0.3966 0.2870 0.8719
vn 0.4056 0.2892 0.8671
vn 0.3801 0.3091 0.8717
vn 0.3801 0.3090 0.8718
vn 0.3802 0.3091 0.8717
vn 0.3801 0.3091 0.8718
vn 0.3804 0.3091 0.8717
vn 0.3804 0.3091 0.8716
vn 0.3804 0.3090 0.8717
vn 0.3803 0.3090 0.8717
vn 0.6585 0.2569 0.7073
vn 0.6586 0.2569 0.7073
vn 0.6586 0.2570 0.7073
vn 0.6575 0.2739 0.7019
vn 0.7414 0.2387 0.6272
vn 0.7414 0.2386 0.6273
vn 0.7413 0.2385 0.6273
vn 0.7414 0.2382 0.6274
vn 0.7415 0.2386 0.6271
vn -0.4210 0.2672 0.8668
vn -0.4210 0.2673 0.8668
vn -0.3966 0.2870 0.8720
vn -0.3966 0.2870 0.8719
vn -0.4056 0.2892 0.8671
vn -0.3801 0.3090 0.8718
vn -0.3801 0.3091 0.8717
vn -0.3801 0.3091 0.8718
vn -0.3802 0.3091 0.8717
vn -0.3804 0.3091 0.8716
vn -0.3804 0.3091 0.8717
vn -0.3803 0.3090 0.8717
vn -0.3804 0.3090 0.8717
vn -0.6585 0.2569 0.7073
vn -0.6586 0.2569 0.7073
vn -0.6575 0.2739 0.7019
vn -0.7414 0.2387 0.6272
vn -0.7414 0.2386 0.6273
vn -0.7415 0.2386 0.6271
vn -0.7414 0.2382 0.6274
vn 0.1178 -0.5032 0.8561
vn 0.1175 -0.5030 0.8563
vn 0.1135 -0.4992 0.8590
vn 0.1134 -0.4992 0.8590
vn 0.2223 -0.5491 0.8057
vn 0.2224 -0.5491 0.8056
vn 0.2469 -0.6103 0.7527
vn 0.2467 -0.6103 0.7527
vn 0.2468 -0.6103 0.7527
vn 0.2468 -0.6103 0.7528
vn 0.1177 -0.5031 0.8562
vn 0.1178 -0.5031 0.8561
vn 0.1176 -0.5029 0.8563
vn 0.0784 -0.4708 0.8788
vn 0.0785 -0.4702 0.8791
vn 0.0782 -0.4706 0.8789
vn 0.0782 -0.4707 0.8788
vn -0.0811 -0.4702 0.8788
vn -0.0811 -0.4701 0.8789
vn 0.0811 -0.4702 0.8788
vn 0.0812 -0.4702 0.8788
vn 0.0812 -0.4701 0.8789
vn 0.0811 -0.4701 0.8789
vn 0.0779 -0.4711 0.8786
vn 0.0779 -0.4708 0.8788
vn 0.0779 -0.4707 0.8789
vn -0.0812 -0.4701 0.8789
vn -0.0812 -0.4702 0.8788
vn -0.0812 -0.4701 0.8788
vn -0.0812 -0.4703 0.8787
vn 0.0785 -0.4710 0.8786
vn 0.0787 -0.4702 0.8791
vn -0.1178 -0.5032 0.8561
vn -0.1179 -0.5032 0.8561
vn -0.1181 -0.5021 0.8567
vn -0.1180 -0.5021 0.8567
vn -0.1157 -0.5017 0.8573
vn -0.1156 -0.5017 0.8573
vn -0.1206 -0.5066 0.8537
vn -0.1248 -0.5062 0.8533
vn -0.1244 -0.5061 0.8535
vn 0.0788 -0.4677 0.8804
vn 0.0788 -0.4673 0.8806
vn 0.0788 -0.4701 0.8791
vn 0.0788 -0.4702 0.8791
vn 0.0788 -0.4702 0.8790
vn -0.0811 -0.4701 0.8788
vn 0.0516 0.8181 -0.5727
vn 0.0517 0.8182 -0.5727
vn 0.0516 0.8182 -0.5727
vn 0.0516 0.8182 -0.5726
vn 0.0791 -0.4732 0.8774
vn -0.0512 0.8335 -0.5502
vn -0.0512 0.8335 -0.5501
vn 0.0790 -0.4667 0.8809
vn 0.0790 -0.4666 0.8809
vn 0.0789 -0.4667 0.8809
vn -0.0256 0.5608 -0.8276
vn -0.0256 0.5607 -0.8276
vn -0.0256 0.5608 -0.8275
vn 0.0801 0.5427 -0.8361
vn 0.0800 0.5427 -0.8361
vn 0.0809 -0.4702 0.8788
vn 0.1031 -0.4693 0.8770
vn 0.0816 -0.4704 0.8787
vn 0.0814 -0.4703 0.8788
vn 0.0814 -0.4703 0.8787
vn 0.0868 -0.4738 0.8763
vn 0.0869 -0.4739 0.8763
vn 0.1039 -0.4872 0.8671
vn 0.1160 -0.5016 0.8573
vn 0.1159 -0.5015 0.8573
vn 0.1160 -0.5015 0.8573
vn 0.1042 -0.4906 0.8651
vn 0.1042 -0.4907 0.8651
vn 0.0838 -0.4733 0.8769
vn 0.1144 -0.5002 0.8583
vn 0.1144 -0.5001 0.8584
vn 0.1144 -0.5002 0.8584
vn 0.0834 -0.4723 0.8775
vn 0.0835 -0.4723 0.8775
vn 0.0813 -0.4706 0.8786
vn 0.0907 -0.4837 0.8705
vn 0.1178 -0.5033 0.8561
vn -0.1120 -0.4968 0.8606
vn -0.1059 -0.4882 0.8663
vn -0.1060 -0.4882 0.8663
vn -0.0965 -0.4883 0.8673
vn -0.0964 -0.4883 0.8673
vn -0.0965 -0.4884 0.8673
vn -0.0816 -0.4710 0.8783
vn -0.0816 -0.4710 0.8784
vn -0.0814 -0.4718 0.8779
vn -0.0815 -0.4719 0.8779
vn -0.0904 -0.4768 0.8743
vn -0.1128 -0.5006 0.8583
vn -0.1127 -0.5006 0.8583
vn -0.1218 -0.5073 0.8531
vn -0.0843 -0.4714 0.8779
vn -0.0842 -0.4715 0.8779
vn -0.0819 -0.4702 0.8788
vn -0.0813 -0.4704 0.8787
vn -0.1178 -0.5031 0.8562
vn -0.1175 -0.5031 0.8562
vn -0.1170 -0.5027 0.8565
vn -0.1171 -0.5027 0.8565
vn -0.0992 -0.4880 0.8672
vn -0.2353 -0.5164 0.8234
vn -0.2354 -0.5164 0.8234
vn -0.2411 0.5399 -0.8064
vn -0.2412 0.5399 -0.8064
vn 0.0178 0.5506 -0.8345
vn 0.0178 0.5506 -0.8346
vn 0.0178 0.5507 -0.8345
vn -0.0811 -0.4703 0.8788
vn -0.0954 -0.4793 0.8724
vt 0.000000 1.000000
s 1
usemtl Material.006
f 4325/19/1737 4326/19/1737 4327/19/1737
f 4325/19/1737 4327/19/1737 4328/19/1737
s 0
f 4329/19/1738 4330/19/1738 4331/19/1738
f 4329/19/1738 4331/19/1738 4332/19/1738
s 1
f 4333/19/1739 4334/19/1739 4335/19/1739
f 4333/19/1739 4335/19/1739 4336/19/1739
f 4337/19/1740 4338/19/1740 4339/19/1740
f 4337/19/1740 4339/19/1740 4340/19/1740
s 0
f 4341/19/1738 4342/19/1738 4343/19/1738
f 4341/19/1738 4343/19/1738 4344/19/1738
s 1
f 4345/19/1741 4346/19/1741 4347/19/1741
f 4345/19/1741 4347/19/1741 4348/19/1741
f 4349/19/1742 4350/19/1742 4351/19/1742
f 4349/19/1742 4351/19/1742 4352/19/1742
s 0
f 4353/19/1738 4354/19/1738 4355/19/1738
f 4353/19/1738 4355/19/1738 4356/19/1738
s 1
f 4357/19/1743 4358/19/1743 4359/19/1744
f 4357/19/1743 4359/19/1744 4360/19/1745
s 0
f 4361/19/1738 4362/19/1738 4363/19/1738
f 4361/19/1738 4363/19/1738 4364/19/1738
f 4365/19/1738 4366/19/1738 4367/19/1738
f 4365/19/1738 4367/19/1738 4368/19/1738
f 4369/19/1738 4370/19/1738 4371/19/1738
f 4369/19/1738 4371/19/1738 4372/19/1738
s 1
f 4373/19/1746 4374/19/1747 4375/19/1748
f 4373/19/1746 4375/19/1748 4376/19/1749
s 0
f 4377/19/1738 4378/19/1738 4379/19/1738
f 4377/19/1738 4379/19/1738 4380/19/1738
f 4381/19/1738 4382/19/1738 4383/19/1738
f 4381/19/1738 4383/19/1738 4384/19/1738
s 1
f 4385/19/1750 4386/19/1751 4387/19/1752
f 4385/19/1750 4387/19/1752 4388/19/1753
f 4389/19/1754 4390/19/1754 4391/19/1754
f 4389/19/1754 4391/19/1754 4392/19/1754
s 0
f 4393/19/1755 4394/19/1755 4395/19/1755
s 1
f 4393/19/1756 4395/19/1756 4396/19/1756
f 4397/19/1757 4398/19/1757 4399/19/1757
f 4397/19/1757 4399/19/1757 4400/19/1757
s 0
f 4401/19/1738 4402/19/1738 4403/19/1738
f 4401/19/1738 4403/19/1738 4404/19/1738
s 1
f 4405/19/1758 4406/19/1758 4407/19/1758
f 4405/19/1758 4407/19/1758 4408/19/1758
s 0
f 4409/19/1738 4410/19/1738 4411/19/1738
f 4409/19/1738 4411/19/1738 4412/19/1738
f 4413/19/1738 4414/19/1738 4415/19/1738
f 4413/19/1738 4415/19/1738 4416/19/1738
s 1
f 4417/19/1759 4418/19/1760 4419/19/1761
f 4417/19/1759 4419/19/1761 4420/19/1760
f 4421/19/1762 4422/19/1762 4423/19/1762
f 4421/19/1762 4423/19/1762 4424/19/1762
s 0
f 4425/19/1763 4426/19/1763 4427/19/1763
f 4425/19/1763 4427/19/1763 4428/19/1763
s 1
f 4429/19/1764 4430/19/1764 4431/19/1764
f 4429/19/1764 4431/19/1764 4432/19/1764
f 4433/19/1765 4434/19/1765 4435/19/1765
f 4433/19/1765 4435/19/1765 4436/19/1765
s 0
f 4437/19/1763 4438/19/1763 4439/19/1763
f 4437/19/1763 4439/19/1763 4440/19/1763
s 1
f 4441/19/1766 4442/19/1766 4443/19/1766
f 4441/19/1766 4443/19/1766 4444/19/1766
f 4445/19/1767 4446/19/1767 4447/19/1767
f 4445/19/1767 4447/19/1767 4448/19/1767
s 0
f 4449/19/1763 4450/19/1763 4451/19/1763
f 4449/19/1763 4451/19/1763 4452/19/1763
s 1
f 4453/19/1768 4454/19/1769 4455/19/1768
f 4453/19/1768 4455/19/1768 4456/19/1768
s 0
f 4457/19/1763 4458/19/1763 4459/19/1763
f 4457/19/1763 4459/19/1763 4460/19/1763
f 4461/19/1763 4462/19/1763 4463/19/1763
f 4461/19/1763 4463/19/1763 4464/19/1763
f 4465/19/1763 4466/19/1763 4467/19/1763
f 4465/19/1763 4467/19/1763 4468/19/1763
s 1
f 4469/19/1770 4470/19/1771 4471/19/1772
f 4469/19/1770 4471/19/1772 4472/19/1773
s 0
f 4473/19/1763 4474/19/1763 4475/19/1763
f 4473/19/1763 4475/19/1763 4476/19/1763
f 4477/19/1763 4478/19/1763 4479/19/1763
f 4477/19/1763 4479/19/1763 4480/19/1763
s 1
f 4481/19/1774 4482/19/1775 4483/19/1776
f 4481/19/1774 4483/19/1776 4484/19/1776
f 4485/19/1777 4486/19/1777 4487/19/1777
f 4485/19/1777 4487/19/1777 4488/19/1777
f 4489/19/1778 4490/19/1779 4491/19/1780
f 4489/19/1778 4491/19/1780 4492/19/1781
f 4493/19/1782 4494/19/1782 4495/19/1782
f 4493/19/1782 4495/19/1782 4496/19/1782
s 0
f 4497/19/1763 4498/19/1763 4499/19/1763
f 4497/19/1763 4499/19/1763 4500/19/1763
s 1
f 4501/19/1783 4502/19/1784 4503/19/1785
f 4501/19/1783 4503/19/1785 4504/19/1784
s 0
f 4505/19/1763 4506/19/1763 4507/19/1763
f 4505/19/1763 4507/19/1763 4508/19/1763
f 4509/19/1763 4510/19/1763 4511/19/1763
f 4509/19/1763 4511/19/1763 4512/19/1763
s 1
f 4513/19/1786 4514/19/1787 4515/19/1788
f 4513/19/1786 4515/19/1788 4516/19/1787
s 0
f 4517/19/1789 4518/19/1789 4519/19/1789
f 4517/19/1789 4519/19/1789 4520/19/1789
f 4521/19/1789 4522/19/1789 4523/19/1789
f 4521/19/1790 4523/19/1790 4524/19/1790
s 1
f 4525/19/1791 4526/19/1791 4527/19/1792
f 4525/19/1791 4527/19/1792 4528/19/1792
f 4529/19/1793 4530/19/1793 4531/19/1793
f 4529/19/1793 4531/19/1793 4532/19/1793
f 4533/19/1794 4534/19/1794 4535/19/1794
s 0
f 4533/19/1795 4535/19/1795 4536/19/1795
f 4537/19/1796 4538/19/1796 4539/19/1796
f 4537/19/1797 4539/19/1797 4540/19/1797
f 4541/19/1798 4542/19/1798 4543/19/1798
f 4541/19/1799 4543/19/1799 4544/19/1799
f 4545/19/1800 4546/19/1800 4547/19/1800
f 4545/19/1801 4547/19/1801 4548/19/1801
s 1
f 4549/19/1802 4550/19/1803 4551/19/1804
f 4549/19/1802 4551/19/1804 4552/19/1803
f 4553/19/1805 4554/19/1805 4555/19/1805
f 4553/19/1805 4555/19/1805 4556/19/1805
f 4557/19/1806 4558/19/1807 4559/19/1808
f 4557/19/1806 4559/19/1808 4560/19/1807
s 0
f 4561/19/1809 4562/19/1809 4563/19/1809
f 4561/19/1810 4563/19/1810 4564/19/1810
f 4565/19/1811 4566/19/1811 4567/19/1811
f 4565/19/1811 4567/19/1811 4568/19/1811
f 4569/19/1812 4570/19/1812 4571/19/1812
f 4569/19/1811 4571/19/1811 4572/19/1811
s 1
f 4573/19/1813 4574/19/1813 4575/19/1814
f 4573/19/1813 4575/19/1814 4576/19/1813
f 4577/19/1815 4578/19/1815 4579/19/1815
f 4577/19/1815 4579/19/1815 4580/19/1815
s 0
f 4581/19/1816 4582/19/1816 4583/19/1816
f 4581/19/1817 4583/19/1817 4584/19/1817
f 4585/19/1818 4586/19/1818 4587/19/1818
s 1
f 4585/19/1819 4587/19/1819 4588/19/1819
s 0
f 4589/19/1820 4590/19/1820 4591/19/1820
f 4589/19/1821 4591/19/1821 4592/19/1821
f 4593/19/1822 4594/19/1822 4595/19/1822
f 4593/19/1823 4595/19/1823 4596/19/1823
s 1
f 4597/19/1824 4598/19/1825 4599/19/1825
f 4597/19/1824 4599/19/1825 4600/19/1825
f 4601/19/1826 4602/19/1826 4603/19/1826
f 4601/19/1826 4603/19/1826 4604/19/1826
s 0
f 4605/19/1827 4606/19/1827 4607/19/1827
s 1
f 4605/19/1828 4607/19/1828 4608/19/1828
s 0
f 4609/19/1829 4610/19/1829 4611/19/1829
f 4609/19/1830 4611/19/1830 4612/19/1830
f 4613/19/1831 4614/19/1831 4615/19/1831
f 4613/19/1831 4615/19/1831 4616/19/1831
f 4617/19/1831 4618/19/1831 4619/19/1831
f 4617/19/1831 4619/19/1831 4620/19/1831
f 4621/19/1831 4622/19/1831 4623/19/1831
f 4621/19/1831 4623/19/1831 4624/19/1831
f 4625/19/1831 4626/19/1831 4627/19/1831
f 4625/19/1831 4627/19/1831 4628/19/1831
f 4629/19/1831 4630/19/1831 4631/19/1831
f 4629/19/1831 4631/19/1831 4632/19/1831
s 1
f 4633/19/1832 4634/19/1832 4635/19/1832
s 0
f 4633/19/1831 4635/19/1831 4636/19/1831
s 1
f 4637/19/1833 4638/19/1834 4639/19/1834
f 4637/19/1833 4639/19/1834 4640/19/1834
f 4641/19/1835 4642/19/1835 4643/19/1836
f 4641/19/1835 4643/19/1836 4644/19/1835
f 4645/19/1837 4646/19/1838 4647/19/1839
f 4645/19/1837 4647/19/1839 4648/19/1840
s 0
f 4649/19/1841 4650/19/1841 4651/19/1841
f 4649/19/1842 4651/19/1842 4652/19/1842
f 4653/19/1831 4654/19/1831 4655/19/1831
f 4653/19/1843 4655/19/1843 4656/19/1843
f 4657/19/1831 4658/19/1831 4659/19/1831
f 4657/19/1831 4659/19/1831 4660/19/1831
f 4661/19/1831 4662/19/1831 4663/19/1831
f 4661/19/1831 4663/19/1831 4664/19/1831
f 4665/19/1831 4666/19/1831 4667/19/1831
f 4665/19/1831 4667/19/1831 4668/19/1831
f 4669/19/1831 4670/19/1831 4671/19/1831
f 4669/19/1831 4671/19/1831 4672/19/1831
f 4673/19/1831 4674/19/1831 4675/19/1831
f 4673/19/1831 4675/19/1831 4676/19/1831
f 4677/19/1844 4678/19/1844 4679/19/1844
f 4677/19/1845 4679/19/1845 4680/19/1845
s 1
f 4681/19/1846 4682/19/1847 4683/19/1846
f 4681/19/1846 4683/19/1846 4684/19/1846
s 0
f 4685/19/1848 4686/19/1848 4687/19/1848
f 4685/19/1848 4687/19/1848 4688/19/1848
f 4689/19/1848 4690/19/1848 4691/19/1848
f 4689/19/1849 4691/19/1849 4692/19/1849
f 4693/19/1850 4694/19/1850 4695/19/1850
f 4693/19/1850 4695/19/1850 4696/19/1850
s 1
f 4697/19/1851 4698/19/1851 4699/19/1851
s 0
f 4697/19/1850 4699/19/1850 4700/19/1850
f 4701/19/1852 4702/19/1852 4703/19/1852
f 4701/19/1853 4703/19/1853 4704/19/1853
f 4705/19/1851 4706/19/1851 4707/19/1851
f 4705/19/1850 4707/19/1850 4708/19/1850
s 1
f 4709/19/1854 4710/19/1855 4711/19/1856
f 4709/19/1854 4711/19/1856 4712/19/1855
s 0
f 4713/19/1848 4714/19/1848 4715/19/1848
f 4713/19/1849 4715/19/1849 4716/19/1849
f 4717/19/1848 4718/19/1848 4719/19/1848
f 4717/19/1857 4719/19/1857 4720/19/1857
f 4721/19/1848 4722/19/1848 4723/19/1848
f 4721/19/1858 4723/19/1858 4724/19/1858
f 4725/19/1859 4726/19/1859 4727/19/1859
f 4725/19/1849 4727/19/1849 4728/19/1849
s 1
f 4729/19/1858 4730/19/1858 4731/19/1858
s 0
f 4729/19/1860 4731/19/1860 4732/19/1860
f 4733/19/1848 4734/19/1848 4735/19/1848
f 4733/19/1848 4735/19/1848 4736/19/1848
f 4737/19/1861 4738/19/1861 4739/19/1861
f 4737/19/1862 4739/19/1862 4740/19/1862
f 4741/19/1863 4742/19/1863 4743/19/1863
f 4741/19/1863 4743/19/1863 4744/19/1863
f 4745/19/1863 4746/19/1863 4747/19/1863
f 4745/19/1863 4747/19/1863 4748/19/1863
f 4749/19/1863 4750/19/1863 4751/19/1863
f 4749/19/1863 4751/19/1863 4752/19/1863
f 4753/19/1863 4754/19/1863 4755/19/1863
f 4753/19/1863 4755/19/1863 4756/19/1863
f 4757/19/1863 4758/19/1863 4759/19/1863
f 4757/19/1863 4759/19/1863 4760/19/1863
f 4761/19/1864 4762/19/1864 4763/19/1864
f 4761/19/1863 4763/19/1863 4764/19/1863
f 4765/19/1863 4766/19/1863 4767/19/1863
f 4765/19/1863 4767/19/1863 4768/19/1863
s 1
f 4769/19/1865 4770/19/1866 4771/19/1866
f 4769/19/1865 4771/19/1866 4772/19/1866
f 4773/19/1867 4774/19/1867 4775/19/1868
f 4773/19/1867 4775/19/1868 4776/19/1868
f 4777/19/1869 4778/19/1869 4779/19/1869
f 4777/19/1869 4779/19/1869 4780/19/1869
s 0
f 4781/19/1870 4782/19/1870 4783/19/1870
s 1
f 4781/19/1871 4783/19/1871 4784/19/1871
s 0
f 4785/19/1863 4786/19/1863 4787/19/1863
f 4785/19/1863 4787/19/1863 4788/19/1863
f 4789/19/1863 4790/19/1863 4791/19/1863
f 4789/19/1863 4791/19/1863 4792/19/1863
f 4793/19/1864 4794/19/1864 4795/19/1864
f 4793/19/1863 4795/19/1863 4796/19/1863
f 4797/19/1863 4798/19/1863 4799/19/1863
f 4797/19/1863 4799/19/1863 4800/19/1863
f 4801/19/1863 4802/19/1863 4803/19/1863
f 4801/19/1863 4803/19/1863 4804/19/1863
f 4805/19/1849 4806/19/1849 4807/19/1849
f 4805/19/1858 4807/19/1858 4808/19/1858
f 4809/19/1849 4810/19/1849 4811/19/1849
f 4809/19/1848 4811/19/1848 4812/19/1848
s 1
f 4813/19/1872 4814/19/1872 4815/19/1872
s 0
f 4813/19/1873 4815/19/1873 4816/19/1873
s 1
f 4817/19/1874 4818/19/1874 4819/19/1875
f 4817/19/1874 4819/19/1875 4820/19/1876
s 0
f 4821/19/1848 4822/19/1848 4823/19/1848
f 4821/19/1877 4823/19/1877 4824/19/1877
f 4825/19/1849 4826/19/1849 4827/19/1849
f 4825/19/1848 4827/19/1848 4828/19/1848
f 4829/19/1848 4830/19/1848 4831/19/1848
s 1
f 4829/19/1848 4831/19/1848 4832/19/1848
f 4833/19/1878 4834/19/1879 4835/19/1880
f 4833/19/1878 4835/19/1880 4836/19/1881
s 0
f 4837/19/1849 4838/19/1849 4839/19/1849
f 4837/19/1858 4839/19/1858 4840/19/1858
s 1
f 4841/19/1882 4842/19/1882 4843/19/1882
f 4841/19/1882 4843/19/1882 4844/19/1882
f 4845/19/1883 4846/19/1884 4847/19/1883
f 4845/19/1883 4847/19/1883 4848/19/1883
s 0
f 4849/19/1853 4850/19/1853 4851/19/1853
f 4849/19/1850 4851/19/1850 4852/19/1850
f 4853/19/1850 4854/19/1850 4855/19/1850
f 4853/19/1851 4855/19/1851 4856/19/1851
f 4857/19/1850 4858/19/1850 4859/19/1850
f 4857/19/1850 4859/19/1850 4860/19/1850
s 1
f 4861/19/1885 4862/19/1886 4863/19/1887
f 4861/19/1885 4863/19/1887 4864/19/1885
s 0
f 4865/19/1858 4866/19/1858 4867/19/1858
f 4865/19/1849 4867/19/1849 4868/19/1849
f 4869/19/1851 4870/19/1851 4871/19/1851
f 4869/19/1850 4871/19/1850 4872/19/1850
f 4873/19/1851 4874/19/1851 4875/19/1851
f 4873/19/1851 4875/19/1851 4876/19/1851
f 4877/19/1850 4878/19/1850 4879/19/1850
f 4877/19/1851 4879/19/1851 4880/19/1851
f 4881/19/1851 4882/19/1851 4883/19/1851
f 4881/19/1850 4883/19/1850 4884/19/1850
f 4885/19/1851 4886/19/1851 4887/19/1851
f 4885/19/1850 4887/19/1850 4888/19/1850
f 4889/19/1850 4890/19/1850 4891/19/1850
f 4889/19/1850 4891/19/1850 4892/19/1850
f 4893/19/1850 4894/19/1850 4895/19/1850
f 4893/19/1850 4895/19/1850 4896/19/1850
s 1
f 4897/19/1888 4898/19/1889 4899/19/1889
f 4897/19/1888 4899/19/1889 4900/19/1890
f 4901/19/1891 4902/19/1892 4903/19/1892
f 4901/19/1891 4903/19/1892 4904/19/1891
s 0
f 4905/19/1893 4906/19/1893 4907/19/1893
f 4905/19/1851 4907/19/1851 4908/19/1851
s 1
f 4909/19/1894 4910/19/1894 4911/19/1894
f 4909/19/1894 4911/19/1894 4912/19/1894
f 4913/19/1895 4914/19/1895 4915/19/1896
f 4913/19/1895 4915/19/1896 4916/19/1897
f 4917/19/1898 4918/19/1898 4919/19/1899
f 4917/19/1898 4919/19/1899 4920/19/1898
f 4921/19/1900 4922/19/1900 4923/19/1900
f 4921/19/1900 4923/19/1900 4924/19/1900
s 0
f 4925/19/1850 4926/19/1850 4927/19/1850
f 4925/19/1850 4927/19/1850 4928/19/1850
f 4929/19/1851 4930/19/1851 4931/19/1851
f 4929/19/1851 4931/19/1851 4932/19/1851
f 4933/19/1831 4934/19/1831 4935/19/1831
f 4933/19/1831 4935/19/1831 4936/19/1831
s 1
f 4937/19/1901 4938/19/1902 4939/19/1903
f 4937/19/1901 4939/19/1903 4940/19/1903
f 4941/19/1904 4942/19/1905 4943/19/1904
f 4941/19/1904 4943/19/1904 4944/19/1905
f 4945/19/1906 4946/19/1906 4947/19/1906
f 4945/19/1906 4947/19/1906 4948/19/1906
s 0
f 4949/19/1831 4950/19/1831 4951/19/1831
f 4949/19/1831 4951/19/1831 4952/19/1831
f 4953/19/1831 4954/19/1831 4955/19/1831
f 4953/19/1831 4955/19/1831 4956/19/1831
s 1
f 4957/19/1831 4958/19/1831 4959/19/1831
s 0
f 4957/19/1831 4959/19/1831 4960/19/1831
s 1
f 4961/19/1907 4962/19/1907 4963/19/1908
f 4961/19/1907 4963/19/1908 4964/19/1909
f 4965/19/1910 4966/19/1911 4967/19/1910
f 4965/19/1910 4967/19/1910 4968/19/1911
s 0
f 4969/19/1851 4970/19/1851 4971/19/1851
f 4969/19/1853 4971/19/1853 4972/19/1853
f 4973/19/1850 4974/19/1850 4975/19/1850
f 4973/19/1851 4975/19/1851 4976/19/1851
f 4977/19/1850 4978/19/1850 4979/19/1850
f 4977/19/1851 4979/19/1851 4980/19/1851
f 4981/19/1912 4982/19/1912 4983/19/1912
f 4981/19/1852 4983/19/1852 4984/19/1852
s 1
f 4985/19/1913 4986/19/1913 4987/19/1913
f 4985/19/1913 4987/19/1913 4988/19/1913
s 0
f 4989/19/1914 4990/19/1914 4991/19/1914
s 1
f 4989/19/1843 4991/19/1843 4992/19/1843
s 0
f 4993/19/1831 4994/19/1831 4995/19/1831
f 4993/19/1831 4995/19/1831 4996/19/1831
f 4997/19/1863 4998/19/1863 4999/19/1863
f 4997/19/1863 4999/19/1863 5000/19/1863
s 1
f 5001/19/1915 5002/19/1915 5003/19/1915
f 5001/19/1915 5003/19/1915 5004/19/1915
s 0
f 5005/19/1863 5006/19/1863 5007/19/1863
f 5005/19/1863 5007/19/1863 5008/19/1863
f 5009/19/1863 5010/19/1863 5011/19/1863
f 5009/19/1863 5011/19/1863 5012/19/1863
s 1
f 5013/19/1916 5014/19/1916 5015/19/1917
f 5013/19/1916 5015/19/1917 5016/19/1917
f 5017/19/1918 5018/19/1919 5019/19/1920
f 5017/19/1918 5019/19/1920 5020/19/1918
f 5021/19/1921 5022/19/1922 5023/19/1922
f 5021/19/1921 5023/19/1922 5024/19/1922
f 5025/19/1923 5026/19/1923 5027/19/1924
f 5025/19/1923 5027/19/1924 5028/19/1923
f 5029/19/1925 5030/19/1925 5031/19/1925
f 5029/19/1925 5031/19/1925 5032/19/1925
f 5033/19/1926 5034/19/1926 5035/19/1927
f 5033/19/1926 5035/19/1927 5036/19/1927
f 5037/19/1928 5038/19/1928 5039/19/1928
f 5037/19/1928 5039/19/1928 5040/19/1928
s 0
f 5041/19/1863 5042/19/1863 5043/19/1863
f 5041/19/1863 5043/19/1863 5044/19/1863
f 5045/19/1863 5046/19/1863 5047/19/1863
f 5045/19/1863 5047/19/1863 5048/19/1863
f 5049/19/1863 5050/19/1863 5051/19/1863
f 5049/19/1863 5051/19/1863 5052/19/1863
f 5053/19/1863 5054/19/1863 5055/19/1863
f 5053/19/1863 5055/19/1863 5056/19/1863
f 5057/19/1863 5058/19/1863 5059/19/1863
f 5057/19/1863 5059/19/1863 5060/19/1863
s 1
f 5061/19/1929 5062/19/1929 5063/19/1930
f 5061/19/1929 5063/19/1930 5064/19/1929
s 0
f 5065/19/1931 5066/19/1931 5067/19/1931
f 5065/19/1932 5067/19/1932 5068/19/1932
f 5069/19/1848 5070/19/1848 5071/19/1848
f 5069/19/1877 5071/19/1877 5072/19/1877
f 5073/19/1857 5074/19/1857 5075/19/1857
f 5073/19/1858 5075/19/1858 5076/19/1858
f 5077/19/1863 5078/19/1863 5079/19/1863
f 5077/19/1863 5079/19/1863 5080/19/1863
f 5081/19/1933 5082/19/1933 5083/19/1933
f 5081/19/1934 5083/19/1934 5084/19/1934
s 1
f 5085/19/1935 5086/19/1936 5087/19/1935
f 5085/19/1935 5087/19/1935 5088/19/1936
f 5089/19/1937 5090/19/1937 5091/19/1937
f 5089/19/1937 5091/19/1937 5092/19/1937
f 5093/19/1938 5094/19/1938 5095/19/1939
f 5093/19/1938 5095/19/1939 5096/19/1939
f 5097/19/1940 5098/19/1941 5099/19/1941
f 5097/19/1940 5099/19/1941 5100/19/1941
f 5101/19/1942 5102/19/1943 5103/19/1944
f 5101/19/1942 5103/19/1944 5104/19/1944
s 0
f 5105/19/1859 5106/19/1859 5107/19/1859
f 5105/19/1945 5107/19/1945 5108/19/1945
f 5109/19/1848 5110/19/1848 5111/19/1848
f 5109/19/1848 5111/19/1848 5112/19/1848
f 5113/19/1858 5114/19/1858 5115/19/1858
f 5113/19/1848 5115/19/1848 5116/19/1848
f 5117/19/1877 5118/19/1877 5119/19/1877
f 5117/19/1858 5119/19/1858 5120/19/1858
s 1
f 5121/19/1946 5122/19/1946 5123/19/1946
f 5121/19/1946 5123/19/1946 5124/19/1946
o Circle_Material.008_0
v -0.006755 0.307889 0.225193
v -0.000328 0.308973 0.226365
v -0.007583 0.308517 0.225452
v -0.007583 0.308517 0.225452
v -0.000328 0.308973 0.226365
v -0.008301 0.309160 0.225730
v -0.008301 0.309160 0.225730
v -0.000328 0.308973 0.226365
v -0.008895 0.309812 0.226024
v -0.008895 0.309812 0.226024
v -0.000328 0.308973 0.226365
v -0.009349 0.310465 0.226331
v -0.006882 0.312532 0.227665
v -0.000328 0.308973 0.226365
v -0.003806 0.312648 0.228011
v -0.003806 0.312648 0.228011
v -0.000328 0.308973 0.226365
v -0.000077 0.312581 0.228319
v -0.000077 0.312581 0.228319
v -0.000328 0.308973 0.226365
v 0.001676 0.312575 0.228168
v 0.001676 0.312575 0.228168
v -0.000328 0.308973 0.226365
v 0.004760 0.312467 0.227826
v 0.004760 0.312467 0.227826
v -0.000328 0.308973 0.226365
v 0.006582 0.312141 0.227483
v 0.006582 0.312141 0.227483
v -0.000328 0.308973 0.226365
v 0.007385 0.311651 0.227147
v 0.007385 0.311651 0.227147
v -0.000328 0.308973 0.226365
v 0.007534 0.311064 0.226819
v 0.007534 0.311064 0.226819
v -0.000328 0.308973 0.226365
v 0.007290 0.310427 0.226501
v 0.004753 0.307853 0.225358
v -0.000328 0.308973 0.226365
v 0.003839 0.307246 0.225118
v 0.003839 0.307246 0.225118
v -0.000328 0.308973 0.226365
v 0.002832 0.306688 0.224912
v 0.002832 0.306688 0.224912
v -0.000328 0.308973 0.226365
v 0.001731 0.306204 0.224755
v 0.001731 0.306204 0.224755
v -0.000328 0.308973 0.226365
v 0.000539 0.305824 0.224662
v -0.002512 0.305883 0.224511
v -0.000328 0.308973 0.226365
v -0.003708 0.306256 0.224600
v -0.003708 0.306256 0.224600
v -0.000328 0.308973 0.226365
v -0.004815 0.306733 0.224753
v -0.004815 0.306733 0.224753
v -0.000328 0.308973 0.226365
v -0.005831 0.307286 0.224955
v -0.005831 0.307286 0.224955
v -0.000328 0.308973 0.226365
v -0.006755 0.307889 0.225193
v -0.009349 0.310465 0.226331
v -0.000328 0.308973 0.226365
v -0.009611 0.311107 0.226651
v -0.009611 0.311107 0.226651
v -0.000328 0.308973 0.226365
v -0.009479 0.311701 0.226980
v -0.009479 0.311701 0.226980
v -0.000328 0.308973 0.226365
v -0.008693 0.312197 0.227319
v -0.008693 0.312197 0.227319
v -0.000328 0.308973 0.226365
v -0.006882 0.312532 0.227665
v 0.007290 0.310427 0.226501
v -0.000328 0.308973 0.226365
v 0.006853 0.309777 0.226193
v 0.006853 0.309777 0.226193
v -0.000328 0.308973 0.226365
v 0.006274 0.309126 0.225899
v 0.006274 0.309126 0.225899
v -0.000328 0.308973 0.226365
v 0.005569 0.308483 0.225620
v 0.005569 0.308483 0.225620
v -0.000328 0.308973 0.226365
v 0.004753 0.307853 0.225358
v 0.000539 0.305824 0.224662
v -0.000328 0.308973 0.226365
v 0.000024 0.305600 0.224587
v 0.000024 0.305600 0.224587
v -0.000328 0.308973 0.226365
v -0.000069 0.305529 0.224547
v -0.000069 0.305529 0.224547
v -0.000328 0.308973 0.226365
v -0.001234 0.305637 0.224497
v -0.001234 0.305637 0.224497
v -0.000328 0.308973 0.226365
v -0.002512 0.305883 0.224511
v 0.161806 0.231079 0.044285
v 0.147687 0.240405 0.041669
v 0.147854 0.240706 0.044047
v 0.161806 0.231079 0.044285
v 0.161618 0.230786 0.041872
v 0.147687 0.240405 0.041669
v 0.129839 0.247342 0.068807
v 0.130502 0.247952 0.065441
v 0.130065 0.247742 0.067119
v 0.129839 0.247342 0.068807
v 0.131124 0.247959 0.063876
v 0.130502 0.247952 0.065441
v 0.129839 0.246776 0.070400
v 0.131124 0.247959 0.063876
v 0.129839 0.247342 0.068807
v 0.129839 0.246776 0.070400
v 0.131920 0.247768 0.062433
v 0.131124 0.247959 0.063876
v 0.130057 0.246053 0.071889
v 0.131920 0.247768 0.062433
v 0.129839 0.246776 0.070400
v 0.130057 0.246053 0.071889
v 0.132933 0.247331 0.061119
v 0.131920 0.247768 0.062433
v 0.130495 0.245179 0.073262
v 0.132933 0.247331 0.061119
v 0.130057 0.246053 0.071889
v 0.130495 0.245179 0.073262
v 0.134317 0.247048 0.059882
v 0.132933 0.247331 0.061119
v 0.131121 0.244178 0.074522
v 0.134317 0.247048 0.059882
v 0.130495 0.245179 0.073262
v 0.131121 0.244178 0.074522
v 0.135897 0.246730 0.058739
v 0.134317 0.247048 0.059882
v 0.131951 0.243043 0.075654
v 0.133314 0.244787 0.067229
v 0.131121 0.244178 0.074522
v 0.133314 0.244787 0.067229
v 0.135897 0.246730 0.058739
v 0.131121 0.244178 0.074522
v 0.131951 0.243043 0.075654
v 0.133364 0.244428 0.068242
v 0.133314 0.244787 0.067229
v 0.133411 0.244997 0.066243
v 0.135897 0.246730 0.058739
v 0.133314 0.244787 0.067229
v 0.131951 0.243043 0.075654
v 0.133406 0.244069 0.069148
v 0.133364 0.244428 0.068242
v 0.134062 0.244811 0.065384
v 0.135897 0.246730 0.058739
v 0.133411 0.244997 0.066243
v 0.134062 0.244811 0.065384
v 0.137602 0.246220 0.057746
v 0.135897 0.246730 0.058739
v 0.132970 0.241790 0.076646
v 0.133406 0.244069 0.069148
v 0.131951 0.243043 0.075654
v 0.132970 0.241790 0.076646
v 0.133601 0.243598 0.069988
v 0.133406 0.244069 0.069148
v 0.134568 0.244654 0.064540
v 0.137602 0.246220 0.057746
v 0.134062 0.244811 0.065384
v 0.132970 0.241790 0.076646
v 0.133946 0.243019 0.070760
v 0.133601 0.243598 0.069988
v 0.135251 0.244317 0.063823
v 0.137602 0.246220 0.057746
v 0.134568 0.244654 0.064540
v 0.132970 0.241790 0.076646
v 0.134437 0.242336 0.071461
v 0.133946 0.243019 0.070760
v 0.136035 0.243858 0.063176
v 0.137602 0.246220 0.057746
v 0.135251 0.244317 0.063823
v 0.136035 0.243858 0.063176
v 0.139426 0.245506 0.056930
v 0.137602 0.246220 0.057746
v 0.134171 0.240428 0.077492
v 0.134437 0.242336 0.071461
v 0.132970 0.241790 0.076646
v 0.134171 0.240428 0.077492
v 0.135071 0.241553 0.072088
v 0.134437 0.242336 0.071461
v 0.137026 0.243379 0.062611
v 0.139426 0.245506 0.056930
v 0.136035 0.243858 0.063176
v 0.134171 0.240428 0.077492
v 0.135844 0.240675 0.072637
v 0.135071 0.241553 0.072088
v 0.138229 0.242896 0.062094
v 0.139426 0.245506 0.056930
v 0.137026 0.243379 0.062611
v 0.138229 0.242896 0.062094
v 0.141343 0.244607 0.056296
v 0.139426 0.245506 0.056930
v 0.135546 0.238967 0.078185
v 0.135844 0.240675 0.072637
v 0.134171 0.240428 0.077492
v 0.135546 0.238967 0.078185
v 0.136752 0.239706 0.073105
v 0.135844 0.240675 0.072637
v 0.139500 0.242306 0.061665
v 0.141343 0.244607 0.056296
v 0.138229 0.242896 0.062094
v 0.139500 0.242306 0.061665
v 0.143337 0.243533 0.055844
v 0.141343 0.244607 0.056296
v 0.137089 0.237415 0.078715
v 0.136752 0.239706 0.073105
v 0.135546 0.238967 0.078185
v 0.137089 0.237415 0.078715
v 0.137791 0.238651 0.073490
v 0.136752 0.239706 0.073105
v 0.140860 0.241590 0.061332
v 0.143337 0.243533 0.055844
v 0.139500 0.242306 0.061665
v 0.137089 0.237415 0.078715
v 0.138958 0.237515 0.073788
v 0.137791 0.238651 0.073490
v 0.142305 0.240750 0.061097
v 0.143337 0.243533 0.055844
v 0.140860 0.241590 0.061332
v 0.142305 0.240750 0.061097
v 0.145399 0.242288 0.055580
v 0.143337 0.243533 0.055844
v 0.138791 0.235784 0.079075
v 0.138958 0.237515 0.073788
v 0.137089 0.237415 0.078715
v 0.138791 0.235784 0.079075
v 0.140249 0.236301 0.073995
v 0.138958 0.237515 0.073788
v 0.143828 0.239789 0.060965
v 0.145399 0.242288 0.055580
v 0.142305 0.240750 0.061097
v 0.143828 0.239789 0.060965
v 0.147514 0.240876 0.055513
v 0.145399 0.242288 0.055580
v 0.140646 0.234081 0.079255
v 0.140249 0.236301 0.073995
v 0.138791 0.235784 0.079075
v 0.140646 0.234081 0.079255
v 0.141659 0.235014 0.074110
v 0.140249 0.236301 0.073995
v 0.145422 0.238708 0.060937
v 0.147514 0.240876 0.055513
v 0.143828 0.239789 0.060965
v 0.142538 0.232413 0.079245
v 0.141659 0.235014 0.074110
v 0.140646 0.234081 0.079255
v 0.142538 0.232413 0.079245
v 0.143089 0.233745 0.074125
v 0.141659 0.235014 0.074110
v 0.146976 0.237586 0.061015
v 0.147514 0.240876 0.055513
v 0.145422 0.238708 0.060937
v 0.146976 0.237586 0.061015
v 0.149552 0.239383 0.055646
v 0.147514 0.240876 0.055513
v 0.142538 0.232413 0.079245
v 0.144438 0.232584 0.074037
v 0.143089 0.233745 0.074125
v 0.148379 0.236500 0.061193
v 0.149552 0.239383 0.055646
v 0.146976 0.237586 0.061015
v 0.148379 0.236500 0.061193
v 0.151386 0.237902 0.055971
v 0.149552 0.239383 0.055646
v 0.144350 0.230882 0.079046
v 0.144438 0.232584 0.074037
v 0.142538 0.232413 0.079245
v 0.144350 0.230882 0.079046
v 0.145700 0.231536 0.073851
v 0.144438 0.232584 0.074037
v 0.149627 0.235456 0.061470
v 0.151386 0.237902 0.055971
v 0.148379 0.236500 0.061193
v 0.149627 0.235456 0.061470
v 0.153010 0.236444 0.056480
v 0.151386 0.237902 0.055971
v 0.146072 0.229496 0.078665
v 0.145700 0.231536 0.073851
v 0.144350 0.230882 0.079046
v 0.146072 0.229496 0.078665
v 0.146871 0.230602 0.073567
v 0.145700 0.231536 0.073851
v 0.150716 0.234458 0.061841
v 0.153010 0.236444 0.056480
v 0.149627 0.235456 0.061470
v 0.146072 0.229496 0.078665
v 0.147946 0.229787 0.073189
v 0.146871 0.230602 0.073567
v 0.151643 0.233511 0.062305
v 0.153010 0.236444 0.056480
v 0.150716 0.234458 0.061841
v 0.151643 0.233511 0.062305
v 0.154417 0.235019 0.057164
v 0.153010 0.236444 0.056480
v 0.147693 0.228261 0.078109
v 0.147946 0.229787 0.073189
v 0.146072 0.229496 0.078665
v 0.147693 0.228261 0.078109
v 0.148919 0.229093 0.072719
v 0.147946 0.229787 0.073189
v 0.152404 0.232620 0.062857
v 0.154417 0.235019 0.057164
v 0.151643 0.233511 0.062305
v 0.152404 0.232620 0.062857
v 0.155601 0.233638 0.058015
v 0.154417 0.235019 0.057164
v 0.149204 0.227184 0.077385
v 0.148919 0.229093 0.072719
v 0.147693 0.228261 0.078109
v 0.149204 0.227184 0.077385
v 0.149790 0.228522 0.072161
v 0.148919 0.229093 0.072719
v 0.152995 0.231788 0.063495
v 0.155601 0.233638 0.058015
v 0.152404 0.232620 0.062857
v 0.149204 0.227184 0.077385
v 0.150628 0.228082 0.071505
v 0.149790 0.228522 0.072161
v 0.153413 0.231021 0.064215
v 0.155601 0.233638 0.058015
v 0.152995 0.231788 0.063495
v 0.150596 0.226271 0.076489
v 0.150628 0.228082 0.071505
v 0.149204 0.227184 0.077385
v 0.153413 0.231021 0.064215
v 0.156554 0.232309 0.059024
v 0.155601 0.233638 0.058015
v 0.150596 0.226271 0.076489
v 0.151522 0.227984 0.070713
v 0.150628 0.228082 0.071505
v 0.153655 0.230323 0.065014
v 0.156554 0.232309 0.059024
v 0.153413 0.231021 0.064215
v 0.150596 0.226271 0.076489
v 0.152298 0.228007 0.069847
v 0.151522 0.227984 0.070713
v 0.153716 0.229698 0.065889
v 0.156554 0.232309 0.059024
v 0.153655 0.230323 0.065014
v 0.150596 0.226271 0.076489
v 0.152879 0.228266 0.068883
v 0.152298 0.228007 0.069847
v 0.153593 0.229152 0.066837
v 0.156554 0.232309 0.059024
v 0.153716 0.229698 0.065889
v 0.151832 0.225555 0.075421
v 0.152879 0.228266 0.068883
v 0.150596 0.226271 0.076489
v 0.153593 0.229152 0.066837
v 0.157270 0.231044 0.060185
v 0.156554 0.232309 0.059024
v 0.151832 0.225555 0.075421
v 0.153340 0.228631 0.067866
v 0.152879 0.228266 0.068883
v 0.153340 0.228631 0.067866
v 0.157270 0.231044 0.060185
v 0.153593 0.229152 0.066837
v 0.151832 0.225555 0.075421
v 0.157270 0.231044 0.060185
v 0.153340 0.228631 0.067866
v 0.152917 0.225015 0.074217
v 0.157270 0.231044 0.060185
v 0.151832 0.225555 0.075421
v 0.152917 0.225015 0.074217
v 0.157737 0.229857 0.061485
v 0.157270 0.231044 0.060185
v 0.154065 0.224798 0.072880
v 0.157737 0.229857 0.061485
v 0.152917 0.225015 0.074217
v 0.154065 0.224798 0.072880
v 0.157967 0.228748 0.062913
v 0.157737 0.229857 0.061485
v 0.155281 0.224989 0.071346
v 0.157967 0.228748 0.062913
v 0.154065 0.224798 0.072880
v 0.155281 0.224989 0.071346
v 0.157933 0.227737 0.064468
v 0.157967 0.228748 0.062913
v 0.156268 0.225413 0.069687
v 0.157933 0.227737 0.064468
v 0.155281 0.224989 0.071346
v 0.156268 0.225413 0.069687
v 0.157636 0.226831 0.066138
v 0.157933 0.227737 0.064468
v 0.157069 0.226040 0.067915
v 0.157636 0.226831 0.066138
v 0.156268 0.225413 0.069687
v 0.147687 0.240405 0.041669
v 0.147498 0.240116 0.039273
v 0.133568 0.249731 0.039054
v 0.147687 0.240405 0.041669
v 0.161618 0.230786 0.041872
v 0.147498 0.240116 0.039273
v 0.161618 0.230786 0.041872
v 0.161431 0.230493 0.039455
v 0.147498 0.240116 0.039273
v 0.147854 0.240706 0.044047
v 0.133734 0.250035 0.041448
v 0.133901 0.250339 0.043846
v 0.147854 0.240706 0.044047
v 0.147687 0.240405 0.041669
v 0.133734 0.250035 0.041448
v 0.147687 0.240405 0.041669
v 0.133568 0.249731 0.039054
v 0.133734 0.250035 0.041448
v -0.021246 0.307743 0.223777
v -0.014414 0.308130 0.224614
v -0.015784 0.309347 0.225139
v -0.023267 0.309534 0.224548
v -0.014414 0.308130 0.224614
v -0.007583 0.308517 0.225452
v -0.008301 0.309160 0.225730
v -0.015784 0.309347 0.225139
v -0.023267 0.309534 0.224548
v -0.015784 0.309347 0.225139
v -0.016919 0.310580 0.225694
v -0.024942 0.311348 0.225364
v -0.015784 0.309347 0.225139
v -0.008301 0.309160 0.225730
v -0.008895 0.309812 0.226024
v -0.016919 0.310580 0.225694
v -0.024378 0.305521 0.222235
v -0.018923 0.305995 0.223056
v -0.021246 0.307743 0.223777
v -0.027378 0.307869 0.223193
v -0.018923 0.305995 0.223056
v -0.012839 0.306942 0.224124
v -0.014414 0.308130 0.224614
v -0.021246 0.307743 0.223777
v -0.012839 0.306942 0.224124
v -0.006755 0.307889 0.225193
v -0.007583 0.308517 0.225452
v -0.014414 0.308130 0.224614
v -0.016919 0.310580 0.225694
v -0.008895 0.309812 0.226024
v -0.009349 0.310465 0.226331
v -0.017788 0.311816 0.226275
v -0.024942 0.311348 0.225364
v -0.016919 0.310580 0.225694
v -0.017788 0.311816 0.226275
v -0.026227 0.313167 0.226218
v -0.032305 0.312554 0.225282
v -0.024942 0.311348 0.225364
v -0.026227 0.313167 0.226218
v -0.034168 0.314815 0.226351
v -0.030019 0.310224 0.224216
v -0.023267 0.309534 0.224548
v -0.024942 0.311348 0.225364
v -0.032305 0.312554 0.225282
v -0.027378 0.307869 0.223193
v -0.021246 0.307743 0.223777
v -0.023267 0.309534 0.224548
v -0.030019 0.310224 0.224216
v -0.012689 0.319572 0.230895
v -0.007720 0.316019 0.229453
v -0.000081 0.315850 0.230068
v -0.000131 0.319205 0.231858
v -0.007720 0.316019 0.229453
v -0.003806 0.312648 0.228011
v -0.000077 0.312581 0.228319
v -0.000081 0.315850 0.230068
v -0.000131 0.319205 0.231858
v -0.000081 0.315850 0.230068
v 0.005507 0.315950 0.229621
v 0.010389 0.319509 0.231073
v -0.000081 0.315850 0.230068
v -0.000077 0.312581 0.228319
v 0.001676 0.312575 0.228168
v 0.005507 0.315950 0.229621
v -0.037281 0.324001 0.231422
v -0.022501 0.319423 0.229909
v -0.012689 0.319572 0.230895
v -0.018734 0.323306 0.232334
v -0.022501 0.319423 0.229909
v -0.013753 0.315825 0.228792
v -0.007720 0.316019 0.229453
v -0.012689 0.319572 0.230895
v -0.013753 0.315825 0.228792
v -0.006882 0.312532 0.227665
v -0.003806 0.312648 0.228011
v -0.007720 0.316019 0.229453
v 0.005507 0.315950 0.229621
v 0.001676 0.312575 0.228168
v 0.004760 0.312467 0.227826
v 0.011553 0.315773 0.228967
v 0.010389 0.319509 0.231073
v 0.005507 0.315950 0.229621
v 0.011553 0.315773 0.228967
v 0.020217 0.319385 0.230100
v 0.016343 0.323248 0.232524
v 0.010389 0.319509 0.231073
v 0.020217 0.319385 0.230100
v 0.034889 0.323978 0.231640
v -0.000188 0.322611 0.233675
v -0.000131 0.319205 0.231858
v 0.010389 0.319509 0.231073
v 0.016343 0.323248 0.232524
v -0.018734 0.323306 0.232334
v -0.012689 0.319572 0.230895
v -0.000131 0.319205 0.231858
v -0.000188 0.322611 0.233675
v 0.024210 0.318298 0.229150
v 0.014849 0.315130 0.228319
v 0.016067 0.314156 0.227685
v 0.025084 0.316715 0.228222
v 0.014849 0.315130 0.228319
v 0.006582 0.312141 0.227483
v 0.007385 0.311651 0.227147
v 0.016067 0.314156 0.227685
v 0.025084 0.316715 0.228222
v 0.016067 0.314156 0.227685
v 0.016201 0.313022 0.227067
v 0.024910 0.314987 0.227314
v 0.016067 0.314156 0.227685
v 0.007385 0.311651 0.227147
v 0.007534 0.311064 0.226819
v 0.016201 0.313022 0.227067
v 0.034889 0.323978 0.231640
v 0.020217 0.319385 0.230100
v 0.024210 0.318298 0.229150
v 0.034668 0.321645 0.230221
v 0.020217 0.319385 0.230100
v 0.011553 0.315773 0.228967
v 0.014849 0.315130 0.228319
v 0.024210 0.318298 0.229150
v 0.011553 0.315773 0.228967
v 0.004760 0.312467 0.227826
v 0.006582 0.312141 0.227483
v 0.014849 0.315130 0.228319
v 0.016201 0.313022 0.227067
v 0.007534 0.311064 0.226819
v 0.007290 0.310427 0.226501
v 0.015711 0.311813 0.226465
v 0.024910 0.314987 0.227314
v 0.016201 0.313022 0.227067
v 0.015711 0.311813 0.226465
v 0.024131 0.313199 0.226429
v 0.033644 0.316956 0.227560
v 0.024910 0.314987 0.227314
v 0.024131 0.313199 0.226429
v 0.032552 0.314586 0.226444
v 0.034301 0.319307 0.228758
v 0.025084 0.316715 0.228222
v 0.024910 0.314987 0.227314
v 0.033644 0.316956 0.227560
v 0.034668 0.321645 0.230221
v 0.024210 0.318298 0.229150
v 0.025084 0.316715 0.228222
v 0.034301 0.319307 0.228758
v 0.014428 0.304346 0.222589
v 0.009134 0.305796 0.223853
v 0.007221 0.304739 0.223465
v 0.011610 0.302791 0.222017
v 0.009134 0.305796 0.223853
v 0.003839 0.307246 0.225118
v 0.002832 0.306688 0.224912
v 0.007221 0.304739 0.223465
v 0.011610 0.302791 0.222017
v 0.007221 0.304739 0.223465
v 0.005134 0.303825 0.223168
v 0.008537 0.301446 0.221581
v 0.007221 0.304739 0.223465
v 0.002832 0.306688 0.224912
v 0.001731 0.306204 0.224755
v 0.005134 0.303825 0.223168
v 0.022771 0.305430 0.222398
v 0.016987 0.306034 0.223255
v 0.014428 0.304346 0.222589
v 0.019722 0.302896 0.221324
v 0.016987 0.306034 0.223255
v 0.010870 0.306943 0.224307
v 0.009134 0.305796 0.223853
v 0.014428 0.304346 0.222589
v 0.010870 0.306943 0.224307
v 0.004753 0.307853 0.225358
v 0.003839 0.307246 0.225118
v 0.009134 0.305796 0.223853
v 0.005134 0.303825 0.223168
v 0.001731 0.306204 0.224755
v 0.000539 0.305824 0.224662
v 0.002876 0.303105 0.222992
v 0.008537 0.301446 0.221581
v 0.005134 0.303825 0.223168
v 0.002876 0.303105 0.222992
v 0.005213 0.300387 0.221322
v 0.011941 0.299067 0.219994
v 0.008537 0.301446 0.221581
v 0.005213 0.300387 0.221322
v 0.007550 0.297668 0.219651
v 0.016000 0.300843 0.220569
v 0.011610 0.302791 0.222017
v 0.008537 0.301446 0.221581
v 0.011941 0.299067 0.219994
v 0.019722 0.302896 0.221324
v 0.014428 0.304346 0.222589
v 0.011610 0.302791 0.222017
v 0.016000 0.300843 0.220569
v -0.010405 0.301450 0.221411
v -0.007057 0.303853 0.223005
v -0.009155 0.304755 0.223294
v -0.013495 0.302777 0.221835
v -0.007057 0.303853 0.223005
v -0.003708 0.306256 0.224600
v -0.004815 0.306733 0.224753
v -0.009155 0.304755 0.223294
v -0.013495 0.302777 0.221835
v -0.009155 0.304755 0.223294
v -0.011083 0.305802 0.223676
v -0.016336 0.304317 0.222397
v -0.009155 0.304755 0.223294
v -0.004815 0.306733 0.224753
v -0.005831 0.307286 0.224955
v -0.011083 0.305802 0.223676
v -0.009346 0.297676 0.219489
v -0.007068 0.300411 0.221163
v -0.010405 0.301450 0.221411
v -0.013577 0.299189 0.219912
v -0.007068 0.300411 0.221163
v -0.004790 0.303147 0.222837
v -0.007057 0.303853 0.223005
v -0.010405 0.301450 0.221411
v -0.004790 0.303147 0.222837
v -0.002512 0.305883 0.224511
v -0.003708 0.306256 0.224600
v -0.007057 0.303853 0.223005
v -0.011083 0.305802 0.223676
v -0.005831 0.307286 0.224955
v -0.006755 0.307889 0.225193
v -0.012839 0.306942 0.224124
v -0.016336 0.304317 0.222397
v -0.011083 0.305802 0.223676
v -0.012839 0.306942 0.224124
v -0.018923 0.305995 0.223056
v -0.021055 0.303231 0.221349
v -0.016336 0.304317 0.222397
v -0.018923 0.305995 0.223056
v -0.024378 0.305521 0.222235
v -0.017452 0.301111 0.220572
v -0.013495 0.302777 0.221835
v -0.016336 0.304317 0.222397
v -0.021055 0.303231 0.221349
v -0.013577 0.299189 0.219912
v -0.010405 0.301450 0.221411
v -0.013495 0.302777 0.221835
v -0.017452 0.301111 0.220572
v -0.027055 0.314967 0.227105
v -0.018312 0.313034 0.226878
v -0.018212 0.314179 0.227500
v -0.027280 0.316712 0.228018
v -0.018312 0.313034 0.226878
v -0.009611 0.311107 0.226651
v -0.009479 0.311701 0.226980
v -0.018212 0.314179 0.227500
v -0.027280 0.316712 0.228018
v -0.018212 0.314179 0.227500
v -0.017025 0.315167 0.228138
v -0.026455 0.318315 0.228951
v -0.018212 0.314179 0.227500
v -0.009479 0.311701 0.226980
v -0.008693 0.312197 0.227319
v -0.017025 0.315167 0.228138
v -0.034168 0.314815 0.226351
v -0.026227 0.313167 0.226218
v -0.027055 0.314967 0.227105
v -0.035529 0.317024 0.227423
v -0.026227 0.313167 0.226218
v -0.017788 0.311816 0.226275
v -0.018312 0.313034 0.226878
v -0.027055 0.314967 0.227105
v -0.017788 0.311816 0.226275
v -0.009349 0.310465 0.226331
v -0.009611 0.311107 0.226651
v -0.018312 0.313034 0.226878
v -0.017025 0.315167 0.228138
v -0.008693 0.312197 0.227319
v -0.006882 0.312532 0.227665
v -0.013753 0.315825 0.228792
v -0.026455 0.318315 0.228951
v -0.017025 0.315167 0.228138
v -0.013753 0.315825 0.228792
v -0.022501 0.319423 0.229909
v -0.036987 0.321642 0.230100
v -0.026455 0.318315 0.228951
v -0.022501 0.319423 0.229909
v -0.037281 0.324001 0.231422
v -0.036502 0.319264 0.228737
v -0.027280 0.316712 0.228018
v -0.026455 0.318315 0.228951
v -0.036987 0.321642 0.230100
v -0.035529 0.317024 0.227423
v -0.027055 0.314967 0.227105
v -0.027280 0.316712 0.228018
v -0.036502 0.319264 0.228737
v 0.022893 0.311389 0.225575
v 0.014873 0.310583 0.225884
v 0.013767 0.309353 0.225328
v 0.021260 0.309579 0.224757
v 0.014873 0.310583 0.225884
v 0.006853 0.309777 0.226193
v 0.006274 0.309126 0.225899
v 0.013767 0.309353 0.225328
v 0.021260 0.309579 0.224757
v 0.013767 0.309353 0.225328
v 0.012423 0.308135 0.224801
v 0.019277 0.307788 0.223982
v 0.013767 0.309353 0.225328
v 0.006274 0.309126 0.225899
v 0.005569 0.308483 0.225620
v 0.012423 0.308135 0.224801
v 0.032552 0.314586 0.226444
v 0.024131 0.313199 0.226429
v 0.022893 0.311389 0.225575
v 0.030777 0.312321 0.225497
v 0.024131 0.313199 0.226429
v 0.015711 0.311813 0.226465
v 0.014873 0.310583 0.225884
v 0.022893 0.311389 0.225575
v 0.015711 0.311813 0.226465
v 0.007290 0.310427 0.226501
v 0.006853 0.309777 0.226193
v 0.014873 0.310583 0.225884
v 0.012423 0.308135 0.224801
v 0.005569 0.308483 0.225620
v 0.004753 0.307853 0.225358
v 0.010870 0.306943 0.224307
v 0.019277 0.307788 0.223982
v 0.012423 0.308135 0.224801
v 0.010870 0.306943 0.224307
v 0.016987 0.306034 0.223255
v 0.025649 0.307883 0.223443
v 0.019277 0.307788 0.223982
v 0.016987 0.306034 0.223255
v 0.022771 0.305430 0.222398
v 0.028333 0.310192 0.224431
v 0.021260 0.309579 0.224757
v 0.019277 0.307788 0.223982
v 0.025649 0.307883 0.223443
v 0.030777 0.312321 0.225497
v 0.022893 0.311389 0.225575
v 0.021260 0.309579 0.224757
v 0.028333 0.310192 0.224431
v 0.001660 0.299679 0.221271
v 0.000462 0.302624 0.222957
v -0.000067 0.302474 0.222913
v -0.000064 0.299419 0.221279
v 0.000462 0.302624 0.222957
v 0.000024 0.305600 0.224587
v -0.000069 0.305529 0.224547
v -0.000067 0.302474 0.222913
v -0.000064 0.299419 0.221279
v -0.000067 0.302474 0.222913
v -0.002371 0.302681 0.222811
v -0.003507 0.299726 0.221125
v -0.000067 0.302474 0.222913
v -0.000069 0.305529 0.224547
v -0.001234 0.305637 0.224497
v -0.002371 0.302681 0.222811
v 0.007550 0.297668 0.219651
v 0.005213 0.300387 0.221322
v 0.001660 0.299679 0.221271
v 0.002858 0.296734 0.219585
v 0.005213 0.300387 0.221322
v 0.002876 0.303105 0.222992
v 0.000462 0.302624 0.222957
v 0.001660 0.299679 0.221271
v 0.002876 0.303105 0.222992
v 0.000539 0.305824 0.224662
v 0.000024 0.305600 0.224587
v 0.000462 0.302624 0.222957
v -0.002371 0.302681 0.222811
v -0.001234 0.305637 0.224497
v -0.002512 0.305883 0.224511
v -0.004790 0.303147 0.222837
v -0.003507 0.299726 0.221125
v -0.002371 0.302681 0.222811
v -0.004790 0.303147 0.222837
v -0.007068 0.300411 0.221163
v -0.004644 0.296771 0.219439
v -0.003507 0.299726 0.221125
v -0.007068 0.300411 0.221163
v -0.009346 0.297676 0.219489
v -0.000061 0.296364 0.219645
v -0.000064 0.299419 0.221279
v -0.003507 0.299726 0.221125
v -0.004644 0.296771 0.219439
v 0.002858 0.296734 0.219585
v 0.001660 0.299679 0.221271
v -0.000064 0.299419 0.221279
v -0.000061 0.296364 0.219645
vn -0.0810 -0.4700 0.8789
vn -0.0810 -0.4701 0.8789
vn -0.0811 -0.4703 0.8788
vn -0.0811 -0.4704 0.8787
vn 0.0737 -0.4790 0.8747
vn 0.0801 -0.4815 0.8728
vn 0.0785 -0.4797 0.8739
vn 0.0765 -0.4760 0.8761
vn 0.0747 -0.4717 0.8786
vn 0.0736 -0.4681 0.8806
vn 0.0736 -0.4610 0.8843
vn 0.0742 -0.4599 0.8849
vn 0.0752 -0.4588 0.8854
vn 0.0767 -0.4579 0.8857
vn -0.0811 -0.4700 0.8789
vn -0.0811 -0.4700 0.8790
vn -0.0810 -0.4702 0.8788
vn -0.0811 -0.4702 0.8788
vn 0.0732 -0.4662 0.8817
vn 0.0731 -0.4646 0.8825
vn 0.0731 -0.4633 0.8832
vn 0.0733 -0.4620 0.8838
vn 0.0722 -0.4590 0.8855
vn -0.0264 -0.4681 0.8833
vn -0.0810 -0.4700 0.8790
vn 0.5638 0.8135 -0.1425
vn 0.5638 0.8136 -0.1424
vn 0.6398 0.7242 0.2573
vn 0.6399 0.7241 0.2574
vn 0.6398 0.7241 0.2573
vn 0.6444 0.7201 0.2575
vn 0.6405 0.7237 0.2569
vn 0.3929 0.8887 0.2364
vn 0.6161 0.7366 0.2789
vn 0.3652 0.8953 0.2552
vn 0.6429 0.7227 0.2536
vn 0.9579 -0.0240 0.2860
vn 0.5539 0.7929 0.2538
vn 0.0738 -0.9768 -0.2010
vn 0.6730 0.6400 0.3707
vn 0.4536 0.8150 0.3606
vn 0.8398 0.3091 0.4464
vn 0.7256 0.5249 0.4450
vn 0.6968 0.5621 0.4456
vn 0.4948 0.7356 0.4627
vn 0.5900 0.6419 0.4897
vn 0.4966 0.7228 0.4805
vn 0.4977 0.7222 0.4804
vn 0.4977 0.7221 0.4804
vn 0.4977 0.7222 0.4805
vn 0.6011 0.7554 0.2610
vn 0.4977 0.7221 0.4805
vn 0.6420 0.7193 0.2654
vn 0.3771 0.8698 0.3183
vn 0.4976 0.7222 0.4804
vn 0.3270 0.8904 0.3165
vn -0.0202 0.9686 0.2479
vn 0.6843 0.6283 0.3701
vn 0.1730 0.8997 0.4008
vn 0.5137 0.7076 0.4852
vn 0.2605 0.8749 0.4082
vn 0.7429 0.4999 0.4452
vn 0.5172 0.7164 0.4683
vn 0.6599 0.5845 0.4721
vn 0.4968 0.7225 0.4808
vn 0.4922 0.7259 0.4804
vn 0.5638 0.8135 -0.1427
vn 0.5637 0.8136 -0.1423
vn 0.5637 0.8136 -0.1424
vn 0.5638 0.8136 -0.1423
vn -0.0812 -0.4702 0.8788
vn -0.0811 -0.4701 0.8789
vn -0.0916 -0.4773 0.8740
vn -0.0811 -0.4701 0.8788
vn -0.0864 -0.4785 0.8738
vn -0.0864 -0.4786 0.8738
vn -0.0903 -0.4820 0.8715
vn -0.0903 -0.4819 0.8715
vn -0.0924 -0.4813 0.8717
vn 0.0789 -0.4684 0.8800
vn 0.0792 -0.4680 0.8802
vn 0.0775 -0.4687 0.8799
vn 0.0777 -0.4687 0.8800
vn 0.0778 -0.4686 0.8800
vn -0.0678 -0.4804 0.8744
vn 0.0812 -0.4702 0.8788
vn 0.0811 -0.4702 0.8788
vn 0.0675 -0.4809 0.8742
vn 0.0674 -0.4810 0.8741
vn 0.0793 -0.4679 0.8802
vn 0.0792 -0.4681 0.8801
vn 0.0730 -0.5124 0.8556
vn 0.0811 -0.4701 0.8789
vn 0.0765 -0.4601 0.8846
vn 0.0843 -0.5108 0.8556
vn 0.0843 -0.5107 0.8556
vn 0.0812 -0.4703 0.8788
vn 0.0812 -0.4700 0.8789
vn 0.0811 -0.4701 0.8788
vn -0.0806 -0.4701 0.8789
vn -0.0812 -0.4701 0.8788
vn -0.0885 -0.4730 0.8766
vn -0.0850 -0.4704 0.8784
vn -0.0848 -0.4705 0.8783
vn -0.0846 -0.4705 0.8783
vn -0.0848 -0.4704 0.8783
vn -0.0821 -0.4694 0.8792
vn -0.0822 -0.4694 0.8791
vn -0.0820 -0.4694 0.8792
vn -0.0829 -0.4738 0.8767
vn -0.0829 -0.4737 0.8768
vn -0.0651 -0.4993 0.8640
vn -0.0651 -0.4994 0.8640
vn -0.0651 -0.4994 0.8639
vn -0.0652 -0.4945 0.8667
vn -0.0652 -0.4946 0.8667
vn -0.0810 -0.5046 0.8595
vn 0.0666 -0.4442 0.8935
vn 0.0813 -0.4703 0.8787
vn 0.0813 -0.4701 0.8789
vn 0.0813 -0.4703 0.8788
vn 0.0813 -0.4704 0.8787
vn 0.0742 -0.4916 0.8676
vn 0.0742 -0.4916 0.8677
vn 0.0720 -0.4719 0.8787
vn 0.0719 -0.4719 0.8787
vn 0.0488 -0.4727 0.8799
vn 0.0808 -0.4700 0.8790
vn 0.0806 -0.4702 0.8789
vn 0.0805 -0.4702 0.8789
vn 0.0807 -0.4701 0.8789
vn 0.0767 -0.4710 0.8788
vn 0.0768 -0.4710 0.8788
vn 0.0769 -0.4709 0.8788
vt 0.000000 1.000000
vt 0.666667 1.000000
vt 0.333333 1.000000
vt 0.500000 1.000000
vt 0.833333 1.000000
vt 0.136842 1.000000
vt 0.115789 1.000000
vt 0.126316 1.000000
vt 0.105263 1.000000
vt 0.147368 1.000000
vt 0.094737 1.000000
vt 0.157895 1.000000
vt 0.084211 1.000000
vt 0.168421 1.000000
vt 0.073684 1.000000
vt 0.178947 1.000000
vt 0.063158 1.000000
vt 0.189474 1.000000
vt 0.884211 1.000000
vt 0.873684 1.000000
vt 0.894737 1.000000
vt 0.863158 1.000000
vt 0.905263 1.000000
vt 0.052632 1.000000
vt 0.200000 1.000000
vt 0.852632 1.000000
vt 0.915789 1.000000
vt 0.842105 1.000000
vt 0.926316 1.000000
vt 0.831579 1.000000
vt 0.936842 1.000000
vt 0.042105 1.000000
vt 0.210526 1.000000
vt 0.821053 1.000000
vt 0.947368 1.000000
vt 0.810526 1.000000
vt 0.957895 1.000000
vt 0.031579 1.000000
vt 0.221053 1.000000
vt 0.800000 1.000000
vt 0.968421 1.000000
vt 0.021053 1.000000
vt 0.231579 1.000000
vt 0.789474 1.000000
vt 0.978947 1.000000
vt 0.778947 1.000000
vt 0.989474 1.000000
vt 0.010526 1.000000
vt 0.242105 1.000000
vt 0.768421 1.000000
vt 1.000000 1.000000
vt 0.252632 1.000000
vt 0.757895 1.000000
vt 0.505263 1.000000
vt 0.263158 1.000000
vt 0.747368 1.000000
vt 0.515789 1.000000
vt 0.494737 1.000000
vt 0.736842 1.000000
vt 0.526316 1.000000
vt 0.484211 1.000000
vt 0.273684 1.000000
vt 0.726316 1.000000
vt 0.536842 1.000000
vt 0.473684 1.000000
vt 0.284211 1.000000
vt 0.715789 1.000000
vt 0.547368 1.000000
vt 0.705263 1.000000
vt 0.557895 1.000000
vt 0.463158 1.000000
vt 0.294737 1.000000
vt 0.694737 1.000000
vt 0.568421 1.000000
vt 0.452632 1.000000
vt 0.305263 1.000000
vt 0.684211 1.000000
vt 0.578947 1.000000
vt 0.673684 1.000000
vt 0.589474 1.000000
vt 0.315789 1.000000
vt 0.442105 1.000000
vt 0.663158 1.000000
vt 0.600000 1.000000
vt 0.652632 1.000000
vt 0.610526 1.000000
vt 0.642105 1.000000
vt 0.621053 1.000000
vt 0.326316 1.000000
vt 0.431579 1.000000
vt 0.631579 1.000000
vt 0.336842 1.000000
vt 0.421053 1.000000
vt 0.347368 1.000000
vt 0.410526 1.000000
vt 0.357895 1.000000
vt 0.400000 1.000000
vt 0.368421 1.000000
vt 0.389474 1.000000
vt 0.378947 1.000000
vt 0.166667 1.000000
s 0
usemtl Material.008
f 5125/20/1947 5126/20/1947 5127/20/1947
f 5128/20/1948 5129/20/1948 5130/20/1948
f 5131/20/1948 5132/20/1948 5133/20/1948
f 5134/20/1948 5135/20/1948 5136/20/1948
f 5137/20/1949 5138/20/1949 5139/20/1949
f 5140/20/1950 5141/20/1950 5142/20/1950
f 5143/20/1951 5144/20/1951 5145/20/1951
f 5146/20/1952 5147/20/1952 5148/20/1952
f 5149/20/1953 5150/20/1953 5151/20/1953
f 5152/20/1954 5153/20/1954 5154/20/1954
f 5155/20/1955 5156/20/1955 5157/20/1955
s 1
f 5158/20/1956 5159/20/1956 5160/20/1956
s 0
f 5161/20/1957 5162/20/1957 5163/20/1957
f 5164/20/1958 5165/20/1958 5166/20/1958
f 5167/20/1959 5168/20/1959 5169/20/1959
f 5170/20/1960 5171/20/1960 5172/20/1960
f 5173/20/1961 5174/20/1961 5175/20/1961
f 5176/20/1962 5177/20/1962 5178/20/1962
f 5179/20/1961 5180/20/1961 5181/20/1961
f 5182/20/1947 5183/20/1947 5184/20/1947
f 5185/20/1963 5186/20/1963 5187/20/1963
f 5188/20/1963 5189/20/1963 5190/20/1963
f 5191/20/1964 5192/20/1964 5193/20/1964
f 5194/20/1949 5195/20/1949 5196/20/1949
f 5197/20/1965 5198/20/1965 5199/20/1965
f 5200/20/1966 5201/20/1966 5202/20/1966
s 1
f 5203/20/1967 5204/20/1967 5205/20/1967
s 0
f 5206/20/1968 5207/20/1968 5208/20/1968
f 5209/20/1969 5210/20/1969 5211/20/1969
s 1
f 5212/20/1970 5213/20/1970 5214/20/1970
s 0
f 5215/20/1971 5216/20/1971 5217/20/1971
f 5218/20/1962 5219/20/1962 5220/20/1962
f 5221/21/1972 5222/22/1972 5223/23/1972
f 5224/21/1973 5225/24/1973 5226/22/1973
f 5227/25/1974 5228/26/1974 5229/27/1974
f 5230/25/1975 5231/28/1975 5232/26/1975
f 5233/29/1974 5234/28/1974 5235/25/1974
f 5236/29/1976 5237/30/1976 5238/28/1976
f 5239/31/1974 5240/30/1974 5241/29/1974
f 5242/31/1977 5243/32/1977 5244/30/1977
f 5245/33/1978 5246/32/1978 5247/31/1978
f 5248/33/1979 5249/34/1979 5250/32/1979
f 5251/35/1980 5252/34/1980 5253/33/1980
f 5254/35/1981 5255/36/1981 5256/34/1981
f 5257/37/1982 5258/38/1982 5259/35/1982
f 5260/38/1983 5261/36/1983 5262/35/1983
f 5263/37/1984 5264/39/1984 5265/38/1984
f 5266/40/1985 5267/36/1985 5268/38/1985
f 5269/37/1974 5270/41/1974 5271/39/1974
f 5272/42/1986 5273/36/1986 5274/40/1986
f 5275/42/1987 5276/43/1987 5277/36/1987
f 5278/44/1974 5279/41/1974 5280/37/1974
f 5281/44/1974 5282/45/1974 5283/41/1974
f 5284/46/1988 5285/43/1988 5286/42/1988
f 5287/44/1974 5288/47/1974 5289/45/1974
f 5290/48/1989 5291/43/1989 5292/46/1989
f 5293/44/1974 5294/49/1974 5295/47/1974
f 5296/50/1990 5297/43/1990 5298/48/1990
f 5299/50/1991 5300/51/1991 5301/43/1991
f 5302/52/1974 5303/49/1974 5304/44/1974
f 5305/52/1974 5306/53/1974 5307/49/1974
f 5308/54/1992 5309/51/1992 5310/50/1992
f 5311/52/1974 5312/55/1974 5313/53/1974
f 5314/56/1993 5315/51/1993 5316/54/1993
f 5317/56/1994 5318/57/1994 5319/51/1994
f 5320/58/1974 5321/55/1974 5322/52/1974
f 5323/58/1974 5324/59/1974 5325/55/1974
f 5326/60/1994 5327/57/1994 5328/56/1994
f 5329/60/1994 5330/61/1994 5331/57/1994
f 5332/62/1974 5333/59/1974 5334/58/1974
f 5335/62/1974 5336/63/1974 5337/59/1974
f 5338/64/1994 5339/61/1994 5340/60/1994
f 5341/62/1974 5342/65/1974 5343/63/1974
f 5344/66/1994 5345/61/1994 5346/64/1994
f 5347/66/1994 5348/67/1994 5349/61/1994
f 5350/68/1974 5351/65/1974 5352/62/1974
f 5353/68/1974 5354/69/1974 5355/65/1974
f 5356/70/1994 5357/67/1994 5358/66/1994
f 5359/70/1994 5360/20/1994 5361/67/1994
f 5362/71/1974 5363/69/1974 5364/68/1974
f 5365/71/1974 5366/72/1974 5367/69/1974
f 5368/73/1995 5369/20/1995 5370/70/1995
f 5371/74/1974 5372/72/1974 5373/71/1974
f 5374/74/1974 5375/75/1974 5376/72/1974
f 5377/76/1995 5378/20/1995 5379/73/1995
f 5380/76/1994 5381/77/1994 5382/20/1994
f 5383/74/1974 5384/78/1974 5385/75/1974
f 5386/79/1994 5387/77/1994 5388/76/1994
f 5389/79/1994 5390/80/1994 5391/77/1994
f 5392/81/1974 5393/78/1974 5394/74/1974
f 5395/81/1974 5396/82/1974 5397/78/1974
f 5398/83/1994 5399/80/1994 5400/79/1994
f 5401/83/1994 5402/84/1994 5403/80/1994
f 5404/85/1974 5405/82/1974 5406/81/1974
f 5407/85/1974 5408/86/1974 5409/82/1974
f 5410/87/1995 5411/84/1995 5412/83/1995
f 5413/85/1974 5414/88/1974 5415/86/1974
f 5416/89/1994 5417/84/1994 5418/87/1994
f 5419/89/1995 5420/90/1995 5421/84/1995
f 5422/91/1974 5423/88/1974 5424/85/1974
f 5425/91/1974 5426/92/1974 5427/88/1974
f 5428/93/1994 5429/90/1994 5430/89/1994
f 5431/93/1994 5432/94/1994 5433/90/1994
f 5434/95/1974 5435/92/1974 5436/91/1974
f 5437/95/1974 5438/96/1974 5439/92/1974
f 5440/97/1996 5441/94/1996 5442/93/1996
f 5443/95/1997 5444/98/1997 5445/96/1997
f 5446/99/1998 5447/94/1998 5448/97/1998
f 5449/100/1999 5450/98/1999 5451/95/1999
f 5452/99/1994 5453/101/1994 5454/94/1994
f 5455/100/2000 5456/102/2000 5457/98/2000
f 5458/103/2001 5459/101/2001 5460/99/2001
f 5461/100/2002 5462/104/2002 5463/102/2002
f 5464/105/1995 5465/101/1995 5466/103/1995
f 5467/100/2003 5468/106/2003 5469/104/2003
f 5470/107/1995 5471/101/1995 5472/105/1995
f 5473/108/2004 5474/106/2004 5475/100/2004
f 5476/107/1995 5477/109/1995 5478/101/1995
f 5479/108/2005 5480/110/2005 5481/106/2005
f 5482/110/2006 5483/109/2006 5484/107/2006
f 5485/108/2007 5486/109/2007 5487/110/2007
f 5488/111/2008 5489/109/2008 5490/108/2008
f 5491/111/2009 5492/112/2009 5493/109/2009
f 5494/113/2010 5495/112/2010 5496/111/2010
f 5497/113/2011 5498/114/2011 5499/112/2011
f 5500/115/2012 5501/114/2012 5502/113/2012
f 5503/115/1994 5504/116/1994 5505/114/1994
f 5506/117/1998 5507/116/1998 5508/115/1998
f 5509/117/2001 5510/118/2001 5511/116/2001
f 5512/119/1998 5513/118/1998 5514/117/1998
f 5515/22/2013 5516/23/2013 5517/20/2013
f 5518/22/2013 5519/24/2013 5520/23/2013
f 5521/24/2014 5522/70/2014 5523/23/2014
f 5524/23/2014 5525/120/2014 5526/22/2014
f 5527/23/2015 5528/22/2015 5529/120/2015
f 5530/22/2016 5531/20/2016 5532/120/2016
f 5533/20/2017 5534/20/2017 5535/20/2017
f 5533/20/1964 5535/20/1964 5536/20/1964
f 5537/20/1964 5538/20/1964 5539/20/1964
f 5537/20/2018 5539/20/2018 5540/20/2018
f 5541/20/1964 5542/20/1964 5543/20/1964
f 5541/20/1964 5543/20/1964 5544/20/1964
f 5545/20/2017 5546/20/2017 5547/20/2017
f 5545/20/1964 5547/20/1964 5548/20/1964
s 1
f 5549/20/2019 5550/20/2019 5551/20/2019
f 5549/20/2019 5551/20/2019 5552/20/2019
s 0
f 5553/20/1964 5554/20/1964 5555/20/1964
f 5553/20/2017 5555/20/2017 5556/20/2017
f 5557/20/1964 5558/20/1964 5559/20/1964
f 5557/20/2020 5559/20/2020 5560/20/2020
f 5561/20/2018 5562/20/2018 5563/20/2018
f 5561/20/1964 5563/20/1964 5564/20/1964
f 5565/20/2017 5566/20/2017 5567/20/2017
f 5565/20/1964 5567/20/1964 5568/20/1964
s 1
f 5569/20/2021 5570/20/2022 5571/20/2021
f 5569/20/2021 5571/20/2021 5572/20/2021
f 5573/20/2023 5574/20/2024 5575/20/2023
f 5573/20/2023 5575/20/2023 5576/20/2023
f 5577/20/2025 5578/20/2025 5579/20/2025
f 5577/20/2025 5579/20/2025 5580/20/2025
s 0
f 5581/20/1964 5582/20/1964 5583/20/1964
f 5581/20/1964 5583/20/1964 5584/20/1964
f 5585/20/1964 5586/20/1964 5587/20/1964
f 5585/20/1964 5587/20/1964 5588/20/1964
f 5589/20/2026 5590/20/2026 5591/20/2026
f 5589/20/2027 5591/20/2027 5592/20/2027
s 1
f 5593/20/2028 5594/20/2029 5595/20/2029
f 5593/20/2028 5595/20/2029 5596/20/2030
f 5597/20/2031 5598/20/2031 5599/20/2031
f 5597/20/2031 5599/20/2031 5600/20/2031
s 0
f 5601/20/1964 5602/20/1964 5603/20/1964
f 5601/20/2017 5603/20/2017 5604/20/2017
f 5605/20/2017 5606/20/2017 5607/20/2017
f 5605/20/1964 5607/20/1964 5608/20/1964
f 5609/20/2032 5610/20/2032 5611/20/2032
f 5609/20/2033 5611/20/2033 5612/20/2033
f 5613/20/2033 5614/20/2033 5615/20/2033
f 5613/20/2033 5615/20/2033 5616/20/2033
s 1
f 5617/20/2034 5618/20/2034 5619/20/2035
f 5617/20/2034 5619/20/2035 5620/20/2034
s 0
f 5621/20/2036 5622/20/2036 5623/20/2036
f 5621/20/2037 5623/20/2037 5624/20/2037
f 5625/20/2017 5626/20/2017 5627/20/2017
f 5625/20/1964 5627/20/1964 5628/20/1964
f 5629/20/2033 5630/20/2033 5631/20/2033
f 5629/20/2033 5631/20/2033 5632/20/2033
f 5633/20/2032 5634/20/2032 5635/20/2032
f 5633/20/2033 5635/20/2033 5636/20/2033
f 5637/20/2032 5638/20/2032 5639/20/2032
f 5637/20/2033 5639/20/2033 5640/20/2033
f 5641/20/2032 5642/20/2032 5643/20/2032
f 5641/20/2033 5643/20/2033 5644/20/2033
s 1
f 5645/20/2038 5646/20/2038 5647/20/2038
f 5645/20/2038 5647/20/2038 5648/20/2038
s 0
f 5649/20/2033 5650/20/2033 5651/20/2033
s 1
f 5649/20/2033 5651/20/2033 5652/20/2033
s 0
f 5653/20/2033 5654/20/2033 5655/20/2033
s 1
f 5653/20/2033 5655/20/2033 5656/20/2033
s 0
f 5657/20/2039 5658/20/2039 5659/20/2039
f 5657/20/2039 5659/20/2039 5660/20/2039
f 5661/20/2039 5662/20/2039 5663/20/2039
f 5661/20/2032 5663/20/2032 5664/20/2032
s 1
f 5665/20/2040 5666/20/2040 5667/20/2040
f 5665/20/2040 5667/20/2040 5668/20/2040
s 0
f 5669/20/2033 5670/20/2033 5671/20/2033
f 5669/20/2032 5671/20/2032 5672/20/2032
s 1
f 5673/20/2041 5674/20/2042 5675/20/2041
f 5673/20/2041 5675/20/2041 5676/20/2041
s 0
f 5677/20/2033 5678/20/2033 5679/20/2033
f 5677/20/2033 5679/20/2033 5680/20/2033
f 5681/20/2039 5682/20/2039 5683/20/2039
f 5681/20/2032 5683/20/2032 5684/20/2032
f 5685/20/2032 5686/20/2032 5687/20/2032
f 5685/20/2033 5687/20/2033 5688/20/2033
f 5689/20/2033 5690/20/2033 5691/20/2033
s 1
f 5689/20/2032 5691/20/2032 5692/20/2032
s 0
f 5693/20/2043 5694/20/2043 5695/20/2043
f 5693/20/2044 5695/20/2044 5696/20/2044
f 5697/20/2033 5698/20/2033 5699/20/2033
f 5697/20/2033 5699/20/2033 5700/20/2033
f 5701/20/2032 5702/20/2032 5703/20/2032
f 5701/20/2045 5703/20/2045 5704/20/2045
f 5705/20/2033 5706/20/2033 5707/20/2033
f 5705/20/2033 5707/20/2033 5708/20/2033
f 5709/20/2032 5710/20/2032 5711/20/2032
f 5709/20/2033 5711/20/2033 5712/20/2033
f 5713/20/2033 5714/20/2033 5715/20/2033
f 5713/20/2033 5715/20/2033 5716/20/2033
f 5717/20/2032 5718/20/2032 5719/20/2032
f 5717/20/2045 5719/20/2045 5720/20/2045
f 5721/20/2033 5722/20/2033 5723/20/2033
f 5721/20/2033 5723/20/2033 5724/20/2033
f 5725/20/2018 5726/20/2018 5727/20/2018
f 5725/20/1964 5727/20/1964 5728/20/1964
f 5729/20/1964 5730/20/1964 5731/20/1964
f 5729/20/2017 5731/20/2017 5732/20/2017
f 5733/20/2020 5734/20/2020 5735/20/2020
f 5733/20/1964 5735/20/1964 5736/20/1964
f 5737/20/2017 5738/20/2017 5739/20/2017
f 5737/20/2017 5739/20/2017 5740/20/2017
f 5741/20/1964 5742/20/1964 5743/20/1964
f 5741/20/2046 5743/20/2046 5744/20/2046
f 5745/20/1964 5746/20/1964 5747/20/1964
f 5745/20/1964 5747/20/1964 5748/20/1964
f 5749/20/2047 5750/20/2047 5751/20/2047
f 5749/20/2017 5751/20/2017 5752/20/2017
f 5753/20/2018 5754/20/2018 5755/20/2018
f 5753/20/1964 5755/20/1964 5756/20/1964
f 5757/20/1964 5758/20/1964 5759/20/1964
f 5757/20/1964 5759/20/1964 5760/20/1964
s 1
f 5761/20/2048 5762/20/2048 5763/20/2048
f 5761/20/2048 5763/20/2048 5764/20/2048
f 5765/20/2049 5766/20/2050 5767/20/2051
f 5765/20/2049 5767/20/2051 5768/20/2052
f 5769/20/2053 5770/20/2054 5771/20/2054
f 5769/20/2053 5771/20/2054 5772/20/2055
s 0
f 5773/20/1964 5774/20/1964 5775/20/1964
f 5773/20/1964 5775/20/1964 5776/20/1964
f 5777/20/2047 5778/20/2047 5779/20/2047
f 5777/20/1964 5779/20/1964 5780/20/1964
f 5781/20/1964 5782/20/1964 5783/20/1964
f 5781/20/1964 5783/20/1964 5784/20/1964
f 5785/20/1964 5786/20/1964 5787/20/1964
f 5785/20/2018 5787/20/2018 5788/20/2018
s 1
f 5789/20/2056 5790/20/2057 5791/20/2057
f 5789/20/2056 5791/20/2057 5792/20/2056
s 0
f 5793/20/1964 5794/20/1964 5795/20/1964
f 5793/20/2020 5795/20/2020 5796/20/2020
f 5797/20/2017 5798/20/2017 5799/20/2017
f 5797/20/1964 5799/20/1964 5800/20/1964
f 5801/20/2017 5802/20/2017 5803/20/2017
f 5801/20/1964 5803/20/1964 5804/20/1964
f 5805/20/1964 5806/20/1964 5807/20/1964
f 5805/20/1964 5807/20/1964 5808/20/1964
s 1
f 5809/20/2058 5810/20/2059 5811/20/2058
f 5809/20/2058 5811/20/2058 5812/20/2060
f 5813/20/2061 5814/20/2061 5815/20/2061
f 5813/20/2061 5815/20/2061 5816/20/2062
f 5817/20/2063 5818/20/2063 5819/20/2063
f 5817/20/2063 5819/20/2063 5820/20/2063
s 0
f 5821/20/2033 5822/20/2033 5823/20/2033
f 5821/20/2032 5823/20/2032 5824/20/2032
f 5825/20/2032 5826/20/2032 5827/20/2032
f 5825/20/2033 5827/20/2033 5828/20/2033
f 5829/20/2033 5830/20/2033 5831/20/2033
f 5829/20/2033 5831/20/2033 5832/20/2033
f 5833/20/2039 5834/20/2039 5835/20/2039
f 5833/20/2033 5835/20/2033 5836/20/2033
s 1
f 5837/20/2064 5838/20/2064 5839/20/2064
f 5837/20/2064 5839/20/2064 5840/20/2064
s 0
f 5841/20/2033 5842/20/2033 5843/20/2033
f 5841/20/2032 5843/20/2032 5844/20/2032
f 5845/20/2032 5846/20/2032 5847/20/2032
s 1
f 5845/20/2033 5847/20/2033 5848/20/2033
s 0
f 5849/20/2032 5850/20/2032 5851/20/2032
f 5849/20/2039 5851/20/2039 5852/20/2039
f 5853/20/2039 5854/20/2039 5855/20/2039
f 5853/20/2033 5855/20/2033 5856/20/2033
f 5857/20/2065 5858/20/2065 5859/20/2065
f 5857/20/2066 5859/20/2066 5860/20/2066
f 5861/20/2067 5862/20/2067 5863/20/2067
f 5861/20/2068 5863/20/2068 5864/20/2068
s 1
f 5865/20/2069 5866/20/2070 5867/20/2070
f 5865/20/2069 5867/20/2070 5868/20/2069
f 5869/20/2071 5870/20/2072 5871/20/2072
f 5869/20/2071 5871/20/2072 5872/20/2071
f 5873/20/2073 5874/20/2073 5875/20/2073
f 5873/20/2073 5875/20/2073 5876/20/2073
s 0
f 5877/20/1964 5878/20/1964 5879/20/1964
f 5877/20/1964 5879/20/1964 5880/20/1964
f 5881/20/1964 5882/20/1964 5883/20/1964
f 5881/20/1964 5883/20/1964 5884/20/1964
f 5885/20/2032 5886/20/2032 5887/20/2032
s 1
f 5885/20/2045 5887/20/2045 5888/20/2045
f 5889/20/2033 5890/20/2033 5891/20/2033
s 0
f 5889/20/2033 5891/20/2033 5892/20/2033
s 1
f 5893/20/2074 5894/20/2075 5895/20/2076
f 5893/20/2074 5895/20/2076 5896/20/2077
s 0
f 5897/20/1964 5898/20/1964 5899/20/1964
f 5897/20/1964 5899/20/1964 5900/20/1964
f 5901/20/1964 5902/20/1964 5903/20/1964
f 5901/20/2017 5903/20/2017 5904/20/2017
f 5905/20/2017 5906/20/2017 5907/20/2017
f 5905/20/1964 5907/20/1964 5908/20/1964
f 5909/20/1964 5910/20/1964 5911/20/1964
f 5909/20/1964 5911/20/1964 5912/20/1964
s 1
f 5913/20/2078 5914/20/2079 5915/20/2079
f 5913/20/2078 5915/20/2079 5916/20/2080
o Circle_Material.012_0
v 0.122039 0.342397 0.199075
v 0.127202 0.341556 0.193160
v 0.127068 0.345723 0.195085
v 0.123964 0.347501 0.199186
v 0.132300 0.342726 0.188173
v 0.130052 0.347696 0.192717
v 0.127068 0.345723 0.195085
v 0.127202 0.341556 0.193160
v 0.126772 0.354948 0.199347
v 0.123964 0.347501 0.199186
v 0.127068 0.345723 0.195085
v 0.130052 0.347696 0.192717
v 0.114220 0.359681 0.214878
v 0.113380 0.354518 0.213575
v 0.117546 0.354652 0.209148
v 0.119325 0.357757 0.208562
v 0.114550 0.349420 0.210137
v 0.119520 0.351668 0.205749
v 0.117546 0.354652 0.209148
v 0.113380 0.354518 0.213575
v 0.126772 0.354948 0.199347
v 0.119325 0.357757 0.208562
v 0.117546 0.354652 0.209148
v 0.119520 0.351668 0.205749
v 0.131505 0.367500 0.199619
v 0.126342 0.368340 0.205534
v 0.126476 0.364174 0.203609
v 0.129580 0.362395 0.199508
v 0.121243 0.367170 0.210521
v 0.123492 0.362200 0.205977
v 0.126476 0.364174 0.203609
v 0.126342 0.368340 0.205534
v 0.126772 0.354948 0.199347
v 0.129580 0.362395 0.199508
v 0.126476 0.364174 0.203609
v 0.123492 0.362200 0.205977
v 0.138994 0.360477 0.188558
v 0.135937 0.364722 0.193662
v 0.133086 0.361681 0.195431
v 0.134023 0.358228 0.192946
v 0.131505 0.367500 0.199619
v 0.129580 0.362395 0.199508
v 0.133086 0.361681 0.195431
v 0.135937 0.364722 0.193662
v 0.126772 0.354948 0.199347
v 0.134023 0.358228 0.192946
v 0.133086 0.361681 0.195431
v 0.129580 0.362395 0.199508
v 0.132300 0.342726 0.188173
v 0.136545 0.345782 0.184911
v 0.133505 0.348634 0.189403
v 0.130052 0.347696 0.192717
v 0.139324 0.350215 0.183816
v 0.134219 0.352140 0.190133
v 0.133505 0.348634 0.189403
v 0.136545 0.345782 0.184911
v 0.126772 0.354948 0.199347
v 0.130052 0.347696 0.192717
v 0.133505 0.348634 0.189403
v 0.134219 0.352140 0.190133
v 0.114550 0.349420 0.210137
v 0.117606 0.345175 0.205033
v 0.120458 0.348215 0.203264
v 0.119520 0.351668 0.205749
v 0.122039 0.342397 0.199075
v 0.123964 0.347501 0.199186
v 0.120458 0.348215 0.203264
v 0.117606 0.345175 0.205033
v 0.126772 0.354948 0.199347
v 0.119520 0.351668 0.205749
v 0.120458 0.348215 0.203264
v 0.123964 0.347501 0.199186
v 0.121243 0.367170 0.210521
v 0.116998 0.364114 0.213783
v 0.120039 0.361262 0.209292
v 0.123492 0.362200 0.205977
v 0.114220 0.359681 0.214878
v 0.119325 0.357757 0.208562
v 0.120039 0.361262 0.209292
v 0.116998 0.364114 0.213783
v 0.126772 0.354948 0.199347
v 0.123492 0.362200 0.205977
v 0.120039 0.361262 0.209292
v 0.119325 0.357757 0.208562
v 0.139324 0.350215 0.183816
v 0.140164 0.355378 0.185119
v 0.135997 0.355245 0.189546
v 0.134219 0.352140 0.190133
v 0.138994 0.360477 0.188558
v 0.134023 0.358228 0.192946
v 0.135997 0.355245 0.189546
v 0.140164 0.355378 0.185119
v 0.126772 0.354948 0.199347
v 0.134219 0.352140 0.190133
v 0.135997 0.355245 0.189546
v 0.134023 0.358228 0.192946
v -0.122039 0.342397 0.199075
v -0.123964 0.347501 0.199186
v -0.127068 0.345723 0.195085
v -0.127202 0.341556 0.193160
v -0.132300 0.342726 0.188173
v -0.127202 0.341556 0.193160
v -0.127068 0.345723 0.195085
v -0.130052 0.347696 0.192717
v -0.126772 0.354948 0.199347
v -0.130052 0.347696 0.192717
v -0.127068 0.345723 0.195085
v -0.123964 0.347501 0.199186
v -0.114220 0.359681 0.214878
v -0.119325 0.357757 0.208562
v -0.117546 0.354652 0.209148
v -0.113380 0.354518 0.213575
v -0.114550 0.349420 0.210137
v -0.113380 0.354518 0.213575
v -0.117546 0.354652 0.209148
v -0.119520 0.351668 0.205749
v -0.126772 0.354948 0.199347
v -0.119520 0.351668 0.205749
v -0.117546 0.354652 0.209148
v -0.119325 0.357757 0.208562
v -0.131505 0.367500 0.199619
v -0.129580 0.362395 0.199508
v -0.126476 0.364174 0.203609
v -0.126342 0.368340 0.205534
v -0.121243 0.367170 0.210521
v -0.126342 0.368340 0.205534
v -0.126476 0.364174 0.203609
v -0.123492 0.362200 0.205977
v -0.126772 0.354948 0.199347
v -0.123492 0.362200 0.205977
v -0.126476 0.364174 0.203609
v -0.129580 0.362395 0.199508
v -0.138994 0.360477 0.188558
v -0.134023 0.358228 0.192946
v -0.133086 0.361681 0.195431
v -0.135937 0.364722 0.193662
v -0.131505 0.367500 0.199619
v -0.135937 0.364722 0.193662
v -0.133086 0.361681 0.195431
v -0.129580 0.362395 0.199508
v -0.126772 0.354948 0.199347
v -0.129580 0.362395 0.199508
v -0.133086 0.361681 0.195431
v -0.134023 0.358228 0.192946
v -0.132300 0.342726 0.188173
v -0.130052 0.347696 0.192717
v -0.133505 0.348634 0.189403
v -0.136545 0.345782 0.184911
v -0.139324 0.350215 0.183816
v -0.136545 0.345782 0.184911
v -0.133505 0.348634 0.189403
v -0.134219 0.352140 0.190133
v -0.126772 0.354948 0.199347
v -0.134219 0.352140 0.190133
v -0.133505 0.348634 0.189403
v -0.130052 0.347696 0.192717
v -0.114550 0.349420 0.210137
v -0.119520 0.351668 0.205749
v -0.120458 0.348215 0.203264
v -0.117606 0.345175 0.205033
v -0.122039 0.342397 0.199075
v -0.117606 0.345175 0.205033
v -0.120458 0.348215 0.203264
v -0.123964 0.347501 0.199186
v -0.126772 0.354948 0.199347
v -0.123964 0.347501 0.199186
v -0.120458 0.348215 0.203264
v -0.119520 0.351668 0.205749
v -0.121243 0.367170 0.210521
v -0.123492 0.362200 0.205977
v -0.120039 0.361262 0.209292
v -0.116998 0.364114 0.213783
v -0.114220 0.359681 0.214878
v -0.116998 0.364114 0.213783
v -0.120039 0.361262 0.209292
v -0.119325 0.357757 0.208562
v -0.126772 0.354948 0.199347
v -0.119325 0.357757 0.208562
v -0.120039 0.361262 0.209292
v -0.123492 0.362200 0.205977
v -0.139324 0.350215 0.183816
v -0.134219 0.352140 0.190133
v -0.135997 0.355245 0.189546
v -0.140164 0.355378 0.185119
v -0.138994 0.360477 0.188558
v -0.140164 0.355378 0.185119
v -0.135997 0.355245 0.189546
v -0.134023 0.358228 0.192946
v -0.126772 0.354948 0.199347
v -0.134023 0.358228 0.192946
v -0.135997 0.355245 0.189546
v -0.134219 0.352140 0.190133
vn 0.7034 -0.2794 0.6536
vn -0.7034 -0.2794 0.6536
vt 0.000000 1.000000
s 0
usemtl Material.012
f 5917/121/2081 5918/121/2081 5919/121/2081
f 5917/121/2081 5919/121/2081 5920/121/2081
f 5921/121/2081 5922/121/2081 5923/121/2081
f 5921/121/2081 5923/121/2081 5924/121/2081
f 5925/121/2081 5926/121/2081 5927/121/2081
f 5925/121/2081 5927/121/2081 5928/121/2081
f 5929/121/2081 5930/121/2081 5931/121/2081
f 5929/121/2081 5931/121/2081 5932/121/2081
f 5933/121/2081 5934/121/2081 5935/121/2081
f 5933/121/2081 5935/121/2081 5936/121/2081
f 5937/121/2081 5938/121/2081 5939/121/2081
f 5937/121/2081 5939/121/2081 5940/121/2081
f 5941/121/2081 5942/121/2081 5943/121/2081
f 5941/121/2081 5943/121/2081 5944/121/2081
f 5945/121/2081 5946/121/2081 5947/121/2081
f 5945/121/2081 5947/121/2081 5948/121/2081
f 5949/121/2081 5950/121/2081 5951/121/2081
f 5949/121/2081 5951/121/2081 5952/121/2081
f 5953/121/2081 5954/121/2081 5955/121/2081
f 5953/121/2081 5955/121/2081 5956/121/2081
f 5957/121/2081 5958/121/2081 5959/121/2081
f 5957/121/2081 5959/121/2081 5960/121/2081
f 5961/121/2081 5962/121/2081 5963/121/2081
f 5961/121/2081 5963/121/2081 5964/121/2081
f 5965/121/2081 5966/121/2081 5967/121/2081
f 5965/121/2081 5967/121/2081 5968/121/2081
f 5969/121/2081 5970/121/2081 5971/121/2081
f 5969/121/2081 5971/121/2081 5972/121/2081
f 5973/121/2081 5974/121/2081 5975/121/2081
f 5973/121/2081 5975/121/2081 5976/121/2081
f 5977/121/2081 5978/121/2081 5979/121/2081
f 5977/121/2081 5979/121/2081 5980/121/2081
f 5981/121/2081 5982/121/2081 5983/121/2081
f 5981/121/2081 5983/121/2081 5984/121/2081
f 5985/121/2081 5986/121/2081 5987/121/2081
f 5985/121/2081 5987/121/2081 5988/121/2081
f 5989/121/2081 5990/121/2081 5991/121/2081
f 5989/121/2081 5991/121/2081 5992/121/2081
f 5993/121/2081 5994/121/2081 5995/121/2081
f 5993/121/2081 5995/121/2081 5996/121/2081
f 5997/121/2081 5998/121/2081 5999/121/2081
f 5997/121/2081 5999/121/2081 6000/121/2081
f 6001/121/2081 6002/121/2081 6003/121/2081
f 6001/121/2081 6003/121/2081 6004/121/2081
f 6005/121/2081 6006/121/2081 6007/121/2081
f 6005/121/2081 6007/121/2081 6008/121/2081
f 6009/121/2081 6010/121/2081 6011/121/2081
f 6009/121/2081 6011/121/2081 6012/121/2081
f 6013/121/2082 6014/121/2082 6015/121/2082
f 6013/121/2082 6015/121/2082 6016/121/2082
f 6017/121/2082 6018/121/2082 6019/121/2082
f 6017/121/2082 6019/121/2082 6020/121/2082
f 6021/121/2082 6022/121/2082 6023/121/2082
f 6021/121/2082 6023/121/2082 6024/121/2082
f 6025/121/2082 6026/121/2082 6027/121/2082
f 6025/121/2082 6027/121/2082 6028/121/2082
f 6029/121/2082 6030/121/2082 6031/121/2082
f 6029/121/2082 6031/121/2082 6032/121/2082
f 6033/121/2082 6034/121/2082 6035/121/2082
f 6033/121/2082 6035/121/2082 6036/121/2082
f 6037/121/2082 6038/121/2082 6039/121/2082
f 6037/121/2082 6039/121/2082 6040/121/2082
f 6041/121/2082 6042/121/2082 6043/121/2082
f 6041/121/2082 6043/121/2082 6044/121/2082
f 6045/121/2082 6046/121/2082 6047/121/2082
f 6045/121/2082 6047/121/2082 6048/121/2082
f 6049/121/2082 6050/121/2082 6051/121/2082
f 6049/121/2082 6051/121/2082 6052/121/2082
f 6053/121/2082 6054/121/2082 6055/121/2082
f 6053/121/2082 6055/121/2082 6056/121/2082
f 6057/121/2082 6058/121/2082 6059/121/2082
f 6057/121/2082 6059/121/2082 6060/121/2082
f 6061/121/2082 6062/121/2082 6063/121/2082
f 6061/121/2082 6063/121/2082 6064/121/2082
f 6065/121/2082 6066/121/2082 6067/121/2082
f 6065/121/2082 6067/121/2082 6068/121/2082
f 6069/121/2082 6070/121/2082 6071/121/2082
f 6069/121/2082 6071/121/2082 6072/121/2082
f 6073/121/2082 6074/121/2082 6075/121/2082
f 6073/121/2082 6075/121/2082 6076/121/2082
f 6077/121/2082 6078/121/2082 6079/121/2082
f 6077/121/2082 6079/121/2082 6080/121/2082
f 6081/121/2082 6082/121/2082 6083/121/2082
f 6081/121/2082 6083/121/2082 6084/121/2082
f 6085/121/2082 6086/121/2082 6087/121/2082
f 6085/121/2082 6087/121/2082 6088/121/2082
f 6089/121/2082 6090/121/2082 6091/121/2082
f 6089/121/2082 6091/121/2082 6092/121/2082
f 6093/121/2082 6094/121/2082 6095/121/2082
f 6093/121/2082 6095/121/2082 6096/121/2082
f 6097/121/2082 6098/121/2082 6099/121/2082
f 6097/121/2082 6099/121/2082 6100/121/2082
f 6101/121/2082 6102/121/2082 6103/121/2082
f 6101/121/2082 6103/121/2082 6104/121/2082
f 6105/121/2082 6106/121/2082 6107/121/2082
f 6105/121/2082 6107/121/2082 6108/121/2082
